schema:award,schema:countryOfOrigin,schema:sourceOrganization,schema:coursePrerequisites,schema:citation,schema:courseCode,schema:copyrightNotice,schema:discussionUrl,schema:license,schema:associatedMedia,schema:additionalType,schema:availableLanguage,schema:mainEntityOfPage,schema:accessibilitySummary,schema:educationalCredentialAwarded,schema:awards,schema:fileFormat,schema:totalHistoricalEnrollment,schema:acquireLicensePage,schema:name,schema:contentReferenceTime,schema:text,schema:financialAidEligible,dcterms:identifier,schema:position,schema:creator,schema:creditText,schema:teaches,schema:schemaVersion,schema:maintainer,schema:encoding,schema:isBasedOnUrl,schema:owner,schema:pattern,schema:video,schema:audio,schema:dateCreated,schema:publication,schema:translator,schema:learningResourceType,schema:sdPublisher,schema:offers,schema:material,schema:funder,schema:thumbnail,schema:contentLocation,schema:about,schema:contributor,schema:workTranslation,schema:comment,schema:headline,schema:spatial,schema:sdLicense,schema:copyrightYear,schema:numberOfCredits,schema:educationalLevel,schema:creativeWorkStatus,schema:sponsor,schema:author,schema:translationOfWork,schema:commentCount,schema:audience,schema:datePublished,schema:temporalCoverage,schema:mainEntity,schema:subjectOf,schema:materialExtent,schema:releasedEvent,schema:timeRequired,schema:inLanguage,schema:assesses,schema:temporal,schema:encodingFormat,schema:hasCourseInstance,schema:producer,schema:editEIDR,schema:character,schema:alternativeHeadline,schema:mentions,schema:syllabusSections,schema:publisher,schema:conditionsOfAccess,schema:educationalAlignment,schema:educationalUse,schema:interpretedAsClaim,schema:accessModeSufficient,schema:digitalSourceType,schema:version,schema:priceCurrency,schema:contentRating,schema:genre,schema:recordedAt,schema:url,schema:isBasedOn,schema:accessibilityAPI,schema:archivedAt,schema:publishingPrinciples,schema:interactionStatistic,schema:copyrightHolder,schema:thumbnailUrl,schema:hasPart,schema:reviews,schema:encodings,schema:typicalAgeRange,schema:image,schema:isFamilyFriendly,schema:description,schema:price,schema:isPartOf,schema:abstract,schema:keywords,schema:disambiguatingDescription,schema:workExample,schema:correction,schema:usageInfo,schema:expires,schema:displayLocation,schema:locationCreated,schema:accessibilityFeature,schema:provider,schema:accountablePerson,schema:sdDatePublished,schema:accessMode,schema:wordCount,schema:funding,schema:sameAs,schema:size,schema:exampleOfWork,schema:accessibilityHazard,schema:dateModified,schema:accessibilityControl,schema:interactivityType,schema:isAccessibleForFree,schema:potentialAction,schema:publisherImprint,schema:alternateName,schema:occupationalCredentialAwarded,schema:review,schema:editor,schema:aggregateRating,schema:offers_url,schema:spatialCoverage
,,,,,,,,,,,,,,,,,,,Uso de pantallas,,,,,,,,,,,,,,,,,,,,,,,,,,,Tecnología,,,,,,,,,Intermediate,,,,,,,,,,,,,,es,,,,,,,,,,,,,,,,,,,USD,,,,https://aprende.org/cursos/view/100925,,,,,,,,,,,,https://fsvc.capacitateparaelempleo.org/CapacitateFS/coursesImages/1cac3dd3-27bf-459a-9cfb-a882ac464232.png,,,0.0,,,,,,,,,,,,Aprende,,,,,,,,,,,,,True,,,,,,,,,
,,,,,,,,,,,,,,,,,,,Jardinero a gran escala,,,,,,,,,,,,,,,,,,,,,,,,,,,Agropecuario,,,,,,,,,Beginner,,,,,,,,,,,,,,es,,,,,,,,,,,,,,,,,,,USD,,,,https://aprende.org/cursos/view/20,,,,,,,,,,,,https://fsvc.capacitateparaelempleo.org/CapacitateFS/coursesImages/6dc5ea3b-1f7f-4880-af08-13d6ab05f2e2.png,,"¡Bienvenido! 
 En este curso aprenderás todo lo que necesitas saber para diseñar, dar mantenimiento y cuidar de jardines y áreas verdes. 
 ¡Éxito en tu capacitación!",0.0,,,,,,,,,,,,Aprende,,,,,,,,,,,,,True,,,,,,,,,
,,,,,,,,,,,,,,,,,,,Técnico en cultivos vegetales,,,,,,,,,,,,,,,,,,,,,,,,,,,Agropecuario,,,,,,,,,Beginner,,,,,,,,,,,,,,es,,,,,,,,,,,,,,,,,,,USD,,,,https://aprende.org/cursos/view/31,,,,,,,,,,,,https://fsvc.capacitateparaelempleo.org/CapacitateFS/coursesImages/b81c52ce-b845-462b-bd9e-0d84dfc998c2.png,,"¡Bienvenido!   
  Con este curso desarrollarás las habilidades para seleccionar y preparar el terreno, sembrar, cuidar tu cultivo, cosechar y vender tu producción.  
  ¡Éxito en tu capacitación!",0.0,,,,,,,,,,,,Aprende,,,,,,,,,,,,,True,,,,,,,,,
,,,,,,,,,,,,,,,,,,,Técnico procesador de frutas y verduras,,,,,,,,,,,,,,,,,,,,,,,,,,,Agropecuario,,,,,,,,,Beginner,,,,,,,,,,,,,,es,,,,,,,,,,,,,,,,,,,USD,,,,https://aprende.org/cursos/view/33,,,,,,,,,,,,https://fsvc.capacitateparaelempleo.org/CapacitateFS/coursesImages/8dee0f88-b5b8-4db1-bb1d-c2c004f498ae.png,,"¡Bienvenido!   
  Obtén habilidades para elaborar, envasar y vender conservas de frutas y verduras, utilizando sal y azúcar, mientras sigues las medidas de seguridad e higiene.   
  ¡Éxito en tu capacitación!",0.0,,,,,,,,,,,,Aprende,,,,,,,,,,,,,True,,,,,,,,,
,,,,,,,,,,,,,,,,,,,Granjero de lechería (ordeña y alimentación),,,,,,,,,,,,,,,,,,,,,,,,,,,Agropecuario,,,,,,,,,Beginner,,,,,,,,,,,,,,es,,,,,,,,,,,,,,,,,,,USD,,,,https://aprende.org/cursos/view/52,,,,,,,,,,,,https://fsvc.capacitateparaelempleo.org/CapacitateFS/coursesImages/9543bc0d-9265-44cd-89ba-181657e82d0a.png,,"¡Bienvenido! 
 En esta capacitación aprenderás a cuidar, limpiar, alimentar, ordeñar al ganado y ayudar en actividades relacionadas con la higiene de la granja. 
 ¡Éxito en tu capacitación!",0.0,,,,,,,,,,,,Aprende,,,,,,,,,,,,,True,,,,,,,,,
,,,,,,,,,,,,,,,,,,,Técnico en cultivo de vegetales orgánicos,,,,,,,,,,,,,,,,,,,,,,,,,,,Agropecuario,,,,,,,,,Beginner,,,,,,,,,,,,,,es,,,,,,,,,,,,,,,,,,,USD,,,,https://aprende.org/cursos/view/86,,,,,,,,,,,,https://fsvc.capacitateparaelempleo.org/CapacitateFS/coursesImages/8b8eaee1-66f2-4983-bda5-e25bb40a138c.png,,"¡Bienvenido! 
 Conoce cómo desarrollar un cultivo de vegetales orgánicos.",0.0,,,,,,,,,,,,Aprende,,,,,,,,,,,,,True,,,,,,,,,
,,,,,,,,,,,,,,,,,,,Promotor de artículos orgánicos,,,,,,,,,,,,,,,,,,,,,,,,,,,Agropecuario,,,,,,,,,Beginner,,,,,,,,,,,,,,es,,,,,,,,,,,,,,,,,,,USD,,,,https://aprende.org/cursos/view/150,,,,,,,,,,,,https://fsvc.capacitateparaelempleo.org/CapacitateFS/coursesImages/bf8bebfa-5590-442e-80ae-f50d899bfbc7.png,,"¡Bienvenido! 
 En esta capacitación aprenderás los procesos involucrados en la producción y promoción de artículos orgánicos, así como las regulaciones que te permiten  manipular, comercializar, crear proveedores y clientes para la venta de diversos productos orgánicos.",0.0,,,,,,,,,,,,Aprende,,,,,,,,,,,,,True,,,,,,,,,
,,,,,,,,,,,,,,,,,,,Productor de grillos,,,,,,,,,,,,,,,,,,,,,,,,,,,Agropecuario,,,,,,,,,Beginner,,,,,,,,,,,,,,es,,,,,,,,,,,,,,,,,,,USD,,,,https://aprende.org/cursos/view/241,,,,,,,,,,,,https://fsvc.capacitateparaelempleo.org/CapacitateFS/coursesImages/f35e8943-dd01-42a7-8258-cdce49b3568e.png,,"¡Bienvenido! 
 En esta capacitación obtendrás las herramientas básicas que te permitirán crear una granja de grillos destinados al consumo humano. 
 De esta manera, obtendrás una nueva fuente de ingresos y a su vez ayudarás a garantizar la seguridad alimentaria de tu comunidad. 
 ¡Te deseamos éxito!",0.0,,,,,,,,,,,,Aprende,,,,,,,,,,,,,True,,,,,,,,,
,,,,,,,,,,,,,,,,,,,Apicultor,,,,,,,,,,,,,,,,,,,,,,,,,,,Agropecuario,,,,,,,,,Beginner,,,,,,,,,,,,,,es,,,,,,,,,,,,,,,,,,,USD,,,,https://aprende.org/cursos/view/280,,,,,,,,,,,,https://fsvc.capacitateparaelempleo.org/CapacitateFS/coursesImages/dbe417c8-e0c1-419b-b815-a58dda18211b.png,,"¡Bienvenido! 
 En esta capacitación revisarás los elementos indispensables para formar un apiario que te permita recolectar los diferentes productos para consumo humano y, con ello, poder emprender un negocio. 
 ¡Te deseamos mucho éxito!",0.0,,,,,,,,,,,,Aprende,,,,,,,,,,,,,True,,,,,,,,,
,,,,,,,,,,,,,,,,,,,Productor de traspatio para autoconsumo,,,,,,,,,,,,,,,,,,,,,,,,,,,Agropecuario,,,,,,,,,Beginner,,,,,,,,,,,,,,es,,,,,,,,,,,,,,,,,,,USD,,,,https://aprende.org/cursos/view/281,,,,,,,,,,,,https://fsvc.capacitateparaelempleo.org/CapacitateFS/coursesImages/9e683797-1e80-4574-bd84-27375194ca96.png,,"¡Bienvenido! En este curso aprenderás a cultivar hortalizas, hierbas y frutos en ese pequeño espacio sobrante en tu traspatio; sin importar si vives en un departamento en la ciudad o en zonas rurales con un espacio de tierra mayor.",0.0,,,,,,,,,,,,Aprende,,,,,,,,,,,,,True,,,,,,,,,
,,,,,,,,,,,,,,,,,,,Elaboración de composta,,,,,,,,,,,,,,,,,,,,,,,,,,,Agropecuario,,,,,,,,,Beginner,,,,,,,,,,,,,,es,,,,,,,,,,,,,,,,,,,USD,,,,https://aprende.org/cursos/view/282,,,,,,,,,,,,https://fsvc.capacitateparaelempleo.org/CapacitateFS/coursesImages/92e231ed-e209-4a15-832d-f7d5be1a16ce.png,,Aquí aprenderás a elaborar diferentes tipos de composta de forma natural para contribuir a mejorar las condiciones del suelo.,0.0,,,,,,,,,,,,Aprende,,,,,,,,,,,,,True,,,,,,,,,
,,,,,,,,,,,,,,,,,,,Capacitate Assets,,,,,,,,,,,,,,,,,,,,,,,,,,,Agropecuario,,,,,,,,,Beginner,,,,,,,,,,,,,,es,,,,,,,,,,,,,,,,,,,USD,,,,https://aprende.org/cursos/view/100000,,,,,,,,,,,,https://fsvc.capacitateparaelempleo.org/CapacitateFS/coursesImages/e4ee3a01-5586-4ca8-ac10-d82b959e8ed3.png,,,0.0,,,,,,,,,,,,Aprende,,,,,,,,,,,,,True,,,,,,,,,
,,,,,,,,,,,,,,,,,,,Dummy2.0,,,,,,,,,,,,,,,,,,,,,,,,,,,Agropecuario,,,,,,,,,Beginner,,,,,,,,,,,,,,es,,,,,,,,,,,,,,,,,,,USD,,,,https://aprende.org/cursos/view/100085,,,,,,,,,,,,,,,0.0,,,,,,,,,,,,Aprende,,,,,,,,,,,,,True,,,,,,,,,
,,,,,,,,,,,,,,,,,,,Mejora tu suelo y aumenta tu cosecha,,,,,,,,,,,,,,,,,,,,,,,,,,,Agropecuario,,,,,,,,,Intermediate,,,,,,,,,,,,,,es,,,,,,,,,,,,,,,,,,,USD,,,,https://aprende.org/cursos/view/100860,,,,,,,,,,,,https://fsvc.capacitateparaelempleo.org/CapacitateFS/coursesImages/7363e5a2-1cbf-4821-8e4a-ad275a67cc55.png,,,0.0,,,,,,,,,,,,Aprende,,,,,,,,,,,,,True,,,,,,,,,
,,,,,,,,,,,,,,,,,,,Vendedor de piso (anterior),,,,,,,,,,,,,,,,,,,,,,,,,,,Comercio,,,,,,,,,Beginner,,,,,,,,,,,,,,es,,,,,,,,,,,,,,,,,,,USD,,,,https://aprende.org/cursos/view/17,,,,,,,,,,,,https://fsvc.capacitateparaelempleo.org/CapacitateFS/coursesImages/40a3ad01-2981-4ba5-a714-2ac563f1c112.png,,"El  vendedor,  es el encargado de establecer una comunicación directa y personal con los clientes de un negocio. Sus funciones principales son dar asesoría y convencer a los clientes para que realicen la compra de los productos o servicios que el negocio ofrece.",0.0,,,,,,,,,,,,Aprende,,,,,,,,,,,,,True,,,,,,,,,
,,,,,,,,,,,,,,,,,,,Vendedor por catálogo,,,,,,,,,,,,,,,,,,,,,,,,,,,Comercio,,,,,,,,,Beginner,,,,,,,,,,,,,,es,,,,,,,,,,,,,,,,,,,USD,,,,https://aprende.org/cursos/view/18,,,,,,,,,,,,https://fsvc.capacitateparaelempleo.org/CapacitateFS/coursesImages/f5c26637-b3a3-4c2d-a575-72749ad7a36e.png,,"¡Bienvenido!   
  Aprende el proceso de ventas por catálogo, manejando eficientemente tu cartera de clientes, el plan de actividades y de ventas. Conoce los medios para estar en contacto con tus clientes y presentar o promocionar tus productos.    
  ¡Éxito en tu capacitación!",0.0,,,,,,,,,,,,Aprende,,,,,,,,,,,,,True,,,,,,,,,
,,,,,,,,,,,,,,,,,,,Almacenista-montacarguista,,,,,,,,,,,,,,,,,,,,,,,,,,,Comercio,,,,,,,,,Beginner,,,,,,,,,,,,,,es,,,,,,,,,,,,,,,,,,,USD,,,,https://aprende.org/cursos/view/21,,,,,,,,,,,,https://fsvc.capacitateparaelempleo.org/CapacitateFS/coursesImages/e45e730b-2da4-42dd-b65e-f4eaaf6fb222.png,,"¡Bienvenido! 
 La labor de almacenista-montacarguista es muy importante porque forma parte de una gran cadena de trabajo en el área comercial. Su objetivo es recibir, enviar y vigilar que los productos mantengan su calidad hasta llegar a sus consumidores.  
 ¡Éxito en tu capacitación!",0.0,,,,,,,,,,,,Aprende,,,,,,,,,,,,,True,,,,,,,,,
,,,,,,,,,,,,,,,,,,,Vendedor de piso,,,,,,,,,,,,,,,,,,,,,,,,,,,Comercio,,,,,,,,,Beginner,,,,,,,,,,,,,,es,,,,,,,,,,,,,,,,,,,USD,,,,https://aprende.org/cursos/view/48,,,,,,,,,,,,https://fsvc.capacitateparaelempleo.org/CapacitateFS/coursesImages/300c4f07-d7d6-4baa-ad89-ce5a884ae165.png,,"¡Bienvenido!   
  Conoce el funcionamiento de una tienda y las prácticas que debes llevar a cabo para brindarle al cliente la mejor experiencia de compra.                  
   Al terminar este curso, podrás trabajar en tiendas de autoservicio, departamentales y boutiques.    
  ¡Éxito en tu capacitación!",0.0,,,,,,,,,,,,Aprende,,,,,,,,,,,,,True,,,,,,,,,
,,,,,,,,,,,,,,,,,,,Agente de ventas digital,,,,,,,,,,,,,,,,,,,,,,,,,,,Comercio,,,,,,,,,Beginner,,,,,,,,,,,,,,es,,,,,,,,,,,,,,,,,,,USD,,,,https://aprende.org/cursos/view/51,,,,,,,,,,,,https://fsvc.capacitateparaelempleo.org/CapacitateFS/coursesImages/90a125c6-1cbe-48f9-8140-3aa4da081955.png,,"¡Bienvenido! 
 Como agente de ventas pondrás en práctica todos tus conocimientos sobre los medios web y las herramientas publicitarias que te ayudarán a identificar las áreas de oportunidad y así ayudar a cumplir las metas comerciales de tus clientes.  
 ¡Éxito en tu capacitación!",0.0,,,,,,,,,,,,Aprende,,,,,,,,,,,,,True,,,,,,,,,
,,,,,,,,,,,,,,,,,,,Encargado de envoltura de regalos,,,,,,,,,,,,,,,,,,,,,,,,,,,Comercio,,,,,,,,,Beginner,,,,,,,,,,,,,,es,,,,,,,,,,,,,,,,,,,USD,,,,https://aprende.org/cursos/view/58,,,,,,,,,,,,https://fsvc.capacitateparaelempleo.org/CapacitateFS/coursesImages/6bc7c91c-5a0c-474b-baaf-7bd24102c614.png,,"¡Bienvenido! 
 Desarrolla tu creatividad elaborando diseños y estilos adecuados para cada tipo de regalo. En esta capacitación aprenderás técnicas, herramientas y materiales que te ayudarán a desempeñar un buen trabajo. 
 ¡Éxito en tu capacitación!",0.0,,,,,,,,,,,,Aprende,,,,,,,,,,,,,True,,,,,,,,,
,,,,,,,,,,,,,,,,,,,Cajero de tienda de autoservicio,,,,,,,,,,,,,,,,,,,,,,,,,,,Comercio,,,,,,,,,Beginner,,,,,,,,,,,,,,es,,,,,,,,,,,,,,,,,,,USD,,,,https://aprende.org/cursos/view/63,,,,,,,,,,,,https://fsvc.capacitateparaelempleo.org/CapacitateFS/coursesImages/63b67eb7-662d-4a25-855e-9b4dc998edb0.png,,"¡Bienvenido! 
 Conoce las prácticas y herramientas que te permitirán dar una buena imagen y brindar una servicio de calidad a los clientes, al desempeñarte como cajero de tienda de autoservicio. 
 ¡Éxito en tu capacitación!",0.0,,,,,,,,,,,,Aprende,,,,,,,,,,,,,True,,,,,,,,,
,,,,,,,,,,,,,,,,,,,Embalado,,,,,,,,,,,,,,,,,,,,,,,,,,,Comercio,,,,,,,,,Beginner,,,,,,,,,,,,,,es,,,,,,,,,,,,,,,,,,,USD,,,,https://aprende.org/cursos/view/106,,,,,,,,,,,,https://fsvc.capacitateparaelempleo.org/CapacitateFS/coursesImages/6931ec77-fcf6-4f19-8370-84c312bac79c.png,,"Asegura la integridad de tus productos al transportarlos o enviarlos, embalándolos adecuadamente; de esta forma, lograrás que lleguen en buen estado a su destino.",0.0,,,,,,,,,,,,Aprende,,,,,,,,,,,,,True,,,,,,,,,
,,,,,,,,,,,,,,,,,,,Empaquetado,,,,,,,,,,,,,,,,,,,,,,,,,,,Comercio,,,,,,,,,Beginner,,,,,,,,,,,,,,es,,,,,,,,,,,,,,,,,,,USD,,,,https://aprende.org/cursos/view/107,,,,,,,,,,,,https://fsvc.capacitateparaelempleo.org/CapacitateFS/coursesImages/5c046b43-73f2-4869-a28a-e8be89a5ca56.png,,Empaca tus productos para facilitar su manipulación y agrégales impacto visual para que tus consumidores los identifiquen fácilmente.,0.0,,,,,,,,,,,,Aprende,,,,,,,,,,,,,True,,,,,,,,,
,,,,,,,,,,,,,,,,,,,Negocios móviles,,,,,,,,,,,,,,,,,,,,,,,,,,,Comercio,,,,,,,,,Beginner,,,,,,,,,,,,,,es,,,,,,,,,,,,,,,,,,,USD,,,,https://aprende.org/cursos/view/118,,,,,,,,,,,,https://fsvc.capacitateparaelempleo.org/CapacitateFS/coursesImages/66afed8f-eb9f-4a2b-b692-158e7afd6f73.png,,Profesionaliza tus labores en tu negocio móvil para convertirlo en un negocio exitoso.,0.0,,,,,,,,,,,,Aprende,,,,,,,,,,,,,True,,,,,,,,,
,,,,,,,,,,,,,,,,,,,Exhibición de productos,,,,,,,,,,,,,,,,,,,,,,,,,,,Comercio,,,,,,,,,Beginner,,,,,,,,,,,,,,es,,,,,,,,,,,,,,,,,,,USD,,,,https://aprende.org/cursos/view/153,,,,,,,,,,,,https://fsvc.capacitateparaelempleo.org/CapacitateFS/coursesImages/7503a34b-6af4-4ac1-9424-50b25bee267e.png,,¡Bienvenido!,0.0,,,,,,,,,,,,Aprende,,,,,,,,,,,,,True,,,,,,,,,
,,,,,,,,,,,,,,,,,,,Crea la identidad de tu negocio,,,,,,,,,,,,,,,,,,,,,,,,,,,Comercio,,,,,,,,,Intermediate,,,,,,,,,,,,,,es,,,,,,,,,,,,,,,,,,,USD,,,,https://aprende.org/cursos/view/100092,,,,,,,,,,,,https://fsvc.capacitateparaelempleo.org/CapacitateFS/coursesImages/65df6b97-a1b2-40b4-bd3a-f220ed479cf0.png,,"¡Bienvenido! 
 En esta capacitación podrás definir la cultura empresarial, identidad, imagen y registrar la marca de tu negocio, lo que te ayudará a aumentar su plusvalía en el mercado. 
 ¡Te deseamos mucho éxito!",0.0,,,,,,,,,,,,Aprende,,,,,,,,,,,,,True,,,,,,,,,
,,,,,,,,,,,,,,,,,,,Retail omnicanal y multicanal,,,,,,,,,,,,,,,,,,,,,,,,,,,Comercio,,,,,,,,,Beginner,,,,,,,,,,,,,,es,,,,,,,,,,,,,,,,,,,USD,,,,https://aprende.org/cursos/view/100101,,,,,,,,,,,,https://fsvc.capacitateparaelempleo.org/CapacitateFS/coursesImages/45613026-e156-4404-86b7-dcbeb247586d.png,,"¡Bienvenido! 
 Conoce estrategias de comunicación para negocios.",0.0,,,,,,,,,,,,Aprende,,,,,,,,,,,,,True,,,,,,,,,
,,,,,,,,,,,,,,,,,,,Estrategia de precios,,,,,,,,,,,,,,,,,,,,,,,,,,,Comercio,,,,,,,,,Intermediate,,,,,,,,,,,,,,es,,,,,,,,,,,,,,,,,,,USD,,,,https://aprende.org/cursos/view/100105,,,,,,,,,,,,https://fsvc.capacitateparaelempleo.org/CapacitateFS/coursesImages/97631114-d14f-4727-88d8-145ad0e2fdee.png,,"¡Bienvenido! 
 Fijar el precio de un producto para su venta en el mercado puede ser una tarea difícil; sin embargo, existen estrategias que lo hacen más fácil que permiten enfocarse en las utilidades sin descuidar otros aspectos que también aportan en la consolidación y crecimiento de la empresa.",0.0,,,,,,,,,,,,Aprende,,,,,,,,,,,,,True,,,,,,,,,
,,,,,,,,,,,,,,,,,,,Crea la propuesta de valor para tu negocio,,,,,,,,,,,,,,,,,,,,,,,,,,,Comercio,,,,,,,,,Beginner,,,,,,,,,,,,,,es,,,,,,,,,,,,,,,,,,,USD,,,,https://aprende.org/cursos/view/100149,,,,,,,,,,,,https://fsvc.capacitateparaelempleo.org/CapacitateFS/coursesImages/c7761788-7824-45b2-81d8-b2ab4f4989d3.png,,Bienvenido.  En este curso aprenderás a crear la propuesta de valor de tu negocio para hacerlo diferente y único a la vista de los clientes.,0.0,,,,,,,,,,,,Aprende,,,,,,,,,,,,,True,,,,,,,,,
,,,,,,,,,,,,,,,,,,,Repartidor a domicilio,,,,,,,,,,,,,,,,,,,,,,,,,,,Comercio,,,,,,,,,Intermediate,,,,,,,,,,,,,,es,,,,,,,,,,,,,,,,,,,USD,,,,https://aprende.org/cursos/view/100310,,,,,,,,,,,,https://fsvc.capacitateparaelempleo.org/CapacitateFS/coursesImages/b5a98d95-7042-4b16-8077-47f30b80690e.png,,"¡Bienvenido! 
 Con este curso, identificarás el proceso de trabajo, equipo y medidas de seguridad que debes seguir como repartidor a domicilio, desde la preparación de la jornada hasta la recepción, traslado y entrega de bienes. 
 ¡Te deseamos mucho éxito!",0.0,,,,,,,,,,,,Aprende,,,,,,,,,,,,,True,,,,,,,,,
,,,,,,,,,,,,,,,,,,,Cultura de servicio,,,,,,,,,,,,,,,,,,,,,,,,,,,Comercio,,,,,,,,,Intermediate,,,,,,,,,,,,,,es,,,,,,,,,,,,,,,,,,,USD,,,,https://aprende.org/cursos/view/100320,,,,,,,,,,,,https://fsvc.capacitateparaelempleo.org/CapacitateFS/coursesImages/c48f8e87-4b80-4b99-8a51-fd5057985aee.png,,"¡Bienvenido!  
 En esta capacitación identificarás los elementos, técnicas y herramientas que te servirán para construir una cultura de servicio enfocada al cliente que te permita valorar a todas y cada una de las personas que ayudan al éxito de tu empresa.  
 ¡Te deseamos mucho éxito!",0.0,,,,,,,,,,,,Aprende,,,,,,,,,,,,,True,,,,,,,,,
,,,,,,,,,,,,,,,,,,,Florista,,,,,,,,,,,,,,,,,,,,,,,,,,,Comercio,,,,,,,,,Intermediate,,,,,,,,,,,,,,es,,,,,,,,,,,,,,,,,,,USD,,,,https://aprende.org/cursos/view/100333,,,,,,,,,,,,https://fsvc.capacitateparaelempleo.org/CapacitateFS/coursesImages/e13d808a-0e49-4650-b278-629e6d3e2786.png,,¡Bienvenido! En este curso aprenderás a diseñar y crear arreglos florales aplicando técnicas y cuidados para preservar su frescura.,0.0,,,,,,,,,,,,Aprende,,,,,,,,,,,,,True,,,,,,,,,
,,,,,,,,,,,,,,,,,,,Impulsa tus ventas usando IA,,,,,,,,,,,,,,,,,,,,,,,,,,,Comercio,,,,,,,,,Intermediate,,,,,,,,,,,,,,es,,,,,,,,,,,,,,,,,,,USD,,,,https://aprende.org/cursos/view/100862,,,,,,,,,,,,https://fsvc.capacitateparaelempleo.org/CapacitateFS/coursesImages/32b94c9b-2fb2-493c-82f1-173a9e6c1bf0.png,,,0.0,,,,,,,,,,,,Aprende,,,,,,,,,,,,,True,,,,,,,,,
,,,,,,,,,,,,,,,,,,,Introducción al retail,,,,,,,,,,,,,,,,,,,,,,,,,,,Comercio,,,,,,,,,Intermediate,,,,,,,,,,,,,,es,,,,,,,,,,,,,,,,,,,USD,,,,https://aprende.org/cursos/view/100916,,,,,,,,,,,,https://fsvc.capacitateparaelempleo.org/CapacitateFS/coursesImages/8e28ebc2-d0a0-41d6-a8ba-3a2c0d72f9f7.png,,,0.0,,,,,,,,,,,,Aprende,,,,,,,,,,,,,True,,,,,,,,,
,,,,,,,,,,,,,,,,,,,Electricista (Desactualizado),,,,,,,,,,,,,,,,,,,,,,,,,,,Construcción,,,,,,,,,4,,,,,,,,,,,,,,es,,,,,,,,,,,,,,,,,,,USD,,,,https://aprende.org/cursos/view/1,,,,,,,,,,,,https://fsvc.capacitateparaelempleo.org/CapacitateFS/coursesImages/5c4a4373-c1ac-496c-9efe-46a86ad54136.png,,"¡Bienvenido! 
 Aprende a planear una instalación eléctrica y a resolver problemas de conectividad en una casa, edificio o lugar de trabajo. 
 ¡Éxito en tu capacitación!",0.0,,,,,,,,,,,,Aprende,,,,,,,,,,,,,True,,,,,,,,,
,,,,,,,,,,,,,,,,,,,Carpintero,,,,,,,,,,,,,,,,,,,,,,,,,,,Construcción,,,,,,,,,Beginner,,,,,,,,,,,,,,es,,,,,,,,,,,,,,,,,,,USD,,,,https://aprende.org/cursos/view/4,,,,,,,,,,,,https://fsvc.capacitateparaelempleo.org/CapacitateFS/coursesImages/848910f2-a898-4499-9536-9a59149ddac3.png,,"¡Bienvenido!   
  Conoce las herramientas, técnicas y materiales que se utilizan para elaborar o reparar muebles, accesorios y estructuras de madera.                 
  ¡Éxito en tu capacitación!",0.0,,,,,,,,,,,,Aprende,,,,,,,,,,,,,True,,,,,,,,,
,,,,,,,,,,,,,,,,,,,Soldador y oxicortador (Desactualizado),,,,,,,,,,,,,,,,,,,,,,,,,,,Construcción,,,,,,,,,4,,,,,,,,,,,,,,es,,,,,,,,,,,,,,,,,,,USD,,,,https://aprende.org/cursos/view/7,,,,,,,,,,,,https://fsvc.capacitateparaelempleo.org/CapacitateFS/coursesImages/53961d39-d252-4766-a3d6-6ce434477d63.png,,"¡Bienvenido! 
 Ser un soldador es importante para varios sectores de la industria, ya que pueden unir y reparar equipos o productos que contienen material metálico. Además, un soldador puede especializarse en la técnica de oxicorte. 
 En esta capacitación, aprenderás a identificar las técnicas y materiales implementados para realizar las diversas fases de tu trabajo, las medidas de seguridad así como la aplicación de estos conocimientos. 
 ¡Éxito en tu capacitación!",0.0,,,,,,,,,,,,Aprende,,,,,,,,,,,,,True,,,,,,,,,
,,,,,,,,,,,,,,,,,,,Albañil,,,,,,,,,,,,,,,,,,,,,,,,,,,Construcción,,,,,,,,,Beginner,,,,,,,,,,,,,,es,,,,,,,,,,,,,,,,,,,USD,,,,https://aprende.org/cursos/view/9,,,,,,,,,,,,https://fsvc.capacitateparaelempleo.org/CapacitateFS/coursesImages/9e660492-7442-4a03-b962-189a295022b0.png,,"¡Bienvenido! 
 Aprende a construir desde una casa hasta un edificio. Conoce las áreas de trabajo, identifica las actividades que vas a realizar y maneja las herramientas y materiales con los que vas a trabajar. 
 ¡Éxito en tu capacitación!",0.0,,,,,,,,,,,,Aprende,,,,,,,,,,,,,True,,,,,,,,,
,,,,,,,,,,,,,,,,,,,"Herrero, balconero, aluminador y forjador",,,,,,,,,,,,,,,,,,,,,,,,,,,Construcción,,,,,,,,,Beginner,,,,,,,,,,,,,,es,,,,,,,,,,,,,,,,,,,USD,,,,https://aprende.org/cursos/view/11,,,,,,,,,,,,https://fsvc.capacitateparaelempleo.org/CapacitateFS/coursesImages/448030ad-5ae8-4685-9e3e-41037b831442.png,,"¡Bienvenido! 
 Aquí aprenderás las técnicas, herramientas y medidas de seguridad con las que podrás cortar, ensamblar, soldar, pulir y darle forma a distintos metales para crear herramientas, muebles, puertas, ventanas, barandales y balcones. 
 ¡Éxito en tu capacitación!",0.0,,,,,,,,,,,,Aprende,,,,,,,,,,,,,True,,,,,,,,,
,,,,,,,,,,,,,,,,,,,"Plomeros, fontaneros e instaladores de tubería",,,,,,,,,,,,,,,,,,,,,,,,,,,Construcción,,,,,,,,,Beginner,,,,,,,,,,,,,,es,,,,,,,,,,,,,,,,,,,USD,,,,https://aprende.org/cursos/view/12,,,,,,,,,,,,https://fsvc.capacitateparaelempleo.org/CapacitateFS/coursesImages/db2c2fb1-dc82-4827-b9bd-d33bb7349f9b.png,,"¡Bienvenido! 
 Aprende a hacer instalaciones hidráulicas, sanitarias y de gas. Conoce las herramientas para realizarlas, interpreta planos y calcula el material a utilizar. Además, al terminar el curso sabrás instalar calentadores solares. 
 ¡Éxito en tu capacitación!",0.0,,,,,,,,,,,,Aprende,,,,,,,,,,,,,True,,,,,,,,,
,,,,,,,,,,,,,,,,,,,Instalador de pisos de loseta,,,,,,,,,,,,,,,,,,,,,,,,,,,Construcción,,,,,,,,,Beginner,,,,,,,,,,,,,,es,,,,,,,,,,,,,,,,,,,USD,,,,https://aprende.org/cursos/view/23,,,,,,,,,,,,https://fsvc.capacitateparaelempleo.org/CapacitateFS/coursesImages/d5a1087b-42b2-425b-8652-88262081a7a3.png,,"¡Bienvenido! 
 En este curso aprenderás a trazar, nivelar, cortar e instalar pisos y muros con recubrimientos cerámicos y de piedra, para mejorar su apariencia. El campo laboral es muy amplio, por eso al terminar el curso, puedes iniciar tu propio negocio o trabajar en una empresa. 
 ¡Éxito en tu capacitación!",0.0,,,,,,,,,,,,Aprende,,,,,,,,,,,,,True,,,,,,,,,
,,,,,,,,,,,,,,,,,,,Pintor,,,,,,,,,,,,,,,,,,,,,,,,,,,Construcción,,,,,,,,,Beginner,,,,,,,,,,,,,,es,,,,,,,,,,,,,,,,,,,USD,,,,https://aprende.org/cursos/view/24,,,,,,,,,,,,https://fsvc.capacitateparaelempleo.org/CapacitateFS/coursesImages/5f958b4e-ea2b-460e-a144-1fe94d80a988.png,,"¡Bienvenido! 
 Capacítate para realizar trabajos de pintura decorativa, reparar daños en pintura y superficies, además de aprender a aplicar barniz y pintura en distintos materiales como madera y metal. 
 ¡Éxito en tu capacitación!",0.0,,,,,,,,,,,,Aprende,,,,,,,,,,,,,True,,,,,,,,,
,,,,,,,,,,,,,,,,,,,Reparador de aire acondicionado,,,,,,,,,,,,,,,,,,,,,,,,,,,Construcción,,,,,,,,,Beginner,,,,,,,,,,,,,,es,,,,,,,,,,,,,,,,,,,USD,,,,https://aprende.org/cursos/view/27,,,,,,,,,,,,https://fsvc.capacitateparaelempleo.org/CapacitateFS/coursesImages/f85f3e2a-cb5c-485a-ad67-7af75d5cf014.png,,"¡Bienvenido!  
  Prepárate para dar mantenimiento preventivo y correctivo a equipos de aire acondicionado. Conoce las herramientas y los conceptos básicos de electricidad, comportamiento de líquidos y gases, además de saber interpretar diagramas eléctricos.   
  ¡Éxito en tu capacitación!",0.0,,,,,,,,,,,,Aprende,,,,,,,,,,,,,True,,,,,,,,,
,,,,,,,,,,,,,,,,,,,Instalador de tejados,,,,,,,,,,,,,,,,,,,,,,,,,,,Construcción,,,,,,,,,Beginner,,,,,,,,,,,,,,es,,,,,,,,,,,,,,,,,,,USD,,,,https://aprende.org/cursos/view/29,,,,,,,,,,,,https://fsvc.capacitateparaelempleo.org/CapacitateFS/coursesImages/6a9e81f9-4adb-4673-8aad-3928cde52032.png,,"¡Bienvenido! 
 Conoce los tipos de tejas, métodos y procesos para instalarlas con las herramientas adecuadas, y aprende a impermeabilizar superficies, instalar azoteas verdes y paneles solares. 
 ¡Éxito en tu capacitación!",0.0,,,,,,,,,,,,Aprende,,,,,,,,,,,,,True,,,,,,,,,
,,,,,,,,,,,,,,,,,,,Instalador de paneles de yeso,,,,,,,,,,,,,,,,,,,,,,,,,,,Construcción,,,,,,,,,Beginner,,,,,,,,,,,,,,es,,,,,,,,,,,,,,,,,,,USD,,,,https://aprende.org/cursos/view/30,,,,,,,,,,,,https://fsvc.capacitateparaelempleo.org/CapacitateFS/coursesImages/3502edd8-c937-4a78-9180-4b9d069838ef.png,,"¡Bienvenido!  
  Adquiere los conocimientos y habilidades para modificar cualquier espacio instalando muros y plafones con paneles de yeso. Además, aprenderás a diseñar muebles como: libreros, closets y repisas.  
  ¡Éxito en tu capacitación!",0.0,,,,,,,,,,,,Aprende,,,,,,,,,,,,,True,,,,,,,,,
,,,,,,,,,,,,,,,,,,,Autoconstrucción,,,,,,,,,,,,,,,,,,,,,,,,,,,Construcción,,,,,,,,,Beginner,,,,,,,,,,,,,,es,,,,,,,,,,,,,,,,,,,USD,,,,https://aprende.org/cursos/view/187,,,,,,,,,,,,https://fsvc.capacitateparaelempleo.org/CapacitateFS/coursesImages/1304cf13-8ee1-475d-9c60-0e1082a64e45.png,,Con este curso aprenderás paso a paso como construir tú mismo tu vivienda rural. Este curso se acompaña también de una Guía descargable del contenido del curso. Sigue todas las recomendaciones de seguridad que se mencionan y concluye con éxito tu labor de autoconstrucción.,0.0,,,,,,,,,,,,Aprende,,,,,,,,,,,,,True,,,,,,,,,
,,,,,,,,,,,,,,,,,,,Guía de autoconstrucción,,,,,,,,,,,,,,,,,,,,,,,,,,,Construcción,,,,,,,,,Beginner,,,,,,,,,,,,,,es,,,,,,,,,,,,,,,,,,,USD,,,,https://aprende.org/cursos/view/205,,,,,,,,,,,,https://fsvc.capacitateparaelempleo.org/CapacitateFS/coursesImages/9a0d26c8-47b7-4f09-9b8b-e2393d5a202a.png,,"Da clic sobre la imagen para descargar el documento.  
   
  Si no puedes ver la imagen da clic en este enlace   ""Guía de autoconstrucción""",0.0,,,,,,,,,,,,Aprende,,,,,,,,,,,,,True,,,,,,,,,
,,,,,,,,,,,,,,,,,,,Guía de reparación vivienda rural,,,,,,,,,,,,,,,,,,,,,,,,,,,Construcción,,,,,,,,,Beginner,,,,,,,,,,,,,,es,,,,,,,,,,,,,,,,,,,USD,,,,https://aprende.org/cursos/view/206,,,,,,,,,,,,https://fsvc.capacitateparaelempleo.org/CapacitateFS/coursesImages/96f1e432-a2a4-4853-8d83-0cb04f831575.png,,"Da clic sobre la imagen para descargar el documento.    
   
  Si no puedes ver la imagen da clic en este enlace   ""Guía de reparación vivienda rural""",0.0,,,,,,,,,,,,Aprende,,,,,,,,,,,,,True,,,,,,,,,
,,,,,,,,,,,,,,,,,,,Técnico topógrafo,,,,,,,,,,,,,,,,,,,,,,,,,,,Construcción,,,,,,,,,Beginner,,,,,,,,,,,,,,es,,,,,,,,,,,,,,,,,,,USD,,,,https://aprende.org/cursos/view/240,,,,,,,,,,,,https://fsvc.capacitateparaelempleo.org/CapacitateFS/coursesImages/ad4381bd-864f-43e1-9c06-102e435778d0.png,,¡Bienvenido! En esta capacitación se explican las técnicas y herramientas que sirven para realizar la topografía de cualquier área de interés con precisión y seguridad. ¡Te deseamos mucho éxito!,0.0,,,,,,,,,,,,Aprende,,,,,,,,,,,,,True,,,,,,,,,
,,,,,,,,,,,,,,,,,,,Electricista,,,,,,,,,,,,,,,,,,,,,,,,,,,Construcción,,,,,,,,,Beginner,,,,,,,,,,,,,,es,,,,,,,,,,,,,,,,,,,USD,,,,https://aprende.org/cursos/view/367,,,,,,,,,,,,https://fsvc.capacitateparaelempleo.org/CapacitateFS/coursesImages/d8283606-6a08-4904-9a9c-155f7d396358.png,,"¡Bienvenido! 
 Con este curso, aprenderás el proceso de trabajo, equipo y medidas de seguridad que debes acatar para asegurar tu salud e integridad física durante los trabajos de instalaciones eléctricas. 
 ¡Te deseamos mucho éxito!",0.0,,,,,,,,,,,,Aprende,,,,,,,,,,,,,True,,,,,,,,,
,,,,,,,,,,,,,,,,,,,Cimentación de una obra,,,,,,,,,,,,,,,,,,,,,,,,,,,Construcción,,,,,,,,,Beginner,,,,,,,,,,,,,,es,,,,,,,,,,,,,,,,,,,USD,,,,https://aprende.org/cursos/view/389,,,,,,,,,,,,https://fsvc.capacitateparaelempleo.org/CapacitateFS/coursesImages/fe2c6556-d9c4-4228-9250-84ee63a57f68.png,,"¡Bienvenido! Con este curso, identificarás el proceso de trabajo, equipo y medidas de seguridad que debes acatar para asegurar tu salud e integridad física durante los trabajos de cimentación de una obra. ¡Te deseamos mucho éxito!",0.0,,,,,,,,,,,,Aprende,,,,,,,,,,,,,True,,,,,,,,,
,,,,,,,,,,,,,,,,,,,Diseño de interiores,,,,,,,,,,,,,,,,,,,,,,,,,,,Construcción,,,,,,,,,Beginner,,,,,,,,,,,,,,es,,,,,,,,,,,,,,,,,,,USD,,,,https://aprende.org/cursos/view/390,,,,,,,,,,,,https://fsvc.capacitateparaelempleo.org/CapacitateFS/coursesImages/f0fc8ac7-7939-4dc5-8f78-43bbd389688f.png,,"Los espacios interiores son de gran importancia para nuestro bienestar, incluso pueden prevenir enfermedades. Por eso, su diseño debe hacerse con profesionalismo, empeño y responsabilidad. Inicia este curso y aprende a mejorar estética y saludablemente los espacios.",0.0,,,,,,,,,,,,Aprende,,,,,,,,,,,,,True,,,,,,,,,
,,,,,,,,,,,,,,,,,,,Soldador industrial,,,,,,,,,,,,,,,,,,,,,,,,,,,Construcción,,,,,,,,,Intermediate,,,,,,,,,,,,,,es,,,,,,,,,,,,,,,,,,,USD,,,,https://aprende.org/cursos/view/100157,,,,,,,,,,,,https://fsvc.capacitateparaelempleo.org/CapacitateFS/coursesImages/4982fa37-3568-4c0e-8ec2-58d68f29b9f9.png,,"¡Bienvenido! 
 Aprende a soldar metales cuidando tu salud y el medio ambiente con el curso de soldador industrial.",0.0,,,,,,,,,,,,Aprende,,,,,,,,,,,,,True,,,,,,,,,
,,,,,,,,,,,,,,,,,,,Operador de camión de volteo,,,,,,,,,,,,,,,,,,,,,,,,,,,Construcción,,,,,,,,,Intermediate,,,,,,,,,,,,,,es,,,,,,,,,,,,,,,,,,,USD,,,,https://aprende.org/cursos/view/100679,,,,,,,,,,,,https://fsvc.capacitateparaelempleo.org/CapacitateFS/coursesImages/b954b26c-552a-42cb-8a1d-b90ec532472d.png,,,0.0,,,,,,,,,,,,Aprende,,,,,,,,,,,,,True,,,,,,,,,
,,,,,,,,,,,,,,,,,,,Autoconstrucción de vivienda antihuracanes,,,,,,,,,,,,,,,,,,,,,,,,,,,Construcción,,,,,,,,,Intermediate,,,,,,,,,,,,,,es,,,,,,,,,,,,,,,,,,,USD,,,,https://aprende.org/cursos/view/100689,,,,,,,,,,,,https://fsvc.capacitateparaelempleo.org/CapacitateFS/coursesImages/0110f036-d086-464a-a09e-baff6ee9b419.png,,,0.0,,,,,,,,,,,,Aprende,,,,,,,,,,,,,True,,,,,,,,,
,,,,,,,,,,,,,,,,,,,Armador de arneses eléctricos,,,,,,,,,,,,,,,,,,,,,,,,,,,Industria,,,,,,,,,Beginner,,,,,,,,,,,,,,es,,,,,,,,,,,,,,,,,,,USD,,,,https://aprende.org/cursos/view/64,,,,,,,,,,,,https://fsvc.capacitateparaelempleo.org/CapacitateFS/coursesImages/fdb03dc7-c026-4c75-a552-540d9331ee37.png,,"¡Bienvenido! 
 El ensamblador de arneses eléctricos es la persona que construye las diferentes configuraciones de cables que lleva por dentro un automóvil y se desempeña en las fábricas certificadas por IATF 16949. 
 ¡Éxito en tu capacitación!",0.0,,,,,,,,,,,,Aprende,,,,,,,,,,,,,True,,,,,,,,,
,,,,,,,,,,,,,,,,,,,Operador de máquinas de corte,,,,,,,,,,,,,,,,,,,,,,,,,,,Industria,,,,,,,,,Beginner,,,,,,,,,,,,,,es,,,,,,,,,,,,,,,,,,,USD,,,,https://aprende.org/cursos/view/65,,,,,,,,,,,,https://fsvc.capacitateparaelempleo.org/CapacitateFS/coursesImages/1fb0b3cd-2e0d-4aa6-8244-32a040869e3e.png,,"¡Bienvenido! 
 Prepárate para aprender a realizar tareas relacionadas con el corte, validación y acomodo de cable para su utilización en otros procesos de producción. 
 ¡Éxito en tu capacitación!",0.0,,,,,,,,,,,,Aprende,,,,,,,,,,,,,True,,,,,,,,,
,,,,,,,,,,,,,,,,,,,Jefe de mantenimiento,,,,,,,,,,,,,,,,,,,,,,,,,,,Industria,,,,,,,,,Beginner,,,,,,,,,,,,,,es,,,,,,,,,,,,,,,,,,,USD,,,,https://aprende.org/cursos/view/99,,,,,,,,,,,,https://fsvc.capacitateparaelempleo.org/CapacitateFS/coursesImages/54e41352-e9e4-4567-8ecb-cb12b039f50f.png,,¡Bienvenido al curso de jefe de mantenimiento!,0.0,,,,,,,,,,,,Aprende,,,,,,,,,,,,,True,,,,,,,,,
,,,,,,,,,,,,,,,,,,,Auxiliar Operativo,,,,,,,,,,,,,,,,,,,,,,,,,,,Industria,,,,,,,,,Beginner,,,,,,,,,,,,,,es,,,,,,,,,,,,,,,,,,,USD,,,,https://aprende.org/cursos/view/152,,,,,,,,,,,,https://fsvc.capacitateparaelempleo.org/CapacitateFS/coursesImages/4528ebcb-7145-46d4-a92b-3d349621afb5.png,,"Esta capacitación te ofrece las bases para desempeñarte como Auxiliar operativo, en cualquier tipo de industria para contribuir al logro de un equipo de trabajo.  
 Aprenderás a desempeñarte de forma organizada y correcta con la dinámica y la disciplina que requieren las áreas operativas, así como las exigencias que requiere la industria.  
 ¡Te deseamos éxito!",0.0,,,,,,,,,,,,Aprende,,,,,,,,,,,,,True,,,,,,,,,
,,,,,,,,,,,,,,,,,,,Supervisor de operaciones,,,,,,,,,,,,,,,,,,,,,,,,,,,Industria,,,,,,,,,Beginner,,,,,,,,,,,,,,es,,,,,,,,,,,,,,,,,,,USD,,,,https://aprende.org/cursos/view/155,,,,,,,,,,,,https://fsvc.capacitateparaelempleo.org/CapacitateFS/coursesImages/5d6d94f2-6288-4817-ab0f-73cc5259c24a.png,,"Esta capacitación te ofrece las bases para desempeñarte como Supervisor de operaciones, en cualquier tipo de industria para asegurar, en conjunto con el equipo de trabajo, el logro de las metas asignadas.   
 Aprenderás a implemplementar y desarrollar tu liderazgo de manera organizada, con la disciplina que requieren las áreas operativas, así como las exigencias de la industria.  
 ¡Te deseamos éxito!",0.0,,,,,,,,,,,,Aprende,,,,,,,,,,,,,True,,,,,,,,,
,,,,,,,,,,,,,,,,,,,Manufactura de proximidad (nearshoring),,,,,,,,,,,,,,,,,,,,,,,,,,,Industria,,,,,,,,,Beginner,,,,,,,,,,,,,,es,,,,,,,,,,,,,,,,,,,USD,,,,https://aprende.org/cursos/view/100323,,,,,,,,,,,,https://fsvc.capacitateparaelempleo.org/CapacitateFS/coursesImages/58b21b7f-c21b-4505-b707-f3eed98da706.png,,Identifica las características de la estrategia empresarial conocida como  nearshoring.,0.0,,,,,,,,,,,,Aprende,,,,,,,,,,,,,True,,,,,,,,,
,,,,,,,,,,,,,,,,,,,Seguridad para trabajos en alturas,,,,,,,,,,,,,,,,,,,,,,,,,,,Industria,,,,,,,,,Intermediate,,,,,,,,,,,,,,es,,,,,,,,,,,,,,,,,,,USD,,,,https://aprende.org/cursos/view/100676,,,,,,,,,,,,https://fsvc.capacitateparaelempleo.org/CapacitateFS/coursesImages/c4c9c27e-a8be-4a3a-9c2e-ce53bc33483b.png,,¡Bienvenido! En este curso conocerás las herramientas que te permitirán desempeñarte de forma segura para desarrollar actividades en altura.,0.0,,,,,,,,,,,,Aprende,,,,,,,,,,,,,True,,,,,,,,,
,,,,,,,,,,,,,,,,,,,Uso de equipo de protección personal,,,,,,,,,,,,,,,,,,,,,,,,,,,Industria,,,,,,,,,Intermediate,,,,,,,,,,,,,,es,,,,,,,,,,,,,,,,,,,USD,,,,https://aprende.org/cursos/view/100677,,,,,,,,,,,,https://fsvc.capacitateparaelempleo.org/CapacitateFS/coursesImages/7541b880-1f05-4068-b6d6-589735be8327.png,,¡Bienvenido! En este curso conocerás las condiciones y características correctas del EPP que te permitirán protegerte de forma segura para desarrollar actividades en cualquier sector e industria.,0.0,,,,,,,,,,,,Aprende,,,,,,,,,,,,,True,,,,,,,,,
,,,,,,,,,,,,,,,,,,,Introducción al mantenimiento industrial,,,,,,,,,,,,,,,,,,,,,,,,,,,Industria,,,,,,,,,Intermediate,,,,,,,,,,,,,,es,,,,,,,,,,,,,,,,,,,USD,,,,https://aprende.org/cursos/view/100678,,,,,,,,,,,,https://fsvc.capacitateparaelempleo.org/CapacitateFS/coursesImages/a9761769-d4a4-4c39-9ff8-6ba4ddecd593.png,,¡Bienvenido! En esta capacitación aprenderás  los elementos indispensables para entender el mantenimiento industrial. ¡Te deseamos mucho éxito!,0.0,,,,,,,,,,,,Aprende,,,,,,,,,,,,,True,,,,,,,,,
,,,,,,,,,,,,,,,,,,,Buenas prácticas de documentación,,,,,,,,,,,,,,,,,,,,,,,,,,,Industria,,,,,,,,,Beginner,,,,,,,,,,,,,,es,,,,,,,,,,,,,,,,,,,USD,,,,https://aprende.org/cursos/view/100680,,,,,,,,,,,,https://fsvc.capacitateparaelempleo.org/CapacitateFS/coursesImages/fafa7891-0bde-4f6a-a20d-3d663cec6b34.png,,"¡Bienvenido! 
 En esta capacitación te adentrarás en el mundo de la gestión documental y buenas prácticas de documentación para mejorar la calidad en tu centro de trabajo. ¡Suerte en tu capacitación!",0.0,,,,,,,,,,,,Aprende,,,,,,,,,,,,,True,,,,,,,,,
,,,,,,,,,,,,,,,,,,,Señalización de tuberías en la industria,,,,,,,,,,,,,,,,,,,,,,,,,,,Industria,,,,,,,,,Intermediate,,,,,,,,,,,,,,es,,,,,,,,,,,,,,,,,,,USD,,,,https://aprende.org/cursos/view/100694,,,,,,,,,,,,https://fsvc.capacitateparaelempleo.org/CapacitateFS/coursesImages/aa8b7e94-feb0-4473-861b-ecdc1fbde104.png,,"¡Bienvenido! 
    En esta capacitación aplicarás la normativa vigente sobre señalización industrial y marcaje de tuberías. Identificarás los colores, símbolos y señales de seguridad para comunicar riesgos asociados a fluidos y tuberías para proteger al personal y verificar el cumplimiento en tu entorno laboral. 
    ¡Éxito en tu capacitación!",0.0,,,,,,,,,,,,Aprende,,,,,,,,,,,,,True,,,,,,,,,
,,,,,,,,,,,,,,,,,,,Técnico en desmote de algodón,,,,,,,,,,,,,,,,,,,,,,,,,,,Industria,,,,,,,,,Intermediate,,,,,,,,,,,,,,es,,,,,,,,,,,,,,,,,,,USD,,,,https://aprende.org/cursos/view/100851,,,,,,,,,,,,https://fsvc.capacitateparaelempleo.org/CapacitateFS/coursesImages/faa63c5c-99b6-426a-935b-4742955aacad.png,,"¡Bienvenido! 
 Con este curso serás capaz de operar las máquinas de desmote de forma segura para separar la fibra de algodón de las semillas y otras impurezas, asegurando la calidad del algodón que se usa para la fabricación de hilos y telas.  Aprende 365, contigo en todo momento.",0.0,,,,,,,,,,,,Aprende,,,,,,,,,,,,,True,,,,,,,,,
,,,,,,,,,,,,,,,,,,,Seguridad en el manejo de maquinaria,,,,,,,,,,,,,,,,,,,,,,,,,,,Industria,,,,,,,,,Intermediate,,,,,,,,,,,,,,es,,,,,,,,,,,,,,,,,,,USD,,,,https://aprende.org/cursos/view/100896,,,,,,,,,,,,https://fsvc.capacitateparaelempleo.org/CapacitateFS/coursesImages/e706bb10-f7e3-445c-87b3-0c155e47f6e7.png,,"¡Bienvenido! 
 El trabajo con maquinaria industrial es común en la fabricación de productos y, debido a sus movimientos, el trabajador está expuesto a riesgos. En este curso minimizarás esos riesgos al usar el equipo de protección personal, seguir las reglas de seguridad, dar mantenimiento a la maquinaria, recibir capacitación y utilizar tecnologías emergentes. 
 Al finalizar, tendrás las bases sólidas para trabajar de forma segura en la industria. 
 ¡Inscríbete y descubre cómo puedes generar un impacto positivo en la seguridad industrial!",0.0,,,,,,,,,,,,Aprende,,,,,,,,,,,,,True,,,,,,,,,
,,,,,,,,,,,,,,,,,,,Mesero (Desactualizado),,,,,,,,,,,,,,,,,,,,,,,,,,,Servicio al cliente,,,,,,,,,Beginner,,,,,,,,,,,,,,es,,,,,,,,,,,,,,,,,,,USD,,,,https://aprende.org/cursos/view/3,,,,,,,,,,,,https://fsvc.capacitateparaelempleo.org/CapacitateFS/coursesImages/e6283f43-6078-4d0b-b68c-f255c6b02767.png,,"Ser mesero conlleva una gran responsabilidad, pues prestarás tus servicios en establecimientos de alimentos y de ti depende la imagen del restaurante y la satisfacción del cliente.",0.0,,,,,,,,,,,,Aprende,,,,,,,,,,,,,True,,,,,,,,,
,,,,,,,,,,,,,,,,,,,Asistente de Mesero,,,,,,,,,,,,,,,,,,,,,,,,,,,Servicio al cliente,,,,,,,,,Beginner,,,,,,,,,,,,,,es,,,,,,,,,,,,,,,,,,,USD,,,,https://aprende.org/cursos/view/5,,,,,,,,,,,,https://fsvc.capacitateparaelempleo.org/CapacitateFS/coursesImages/9e7d11ff-c035-41e7-88aa-f8f2acdbffdd.png,,"¡Bienvenido! 
 Aprende a colaborar con el mesero para asegurar que los clientes tengan una experiencia gastronómica satisfactoria durante el servicio. 
 Además, conocerás las acciones de limpieza y asistencia que deberás realizar en un restaurante.    
 ¡Exito en tu capacitación!",0.0,,,,,,,,,,,,Aprende,,,,,,,,,,,,,True,,,,,,,,,
,,,,,,,,,,,,,,,,,,,Aseador de oficina,,,,,,,,,,,,,,,,,,,,,,,,,,,Servicio al cliente,,,,,,,,,Beginner,,,,,,,,,,,,,,es,,,,,,,,,,,,,,,,,,,USD,,,,https://aprende.org/cursos/view/6,,,,,,,,,,,,https://fsvc.capacitateparaelempleo.org/CapacitateFS/coursesImages/15774d47-fc0f-4ed0-b5d3-81414bf19946.png,,"¡Bienvenido!  
  En esta capacitación conocerás los espacios, actividades, utensilios, sustancias, técnicas de limpieza y formación personal,   
  para realizar el aseo en oficinas.   
  ¡Exito en tu capacitación!",0.0,,,,,,,,,,,,Aprende,,,,,,,,,,,,,True,,,,,,,,,
,,,,,,,,,,,,,,,,,,,Planchador,,,,,,,,,,,,,,,,,,,,,,,,,,,Servicio al cliente,,,,,,,,,Beginner,,,,,,,,,,,,,,es,,,,,,,,,,,,,,,,,,,USD,,,,https://aprende.org/cursos/view/8,,,,,,,,,,,,https://fsvc.capacitateparaelempleo.org/CapacitateFS/coursesImages/9096af15-45d5-4073-b049-8ab37453b82d.png,,"¡Bienvenido! 
 Aquí aprenderás los procesos de lavado, desmanchado y planchado. Identificarás los tipos de telas, técnicas y métodos para cuidar y conservar la calidad de las prendas; utilizando los productos textiles adecuados, de acuerdo a las necesidades de cada cliente, en tintorerías, lavanderías y planchadurías. 
 ¡Éxito en tu capacitación!",0.0,,,,,,,,,,,,Aprende,,,,,,,,,,,,,True,,,,,,,,,
,,,,,,,,,,,,,,,,,,,Introducción al cajero de banco,,,,,,,,,,,,,,,,,,,,,,,,,,,Servicio al cliente,,,,,,,,,Beginner,,,,,,,,,,,,,,es,,,,,,,,,,,,,,,,,,,USD,,,,https://aprende.org/cursos/view/13,,,,,,,,,,,,https://fsvc.capacitateparaelempleo.org/CapacitateFS/coursesImages/e71d798e-8992-4146-9fe1-e62557166353.png,,"¡Bienvenido!  
  En este curso aprenderás a realizar los movimientos solicitados en ventanilla por los clientes y a ingresarlos al sistema del banco.             
  Además, conocerás sus funciones, responsabilidades y habilidades con las que debe contar.   
  ¡Éxito en tu capacitación!",0.0,,,,,,,,,,,,Aprende,,,,,,,,,,,,,True,,,,,,,,,
,,,,,,,,,,,,,,,,,,,Cajero de restaurante,,,,,,,,,,,,,,,,,,,,,,,,,,,Servicio al cliente,,,,,,,,,Beginner,,,,,,,,,,,,,,es,,,,,,,,,,,,,,,,,,,USD,,,,https://aprende.org/cursos/view/14,,,,,,,,,,,,https://fsvc.capacitateparaelempleo.org/CapacitateFS/coursesImages/25958f56-2574-441c-ac1e-2b980e15c818.png,,"¡Bienvenido!   
  El cajero de restaurante es el responsable de procesar el pago del comensal, por lo que puede ser el último contacto del cliente con el establecimiento, así que siempre debe brindar un trato amable y servicio ejemplar.  
  ¡Exito en tu capacitación!",0.0,,,,,,,,,,,,Aprende,,,,,,,,,,,,,True,,,,,,,,,
,,,,,,,,,,,,,,,,,,,Bartender,,,,,,,,,,,,,,,,,,,,,,,,,,,Servicio al cliente,,,,,,,,,Beginner,,,,,,,,,,,,,,es,,,,,,,,,,,,,,,,,,,USD,,,,https://aprende.org/cursos/view/32,,,,,,,,,,,,https://fsvc.capacitateparaelempleo.org/CapacitateFS/coursesImages/193e23c2-9c06-4f0e-bd2f-e8925753348d.png,,"¡Bienvenido! 
 Elabora y ofrece bebidas de alta calidad a los clientes, mientras aprendes sobre el trato hacia los mismos. Al terminar el curso podrás trabajar en restaurantes, bares, cantinas, centros nocturnos, hosterías, trenes de pasajeros, etc. 
 ¡Éxito en tu capacitación!",0.0,,,,,,,,,,,,Aprende,,,,,,,,,,,,,True,,,,,,,,,
,,,,,,,,,,,,,,,,,,,Lavaplatos,,,,,,,,,,,,,,,,,,,,,,,,,,,Servicio al cliente,,,,,,,,,Beginner,,,,,,,,,,,,,,es,,,,,,,,,,,,,,,,,,,USD,,,,https://aprende.org/cursos/view/38,,,,,,,,,,,,https://fsvc.capacitateparaelempleo.org/CapacitateFS/coursesImages/7a152239-8dbd-408f-be46-10c8dff1216c.png,,"¡Bienvenido! 
 Aquí aprenderás a lavar vajillas a mano o a máquina, además de desinfectar loza, plaqué, cristalería y utensilios de cocina: tarea muy importante para el buen desarrollo de un restaurante o establecimiento afín. 
 ¡Éxito en tu capacitación!",0.0,,,,,,,,,,,,Aprende,,,,,,,,,,,,,True,,,,,,,,,
,,,,,,,,,,,,,,,,,,,Representante telefónico,,,,,,,,,,,,,,,,,,,,,,,,,,,Servicio al cliente,,,,,,,,,Beginner,,,,,,,,,,,,,,es,,,,,,,,,,,,,,,,,,,USD,,,,https://aprende.org/cursos/view/55,,,,,,,,,,,,https://fsvc.capacitateparaelempleo.org/CapacitateFS/coursesImages/50722ed2-1466-48b5-be43-46184b065277.png,,"¡Bienvenido! 
 Ser un representante telefónico es importante porque ofrecerás soluciones, servicios o productos de acuerdo a las necesidades de los clientes.  
 Saber identificar sus necesidades, cómo tratarlos correctamente y la manera en que debes expresarte, son temas que aprenderás en esta capacitación, además conocerás los procesos de venta, cobranza y atención al cliente.  
 ¡Éxito en tu capacitación!",0.0,,,,,,,,,,,,Aprende,,,,,,,,,,,,,True,,,,,,,,,
,,,,,,,,,,,,,,,,,,,Mesero,,,,,,,,,,,,,,,,,,,,,,,,,,,Servicio al cliente,,,,,,,,,Beginner,,,,,,,,,,,,,,es,,,,,,,,,,,,,,,,,,,USD,,,,https://aprende.org/cursos/view/56,,,,,,,,,,,,https://fsvc.capacitateparaelempleo.org/CapacitateFS/coursesImages/6225c655-3877-4079-beed-55acbfcf01e2.png,,"¡Bienvenido! 
 Obtén las herramientas para brindar un buen servicio a los comensales, desde la calidad de los alimentos hasta la experiencia en el lugar.                     
 Al terminar el curso podrás desempeñarte en cualquier establecimiento que sirva alimentos y bebidas. 
 ¡Éxito en tu capacitación!",0.0,,,,,,,,,,,,Aprende,,,,,,,,,,,,,True,,,,,,,,,
,,,,,,,,,,,,,,,,,,,Trabajador doméstico,,,,,,,,,,,,,,,,,,,,,,,,,,,Servicio al cliente,,,,,,,,,Beginner,,,,,,,,,,,,,,es,,,,,,,,,,,,,,,,,,,USD,,,,https://aprende.org/cursos/view/57,,,,,,,,,,,,https://fsvc.capacitateparaelempleo.org/CapacitateFS/coursesImages/f515b02c-b7cf-4dea-8463-18c11e61ad5c.png,,"¡Bienvenido! 
 Un trabajador doméstico es un experto en el orden, limpieza y administración del hogar. Su función es muy importante para crear ambientes higiénicos, armoniosos y funcionales para la convivencia, el trabajo y el descanso.  
 Para realizarlo te enseñaremos a cumplir con los estándares más altos, cubriendo siempre las necesidades de tu cliente para realizar tus tareas           de manera eficaz, respetuosa, limpia y ordenada. 
 ¡Éxito en tu capacitación!",0.0,,,,,,,,,,,,Aprende,,,,,,,,,,,,,True,,,,,,,,,
,,,,,,,,,,,,,,,,,,,Asesor de servicio al cliente personalizado Telcel,,,,,,,,,,,,,,,,,,,,,,,,,,,Servicio al cliente,,,,,,,,,Beginner,,,,,,,,,,,,,,es,,,,,,,,,,,,,,,,,,,USD,,,,https://aprende.org/cursos/view/72,,,,,,,,,,,,https://fsvc.capacitateparaelempleo.org/CapacitateFS/coursesImages/f874b21c-6a0f-4107-b1b2-86b6b5694605.png,,"¡Bienvenido! 
 Ser un asesor de servicio al cliente personalizado es una gran responsabilidad debido a la continua interacción que tiene con las personas que visitan los CAC´s. El principal objetivo es satisfacer sus necesidades, empleando las mejores técnicas de calidad. 
 Para realizarlo te enseñaremos a cumplir con los estándares más altos, cubriendo siempre las necesidades de tu cliente con un servicio de calidad. 
   
 ¡Éxito en tu capacitación!",0.0,,,,,,,,,,,,Aprende,,,,,,,,,,,,,True,,,,,,,,,
,,,,,,,,,,,,,,,,,,,Cajero Telcel,,,,,,,,,,,,,,,,,,,,,,,,,,,Servicio al cliente,,,,,,,,,Beginner,,,,,,,,,,,,,,es,,,,,,,,,,,,,,,,,,,USD,,,,https://aprende.org/cursos/view/74,,,,,,,,,,,,https://fsvc.capacitateparaelempleo.org/CapacitateFS/coursesImages/29dfdbce-3566-43b9-a690-f42b8d1425e3.png,,"¡Bienvenido al curso Cajero Telcel! 
 En este curso conocerás los procedimientos necesarios para recibir y registrar cobros en un Centro de Atención a Clientes (CAC). 
 También conocerás las técnicas de comunicación efectiva, cómo manejar tus emociones, así como las formas de brindar una atención a clientes de calidad.   
 ¡Capacítate y realiza todas las actividades preparadas para tí!",0.0,,,,,,,,,,,,Aprende,,,,,,,,,,,,,True,,,,,,,,,
,,,,,,,,,,,,,,,,,,,Tronco Común de Ventas Sears,,,,,,,,,,,,,,,,,,,,,,,,,,,Servicio al cliente,,,,,,,,,Beginner,,,,,,,,,,,,,,es,,,,,,,,,,,,,,,,,,,USD,,,,https://aprende.org/cursos/view/87,,,,,,,,,,,,https://fsvc.capacitateparaelempleo.org/CapacitateFS/coursesImages/7a56cb66-eb94-41ba-a79d-6c02f0648585.png,,,0.0,,,,,,,,,,,,Aprende,,,,,,,,,,,,,True,,,,,,,,,
,,,,,,,,,,,,,,,,,,,Protocolos de venta,,,,,,,,,,,,,,,,,,,,,,,,,,,Servicio al cliente,,,,,,,,,Beginner,,,,,,,,,,,,,,es,,,,,,,,,,,,,,,,,,,USD,,,,https://aprende.org/cursos/view/301,,,,,,,,,,,,https://fsvc.capacitateparaelempleo.org/CapacitateFS/coursesImages/dd2bd113-d45d-453f-b8b2-0df07a0be81b.png,,"¡Bienvenido!  
 En este curso aprenderás a desarrollar habilidades en todas las etapas del proceso de venta, a fin de concretar la mayor cantidad y obtener mayores ganancias.",0.0,,,,,,,,,,,,Aprende,,,,,,,,,,,,,True,,,,,,,,,
,,,,,,,,,,,,,,,,,,,Prácticas de cortesía,,,,,,,,,,,,,,,,,,,,,,,,,,,Servicio al cliente,,,,,,,,,Beginner,,,,,,,,,,,,,,es,,,,,,,,,,,,,,,,,,,USD,,,,https://aprende.org/cursos/view/100109,,,,,,,,,,,,https://fsvc.capacitateparaelempleo.org/CapacitateFS/coursesImages/cd8e9174-a97d-4259-aca0-c5ec4c0ab792.png,,,0.0,,,,,,,,,,,,Aprende,,,,,,,,,,,,,True,,,,,,,,,
,,,,,,,,,,,,,,,,,,,Vacante | Cajero,,,,,,,,,,,,,,,,,,,,,,,,,,,Servicio al cliente,,,,,,,,,Beginner,,,,,,,,,,,,,,es,,,,,,,,,,,,,,,,,,,USD,,,,https://aprende.org/cursos/view/100113,,,,,,,,,,,,https://fsvc.capacitateparaelempleo.org/CapacitateFS/coursesImages/ac243142-05c9-423b-904c-102b775c9c68.png,,"Cajero  
  GRUPO FINANCIERO INBURSA  
  ------------/  REQUISITOS  /------------  
  Escolaridad:  
 Bachillerato 
  Experiencia:  
 En atención a clientes o ventas 
  Conocimientos:  
 Atención a clientes o ventas 
  Zona trabajo:  
 Ubicaciones a nivel nacional 
  Disponibilidad:  
 5 días de trabajo por 2 de descanso 
  Horario:  
 De 8:00 a 17:30 hrs. 
  Contacto:  
 Enviar CV a correo seleccionsistemas@inbursa.com 
  ------------/  OFRECEMOS  /------------  
 Sueldo base Mensual 
 Prestaciones superiores a la Ley 
 Desarrollo Profesional 
 Sueldo: De $8,045 a $9,639",0.0,,,,,,,,,,,,Aprende,,,,,,,,,,,,,True,,,,,,,,,
,,,,,,,,,,,,,,,,,,,Vacante | Atención y Servicio,,,,,,,,,,,,,,,,,,,,,,,,,,,Servicio al cliente,,,,,,,,,Beginner,,,,,,,,,,,,,,es,,,,,,,,,,,,,,,,,,,USD,,,,https://aprende.org/cursos/view/100114,,,,,,,,,,,,https://fsvc.capacitateparaelempleo.org/CapacitateFS/coursesImages/8b760719-b233-43b7-b91d-4f2c606a00d4.png,,"Atención y Servicio  
  GRUPO FINANCIERO INBURSA  
  ------------/  REQUISITOS  /------------  
  Escolaridad:  
 Bachillerato 
  Experiencia:  
 En atención a clientes o ventas 
  Conocimientos:  
 Atención a clientes o ventas 
  Zona trabajo:  
 Ubicaciones a nivel nacional 
  Disponibilidad:  
 5 días de trabajo por 2 de descanso 
  Horario:  
 De 11:00 a 20:30 hrs. 
  Contacto:  
 Enviar CV a correo seleccionsistemas@inbursa.com 
  ------------/  OFRECEMOS  /------------  
 Sueldo base Mensual 
 Prestaciones superiores a la Ley 
 Desarrollo Profesional 
 Sueldo: $9,570",0.0,,,,,,,,,,,,Aprende,,,,,,,,,,,,,True,,,,,,,,,
,,,,,,,,,,,,,,,,,,,Vacante | Ejecutivo de Atención Telefónica,,,,,,,,,,,,,,,,,,,,,,,,,,,Servicio al cliente,,,,,,,,,Beginner,,,,,,,,,,,,,,es,,,,,,,,,,,,,,,,,,,USD,,,,https://aprende.org/cursos/view/100115,,,,,,,,,,,,https://fsvc.capacitateparaelempleo.org/CapacitateFS/coursesImages/106bda38-d6ff-45e3-b91d-8bbbc97d8342.png,,"Ejecutivo de Atención Telefónica  
  GRUPO FINANCIERO INBURSA  
  ------------/  REQUISITOS  /------------  
  Escolaridad:  
 Bachillerato 
  Experiencia:  
 No necesaria 
  Conocimientos:  
 Atención a clientes 
  Zona trabajo:  
 CDMX Condesa 
  Disponibilidad:  
 5 días de trabajo por 2 de descanso 
  Horario:  
 De 12:00 a 20:00 hrs. 
  Contacto:  
 Enviar CV a correo seleccionsistemas@inbursa.com 
  ------------/  OFRECEMOS  /------------  
 Sueldo base Mensual 
 Prestaciones superiores a la Ley 
 Bono de Productividad, Puntualidad y Asistencia 
 Sueldo: De $5,300 a $6,900",0.0,,,,,,,,,,,,Aprende,,,,,,,,,,,,,True,,,,,,,,,
,,,,,,,,,,,,,,,,,,,Vacante | Asesor Telefónico,,,,,,,,,,,,,,,,,,,,,,,,,,,Servicio al cliente,,,,,,,,,Beginner,,,,,,,,,,,,,,es,,,,,,,,,,,,,,,,,,,USD,,,,https://aprende.org/cursos/view/100116,,,,,,,,,,,,https://fsvc.capacitateparaelempleo.org/CapacitateFS/coursesImages/715280a6-d40f-44d9-9603-befa57dab2ee.png,,"Asesor Telefónico  
  GRUPO FINANCIERO INBURSA  
  ------------/  REQUISITOS  /------------  
  Escolaridad:  
 Bachillerato 
  Experiencia:  
 No necesaria 
  Conocimientos:  
 Atención a clientes o ventas 
  Zona trabajo:  
 CDMX Centro 
  Disponibilidad:  
 6 días de trabajo por 1 de descanso 
  Horario:  
 De 15:00 a 23:00 hrs. 
  Contacto:  
 Enviar CV a correo seleccionsistemas@inbursa.com 
  ------------/  OFRECEMOS  /------------  
 Sueldo base Mensual 
 Prestaciones superiores a la Ley 
 Bono de Productividad 
 Desarrollo Profesional 
 Sueldo: De $6,500 a $7,700",0.0,,,,,,,,,,,,Aprende,,,,,,,,,,,,,True,,,,,,,,,
,,,,,,,,,,,,,,,,,,,Cuidador de adultos mayores,,,,,,,,,,,,,,,,,,,,,,,,,,,Cuidado social,,,,,,,,,Beginner,,,,,,,,,,,,,,es,,,,,,,,,,,,,,,,,,,USD,,,,https://aprende.org/cursos/view/15,,,,,,,,,,,,https://fsvc.capacitateparaelempleo.org/CapacitateFS/coursesImages/602997ac-11af-4c8e-890a-ff76057aadcd.png,,"¡Bienvenido!  
  El cuidador de adultos mayores es la persona capacitada para apoyar a los adultos mayores que requieren cuidados de un tercero. Su labor consiste en contribuir al bienestar del adulto mayor, atendiendo con calidad y calidez sus necesidades.  
  ¡Éxito en tu capacitación!",0.0,,,,,,,,,,,,Aprende,,,,,,,,,,,,,True,,,,,,,,,
,,,,,,,,,,,,,,,,,,,Cuidador de niños,,,,,,,,,,,,,,,,,,,,,,,,,,,Cuidado social,,,,,,,,,Beginner,,,,,,,,,,,,,,es,,,,,,,,,,,,,,,,,,,USD,,,,https://aprende.org/cursos/view/25,,,,,,,,,,,,https://fsvc.capacitateparaelempleo.org/CapacitateFS/coursesImages/ed71c7f4-2155-4781-aa2c-e0bbb61fd862.png,,"¡Bienvenido! 
 Como cuidador de niños serás el responsable de atender sus necesidades y brindarles estímulos necesarios para su desarrollo integral. Diviértete con ellos y disfruta de todo lo que comparten, asegurándote en todo momento de cuidar su integridad física y emocional. 
 ¡Éxito en tu capacitación!",0.0,,,,,,,,,,,,Aprende,,,,,,,,,,,,,True,,,,,,,,,
,,,,,,,,,,,,,,,,,,,Fundamentos del trastorno del espectro autista,,,,,,,,,,,,,,,,,,,,,,,,,,,Cuidado social,,,,,,,,,Beginner,,,,,,,,,,,,,,es,,,,,,,,,,,,,,,,,,,USD,,,,https://aprende.org/cursos/view/116,,,,,,,,,,,,https://fsvc.capacitateparaelempleo.org/CapacitateFS/coursesImages/b38fd861-96b5-428d-9943-d7420fa88330.png,,Acércate a un panorama integral para conocer los elementos que constituyen el trastorno del espectro autista.,0.0,,,,,,,,,,,,Aprende,,,,,,,,,,,,,True,,,,,,,,,
,,,,,,,,,,,,,,,,,,,Estimulación y desarrollo,,,,,,,,,,,,,,,,,,,,,,,,,,,Cuidado social,,,,,,,,,Beginner,,,,,,,,,,,,,,es,,,,,,,,,,,,,,,,,,,USD,,,,https://aprende.org/cursos/view/207,,,,,,,,,,,,https://fsvc.capacitateparaelempleo.org/CapacitateFS/coursesImages/52a74de3-dcd3-48f9-914e-7f05f0094c1e.png,,"En este curso aprenderás a diseñar sesiones de estimulación para niños de 0 a 30 meses; serás capaz de promover un desarrollo integral a través de actividades que fortalezcan cada una de sus áreas: cognitiva, motora, afectivo-social y de comunicación.",0.0,,,,,,,,,,,,Aprende,,,,,,,,,,,,,True,,,,,,,,,
,,,,,,,,,,,,,,,,,,,Jugar para crecer,,,,,,,,,,,,,,,,,,,,,,,,,,,Cuidado social,,,,,,,,,Beginner,,,,,,,,,,,,,,es,,,,,,,,,,,,,,,,,,,USD,,,,https://aprende.org/cursos/view/304,,,,,,,,,,,,https://fsvc.capacitateparaelempleo.org/CapacitateFS/coursesImages/3e51d13f-8525-42e4-841d-931f22f3dde3.png,,"El Programa de Educación Inicial de Fundación Carlos Slim, agradece la contribución   The LEGO Foundation  y  Sésamo  para la realización de este curso. Sumando esfuerzos promovemos rescatar el valor del Juego en la vida de los niños y de sus cuidadores y hacer de éste, una actividad cotidiana, libre y vital. 
 LHbYQrP-EVU",0.0,,,,,,,,,,,,Aprende,,,,,,,,,,,,,True,,,,,,,,,
,,,,,,,,,,,,,,,,,,,Discapacidad en la primera infancia,,,,,,,,,,,,,,,,,,,,,,,,,,,Cuidado social,,,,,,,,,Beginner,,,,,,,,,,,,,,es,,,,,,,,,,,,,,,,,,,USD,,,,https://aprende.org/cursos/view/307,,,,,,,,,,,,https://fsvc.capacitateparaelempleo.org/CapacitateFS/coursesImages/26e75d87-f6d7-4a96-937b-ef81158f653d.png,,"El Programa de Educación Inicial de Fundación Carlos Slim , agradece la participación de  Save the Children   y  Fundación Inclúyeme   para el desarrollo de este curso. Es a través de un trabajo colaborativo que podremos propiciar una nueva perspectiva en relación a la discapacidad y con ello actuar con sensibilidad y empatía para mejorar la calidad de vida de los niños con discapacidad. 
 ¡Éxito en tu capacitación!",0.0,,,,,,,,,,,,Aprende,,,,,,,,,,,,,True,,,,,,,,,
,,,,,,,,,,,,,,,,,,,Lengua de señas mexicana,,,,,,,,,,,,,,,,,,,,,,,,,,,Cuidado social,,,,,,,,,Beginner,,,,,,,,,,,,,,es,,,,,,,,,,,,,,,,,,,USD,,,,https://aprende.org/cursos/view/312,,,,,,,,,,,,https://fsvc.capacitateparaelempleo.org/CapacitateFS/coursesImages/ed24b35c-b647-49b0-ad8d-85ea4c44d7b4.png,,Aprende lenguaje de señas y conoce la importancia que tiene en la construcción de sociedades inclusivas.,0.0,,,,,,,,,,,,Aprende,,,,,,,,,,,,,True,,,,,,,,,
,,,,,,,,,,,,,,,,,,,Síndrome de Down: El Espacio de Michelle,,,,,,,,,,,,,,,,,,,,,,,,,,,Cuidado social,,,,,,,,,Beginner,,,,,,,,,,,,,,es,,,,,,,,,,,,,,,,,,,USD,,,,https://aprende.org/cursos/view/357,,,,,,,,,,,,https://fsvc.capacitateparaelempleo.org/CapacitateFS/coursesImages/bad8956f-f466-4f36-a936-ad8ae9cc38d1.png,,"¡Bienvenido!  
 En este curso encontrás información relacionada con síndrome  de Down con el fin de contribuir a mejorar el desarrollo de las personas que presentan esta condición.",0.0,,,,,,,,,,,,Aprende,,,,,,,,,,,,,True,,,,,,,,,
,,,,,,,,,,,,,,,,,,,Crecer juntos,,,,,,,,,,,,,,,,,,,,,,,,,,,Cuidado social,,,,,,,,,Beginner,,,,,,,,,,,,,,es,,,,,,,,,,,,,,,,,,,USD,,,,https://aprende.org/cursos/view/407,,,,,,,,,,,,https://fsvc.capacitateparaelempleo.org/CapacitateFS/coursesImages/a87e4d0b-bebc-4c73-bb1a-aaebd709343a.png,,"¡Bienvenido! 
 Desarrolla capacidades de cuidado en los adultos responsables de la crianza de niños pequeños para promover su desarrollo saludable en todas las dimensiones de su vida.",0.0,,,,,,,,,,,,Aprende,,,,,,,,,,,,,True,,,,,,,,,
,,,,,,,,,,,,,,,,,,,El arte en la vida de los niños,,,,,,,,,,,,,,,,,,,,,,,,,,,Cuidado social,,,,,,,,,Beginner,,,,,,,,,,,,,,es,,,,,,,,,,,,,,,,,,,USD,,,,https://aprende.org/cursos/view/100067,,,,,,,,,,,,https://fsvc.capacitateparaelempleo.org/CapacitateFS/coursesImages/44138c59-142c-42b4-bf3d-a26de4535414.png,,"Este curso está dirigido a los adultos responsables del cuidado y educación de las niñas y los niños en la primera infancia, con el fin de brindarles información y estrategias relevantes, para que se conviertan en mediadores de experiencias que permitan a los niños relacionarse con el arte en todas sus manifestaciones: la narración, la pintura, la danza o el movimiento.",0.0,,,,,,,,,,,,Aprende,,,,,,,,,,,,,True,,,,,,,,,
,,,,,,,,,,,,,,,,,,,La ciencia y los niños,,,,,,,,,,,,,,,,,,,,,,,,,,,Cuidado social,,,,,,,,,Beginner,,,,,,,,,,,,,,es,,,,,,,,,,,,,,,,,,,USD,,,,https://aprende.org/cursos/view/100142,,,,,,,,,,,,https://fsvc.capacitateparaelempleo.org/CapacitateFS/coursesImages/3b30118f-48b9-4000-9acc-0fc520de4f80.png,,¡Bienvenido! Este curso se enfoca en crear experiencias teórico-prácticas que provean a los adultos recursos para ayudar al niño a comprender su entorno.,0.0,,,,,,,,,,,,Aprende,,,,,,,,,,,,,True,,,,,,,,,
,,,,,,,,,,,,,,,,,,,Entorno y desarrollo cerebral del niño,,,,,,,,,,,,,,,,,,,,,,,,,,,Cuidado social,,,,,,,,,Intermediate,,,,,,,,,,,,,,es,,,,,,,,,,,,,,,,,,,USD,,,,https://aprende.org/cursos/view/100417,,,,,,,,,,,,https://fsvc.capacitateparaelempleo.org/CapacitateFS/coursesImages/d513e2d0-0392-4158-afca-57c98be7e01d.png,,¡Bienvenido! En este curso podrás crear entornos enriquecedores que promuevan el desarrollo cerebral del niño.,0.0,,,,,,,,,,,,Aprende,,,,,,,,,,,,,True,,,,,,,,,
,,,,,,,,,,,,,,,,,,,Técnico en redes de datos,,,,,,,,,,,,,,,,,,,,,,,,,,,Tecnología,,,,,,,,,Beginner,,,,,,,,,,,,,,es,,,,,,,,,,,,,,,,,,,USD,,,,https://aprende.org/cursos/view/2,,,,,,,,,,,,https://fsvc.capacitateparaelempleo.org/CapacitateFS/coursesImages/dc68998c-398c-46e0-8e99-cca253396064.png,,"¡Bienvenido! 
 Adquiere las herramientas que te permitirán instalar, dar soporte y mantenimiento a las redes de datos, mediante el conocimiento básico de la instalación, conexión, configuración, diagnóstico y reparación de fallas en las redes locales. 
 ¡Éxito en tu capacitación!",0.0,,,,,,,,,,,,Aprende,,,,,,,,,,,,,True,,,,,,,,,
,,,,,,,,,,,,,,,,,,,Técnico en la instalación y reparación de equipo de cómputo,,,,,,,,,,,,,,,,,,,,,,,,,,,Tecnología,,,,,,,,,Beginner,,,,,,,,,,,,,,es,,,,,,,,,,,,,,,,,,,USD,,,,https://aprende.org/cursos/view/10,,,,,,,,,,,,https://fsvc.capacitateparaelempleo.org/CapacitateFS/coursesImages/1b4f8898-b666-472e-b205-6f93bc8bfa06.png,,"¡Bienvenido! 
 Aprende a dar mantenimiento correctivo y preventivo a sistemas de cómputo y software. Instala, configura y repara equipos, elimina virus,                realiza respaldos de información, etc. El campo laboral es muy amplio tanto en el sector público como privado.    
 ¡Éxito en tu capacitación!",0.0,,,,,,,,,,,,Aprende,,,,,,,,,,,,,True,,,,,,,,,
,,,,,,,,,,,,,,,,,,,Asistente web,,,,,,,,,,,,,,,,,,,,,,,,,,,Tecnología,,,,,,,,,Beginner,,,,,,,,,,,,,,es,,,,,,,,,,,,,,,,,,,USD,,,,https://aprende.org/cursos/view/16,,,,,,,,,,,,https://fsvc.capacitateparaelempleo.org/CapacitateFS/coursesImages/7bac42c6-6a7b-42e6-8ebe-566b7cff6f40.png,,"¡Bienvenido! 
 Conoce la estructura básica de una página web, el proceso de diseño, elementos y formatos que te permitirán desarrollarte de manera profesional. 
 ¡Éxito en tu capacitación!",0.0,,,,,,,,,,,,Aprende,,,,,,,,,,,,,True,,,,,,,,,
,,,,,,,,,,,,,,,,,,,Técnico en informática,,,,,,,,,,,,,,,,,,,,,,,,,,,Tecnología,,,,,,,,,Beginner,,,,,,,,,,,,,,es,,,,,,,,,,,,,,,,,,,USD,,,,https://aprende.org/cursos/view/19,,,,,,,,,,,,https://fsvc.capacitateparaelempleo.org/CapacitateFS/coursesImages/00a4a79b-dd97-4909-9ded-0f5f2298a1aa.png,,"¡Bienvenido! 
 Aprende a generar documentos administrativos y contables, a manejar bases de datos y a dar soporte de software y hardware, para optimizar los recursos informáticos de las empresas. 
 ¡Éxito en tu capacitación!",0.0,,,,,,,,,,,,Aprende,,,,,,,,,,,,,True,,,,,,,,,
,,,,,,,,,,,,,,,,,,,Curador de datos,,,,,,,,,,,,,,,,,,,,,,,,,,,Tecnología,,,,,,,,,Beginner,,,,,,,,,,,,,,es,,,,,,,,,,,,,,,,,,,USD,,,,https://aprende.org/cursos/view/28,,,,,,,,,,,,https://fsvc.capacitateparaelempleo.org/CapacitateFS/coursesImages/e56a4e14-36f8-44bd-91b9-f4564214eb88.png,,"¡Bienvenido! 
 Aprende a administrar, crear, limpiar, manejar y optimizar una base de datos, mediante un software especializado, para que la información sea útil y se convierta en un activo importante para la toma de decisiones. 
 ¡Éxito en tu capacitación!",0.0,,,,,,,,,,,,Aprende,,,,,,,,,,,,,True,,,,,,,,,
,,,,,,,,,,,,,,,,,,,Reparador de celulares y tablets,,,,,,,,,,,,,,,,,,,,,,,,,,,Tecnología,,,,,,,,,Beginner,,,,,,,,,,,,,,es,,,,,,,,,,,,,,,,,,,USD,,,,https://aprende.org/cursos/view/34,,,,,,,,,,,,https://fsvc.capacitateparaelempleo.org/CapacitateFS/coursesImages/8c46433e-c8ce-4ab7-8a65-6f6acb8c5b52.png,,"¡Bienvenido!   
   Conoce las partes y el funcionamiento de celulares y tablets. Aprende a emplear las herramientas para su reparación, desarma y ensambla equipos, restaura software y soluciona problemas de hardware.    
   ¡Éxito en tu capacitación!",0.0,,,,,,,,,,,,Aprende,,,,,,,,,,,,,True,,,,,,,,,
,,,,,,,,,,,,,,,,,,,Desarrollador de contenido digital,,,,,,,,,,,,,,,,,,,,,,,,,,,Tecnología,,,,,,,,,Beginner,,,,,,,,,,,,,,es,,,,,,,,,,,,,,,,,,,USD,,,,https://aprende.org/cursos/view/42,,,,,,,,,,,,https://fsvc.capacitateparaelempleo.org/CapacitateFS/coursesImages/ae9ceb38-60b9-4d82-a19b-3addf0380a91.png,,"¡Bienvenido! 
 Desarrolla textos y contenido multimedia aptos para el mundo digital según las necesidades comerciales de tus clientes. 
 ¡Éxito en tu capacitación!",0.0,,,,,,,,,,,,Aprende,,,,,,,,,,,,,True,,,,,,,,,
,,,,,,,,,,,,,,,,,,,Finder,,,,,,,,,,,,,,,,,,,,,,,,,,,Tecnología,,,,,,,,,Beginner,,,,,,,,,,,,,,es,,,,,,,,,,,,,,,,,,,USD,,,,https://aprende.org/cursos/view/43,,,,,,,,,,,,https://fsvc.capacitateparaelempleo.org/CapacitateFS/coursesImages/bdd3d668-261e-409a-8cb5-db27d47166f7.png,,"¡Bienvenido!   
  Aprende a investigar, recopilar, seleccionar, organizar y almacenar información de valor, que ayudará a personas u organizaciones en la toma de decisiones. Puede trabajar de forma independiente ( freelance ) o en una empresa especializada en este campo.   
  ¡Éxito en tu curso!",0.0,,,,,,,,,,,,Aprende,,,,,,,,,,,,,True,,,,,,,,,
,,,,,,,,,,,,,,,,,,,Gestor de Imagen Web,,,,,,,,,,,,,,,,,,,,,,,,,,,Tecnología,,,,,,,,,Beginner,,,,,,,,,,,,,,es,,,,,,,,,,,,,,,,,,,USD,,,,https://aprende.org/cursos/view/44,,,,,,,,,,,,https://fsvc.capacitateparaelempleo.org/CapacitateFS/coursesImages/7fae7cdd-eca3-449b-9295-1a003ea2195d.png,,"¡Bienvenido! 
 Obtén las herramientas para ser una guía para las empresas que quieren introducirse al mercado en línea, diseña estrategias para facilitar el acercamiento entre la empresa y sus consumidores, realiza campañas digitales y brinda asesoría para solucionar problemas de imagen pública. 
 En esta capacitación te enseñaremos a emplear medios y herramientas digitales para lograrlo. 
 ¡Éxito en tu capacitación!",0.0,,,,,,,,,,,,Aprende,,,,,,,,,,,,,True,,,,,,,,,
,,,,,,,,,,,,,,,,,,,Visualizador de Big Data,,,,,,,,,,,,,,,,,,,,,,,,,,,Tecnología,,,,,,,,,Beginner,,,,,,,,,,,,,,es,,,,,,,,,,,,,,,,,,,USD,,,,https://aprende.org/cursos/view/45,,,,,,,,,,,,https://fsvc.capacitateparaelempleo.org/CapacitateFS/coursesImages/ce492243-33b6-417d-93c7-8735d8f6f6b1.png,,"En esta capacitación podrás desarrollar aplicaciones que obtengan, limpien y procesen todo tipo de datos para crear gráfcos y visualizaciones que revelen el comportamiento de una organización. ¡Bienvenido!",0.0,,,,,,,,,,,,Aprende,,,,,,,,,,,,,True,,,,,,,,,
,,,,,,,,,,,,,,,,,,,Tester,,,,,,,,,,,,,,,,,,,,,,,,,,,Tecnología,,,,,,,,,Beginner,,,,,,,,,,,,,,es,,,,,,,,,,,,,,,,,,,USD,,,,https://aprende.org/cursos/view/46,,,,,,,,,,,,https://fsvc.capacitateparaelempleo.org/CapacitateFS/coursesImages/0b309949-2bbd-414d-987e-debc8d2d78f4.png,,"¡Bienvenido! 
 Diseña y crea distintas pruebas para prevenir la aparición de errores en el software y maneja los defectos encontrados. Conoce las herramientas utilizadas en las pruebas y valida tus conocimientos a nivel internacional. 
 ¡Éxito en tu capacitación!",0.0,,,,,,,,,,,,Aprende,,,,,,,,,,,,,True,,,,,,,,,
,,,,,,,,,,,,,,,,,,,Instalador de fibra óptica,,,,,,,,,,,,,,,,,,,,,,,,,,,Tecnología,,,,,,,,,Beginner,,,,,,,,,,,,,,es,,,,,,,,,,,,,,,,,,,USD,,,,https://aprende.org/cursos/view/47,,,,,,,,,,,,https://fsvc.capacitateparaelempleo.org/CapacitateFS/coursesImages/8f63ffe9-4678-4d55-a5f2-c58c339bc2ac.png,,"¡Bienvenido! 
 En este curso aprenderás los diferentes tipos de instalación en planta externa, conocerás cómo se diseña una red de fibra óptica y ayudarás a incrementar la calidad de las transmisiones de telecomunicaciones. 
 ¡Éxito en tu capacitación!",0.0,,,,,,,,,,,,Aprende,,,,,,,,,,,,,True,,,,,,,,,
,,,,,,,,,,,,,,,,,,,Técnico en seguridad informática (análisis de riesgos),,,,,,,,,,,,,,,,,,,,,,,,,,,Tecnología,,,,,,,,,Beginner,,,,,,,,,,,,,,es,,,,,,,,,,,,,,,,,,,USD,,,,https://aprende.org/cursos/view/49,,,,,,,,,,,,https://fsvc.capacitateparaelempleo.org/CapacitateFS/coursesImages/eb1fbb5e-292c-4792-8c46-e7590232aea7.png,,"¡Bienvenido! 
 Adquiere las herramientas que te permitirán instalar, dar soporte y  mantenimiento a las redes de datos, mediante el conocimiento básico                de la instalación, conexión, configuración, diagnóstico y reparación de fallas en las redes locales.   
 ¡Éxito en tu capacitación!",0.0,,,,,,,,,,,,Aprende,,,,,,,,,,,,,True,,,,,,,,,
,,,,,,,,,,,,,,,,,,,Técnico en electrónica,,,,,,,,,,,,,,,,,,,,,,,,,,,Tecnología,,,,,,,,,Beginner,,,,,,,,,,,,,,es,,,,,,,,,,,,,,,,,,,USD,,,,https://aprende.org/cursos/view/50,,,,,,,,,,,,https://fsvc.capacitateparaelempleo.org/CapacitateFS/coursesImages/28b175c1-c465-419c-86e8-61cc42663b86.png,,"¡Bienvenido! 
 Aquí adquirirás los conocimientos técnicos para reparar aparatos electrónicos que se encuentran en el hogar, a partir del conocimiento de las herramientas y métodos para cambiar o arreglar componentes eléctricos y electrónicos. 
 ¡Éxito en tu capacitación!",0.0,,,,,,,,,,,,Aprende,,,,,,,,,,,,,True,,,,,,,,,
,,,,,,,,,,,,,,,,,,,Administrador de bases de datos,,,,,,,,,,,,,,,,,,,,,,,,,,,Tecnología,,,,,,,,,Beginner,,,,,,,,,,,,,,es,,,,,,,,,,,,,,,,,,,USD,,,,https://aprende.org/cursos/view/69,,,,,,,,,,,,https://fsvc.capacitateparaelempleo.org/CapacitateFS/coursesImages/30040080-a3fb-4b85-8cab-4aed4f06b90a.png,,"¡Bienvenido! 
 Un administrador de base de datos es un experto en el diseño y mantenimiento de las bases de datos relacionales. Su función es muy importante para todo negocio cuyo crecimiento depende del manejo eficiente de la información. 
 Aprenderás a realizar tus tareas de manera óptima, cumpliendo con los estándares de calidad más altos, para satisfacer las necesidades de tus clientes. 
 Recuerda que para tomar este curso primero debes haber concluido la capacitación: “Curador de datos” 
 ¡Éxito en tu capacitación!",0.0,,,,,,,,,,,,Aprende,,,,,,,,,,,,,True,,,,,,,,,
,,,,,,,,,,,,,,,,,,,Instalador de cables de cobre,,,,,,,,,,,,,,,,,,,,,,,,,,,Tecnología,,,,,,,,,Beginner,,,,,,,,,,,,,,es,,,,,,,,,,,,,,,,,,,USD,,,,https://aprende.org/cursos/view/70,,,,,,,,,,,,https://fsvc.capacitateparaelempleo.org/CapacitateFS/coursesImages/0341c438-b4ad-4e63-a03e-9a99be09bbff.png,,"¡Bienvenido! 
 En este curso conocerás las partes de una planta telefónica. Aprenderás a instalar puentes, DITs y rosetas, además de realizar acometidas aéreas y subterráneas para llevar servicio de telefonía e internet a los clientes de tu empresa.  
 ¡Éxito en tu capacitación!",0.0,,,,,,,,,,,,Aprende,,,,,,,,,,,,,True,,,,,,,,,
,,,,,,,,,,,,,,,,,,,Programador (orientado a objetos),,,,,,,,,,,,,,,,,,,,,,,,,,,Tecnología,,,,,,,,,Beginner,,,,,,,,,,,,,,es,,,,,,,,,,,,,,,,,,,USD,,,,https://aprende.org/cursos/view/71,,,,,,,,,,,,https://fsvc.capacitateparaelempleo.org/CapacitateFS/coursesImages/7d65b83a-d216-44f3-a77c-bb10b925381b.png,,"¡Bienvenido! 
 Aprende a codificar con un lenguaje de programación formal. Realiza pruebas, verifica y corrige problemas de código. 
 ¡Éxito en tu capacitación!",0.0,,,,,,,,,,,,Aprende,,,,,,,,,,,,,True,,,,,,,,,
,,,,,,,,,,,,,,,,,,,Administrador de servidores,,,,,,,,,,,,,,,,,,,,,,,,,,,Tecnología,,,,,,,,,Beginner,,,,,,,,,,,,,,es,,,,,,,,,,,,,,,,,,,USD,,,,https://aprende.org/cursos/view/76,,,,,,,,,,,,https://fsvc.capacitateparaelempleo.org/CapacitateFS/coursesImages/ef8bb2f9-f3be-47a4-ad47-ad134cb6c66e.png,,"¡Bienvenido! 
 Un administrador de servidores es un experto en la administración y mantenimiento de equipos dedicados a guardar datos. Su función es muy importante para todo negocio cuyo crecimiento depende del manejo eficiente de la información. 
 Aprenderás a realizar tus tareas de manera eficaz, cumpliendo con los estándares de calidad más altos, para satisfacer las necesidades de tus clientes. 
 ¡Éxito en tu capacitación!",0.0,,,,,,,,,,,,Aprende,,,,,,,,,,,,,True,,,,,,,,,
,,,,,,,,,,,,,,,,,,,Analista de datos,,,,,,,,,,,,,,,,,,,,,,,,,,,Tecnología,,,,,,,,,Beginner,,,,,,,,,,,,,,es,,,,,,,,,,,,,,,,,,,USD,,,,https://aprende.org/cursos/view/81,,,,,,,,,,,,https://fsvc.capacitateparaelempleo.org/CapacitateFS/coursesImages/8d5363eb-2f96-40bd-b11a-b772b7c0d435.png,,"Aprende a recopilar y analizar la información de las empresas para emitir recomendaciones o tomar decisiones. Esta es una de las 5 ocupaciones tecnológicas con mayor crecimiento a mediano plazo, por lo que tiene un mercado de trabajo prometedor.",0.0,,,,,,,,,,,,Aprende,,,,,,,,,,,,,True,,,,,,,,,
,,,,,,,,,,,,,,,,,,,Técnico Instalador de Triple Play,,,,,,,,,,,,,,,,,,,,,,,,,,,Tecnología,,,,,,,,,Beginner,,,,,,,,,,,,,,es,,,,,,,,,,,,,,,,,,,USD,,,,https://aprende.org/cursos/view/102,,,,,,,,,,,,https://fsvc.capacitateparaelempleo.org/CapacitateFS/coursesImages/0d2d78ff-5663-422b-b728-68e7513c4122.png,,"¡Bienvenido! 
 En este curso aprenderás las diferentes arquitecturas de las tecnologías GPON y VDSL para instalar la red de acceso y así brindar los servicios digitales de Triple Play, conocerás cómo se manejan los diferentes dispositivos que ayudan en la búsqueda de fallas de la red. De esta forma ayudarás en el despliegue y aseguramiento de las redes de acceso de telecomunicaciones actuales. 
 ¡Éxito en tu capacitación!",0.0,,,,,,,,,,,,Aprende,,,,,,,,,,,,,True,,,,,,,,,
,,,,,,,,,,,,,,,,,,,Desarrollador de videojuegos,,,,,,,,,,,,,,,,,,,,,,,,,,,Tecnología,,,,,,,,,Beginner,,,,,,,,,,,,,,es,,,,,,,,,,,,,,,,,,,USD,,,,https://aprende.org/cursos/view/111,,,,,,,,,,,,https://fsvc.capacitateparaelempleo.org/CapacitateFS/coursesImages/ddf4f3fb-a013-45b6-bfa4-594070b2cf8a.png,,Descubre las ventajas de aprender a desarrollar videojuegos en el mercado actual.,0.0,,,,,,,,,,,,Aprende,,,,,,,,,,,,,True,,,,,,,,,
,,,,,,,,,,,,,,,,,,,Desarrollador de aplicaciones móviles,,,,,,,,,,,,,,,,,,,,,,,,,,,Tecnología,,,,,,,,,Beginner,,,,,,,,,,,,,,es,,,,,,,,,,,,,,,,,,,USD,,,,https://aprende.org/cursos/view/112,,,,,,,,,,,,https://fsvc.capacitateparaelempleo.org/CapacitateFS/coursesImages/8a40dc4c-34fb-4877-b185-3551601cc880.png,,"¡Bienvenido! 
 El desarrollador de aplicaciones móviles es un especialista encargado de diseñar la interfaz de usuario de cada aplicación que se le presente. Utiliza las tecnologías de la información y comunicación para plasmar el contenido de manera que los usuarios lo puedan aprovechar al máximo. Puede convertir cualquier aplicación móvil en un fenómeno mundial.",0.0,,,,,,,,,,,,Aprende,,,,,,,,,,,,,True,,,,,,,,,
,,,,,,,,,,,,,,,,,,,Desarrollador Back-end,,,,,,,,,,,,,,,,,,,,,,,,,,,Tecnología,,,,,,,,,Beginner,,,,,,,,,,,,,,es,,,,,,,,,,,,,,,,,,,USD,,,,https://aprende.org/cursos/view/121,,,,,,,,,,,,https://fsvc.capacitateparaelempleo.org/CapacitateFS/coursesImages/26afe79f-48dd-4497-b491-ebeaa0d57757.png,,"El desarrollador back-end es el encargado de implementar la interacción entre el usuario y el sitio web. Utiliza lenguajes de programación para desarrollar módulos de procesamiento que otorguen a los usuarios contenido dinámico basado en las peticiones de entrada. Almacena información de valor utilizando bases de datos y otorga un alto nivel operacional a sitios como las redes sociales, páginas de compras por internet y a la mayoría de páginas web actuales.",0.0,,,,,,,,,,,,Aprende,,,,,,,,,,,,,True,,,,,,,,,
,,,,,,,,,,,,,,,,,,,Desarrollador Front-end,,,,,,,,,,,,,,,,,,,,,,,,,,,Tecnología,,,,,,,,,Beginner,,,,,,,,,,,,,,es,,,,,,,,,,,,,,,,,,,USD,,,,https://aprende.org/cursos/view/122,,,,,,,,,,,,https://fsvc.capacitateparaelempleo.org/CapacitateFS/coursesImages/00f79d87-4a44-4eac-a426-bb794db9e317.png,,"¡Bienvenido! 
 El desarrollador front-end es un especialista encargado de diseñar la interfaz de usuario de los sitios web. Utiliza las tecnologías de la información y comunicación para plasmar el contenido de manera que los usuarios lo puedan aprovechar al máximo. Puede convertir cualquier sitio web en un fenómeno mundial.",0.0,,,,,,,,,,,,Aprende,,,,,,,,,,,,,True,,,,,,,,,
,,,,,,,,,,,,,,,,,,,Complemento - Instalador de fibra óptica,,,,,,,,,,,,,,,,,,,,,,,,,,,Tecnología,,,,,,,,,Beginner,,,,,,,,,,,,,,es,,,,,,,,,,,,,,,,,,,USD,,,,https://aprende.org/cursos/view/125,,,,,,,,,,,,https://fsvc.capacitateparaelempleo.org/CapacitateFS/coursesImages/fe52475d-7d98-4f26-bcba-edd964440c9d.png,,,0.0,,,,,,,,,,,,Aprende,,,,,,,,,,,,,True,,,,,,,,,
,,,,,,,,,,,,,,,,,,,Complemento - Instalador de cables de cobre,,,,,,,,,,,,,,,,,,,,,,,,,,,Tecnología,,,,,,,,,Beginner,,,,,,,,,,,,,,es,,,,,,,,,,,,,,,,,,,USD,,,,https://aprende.org/cursos/view/126,,,,,,,,,,,,https://fsvc.capacitateparaelempleo.org/CapacitateFS/coursesImages/6c85bf4f-4d11-403f-a97c-f59fb78cd392.png,,,0.0,,,,,,,,,,,,Aprende,,,,,,,,,,,,,True,,,,,,,,,
,,,,,,,,,,,,,,,,,,,Salud Digital,,,,,,,,,,,,,,,,,,,,,,,,,,,Tecnología,,,,,,,,,Beginner,,,,,,,,,,,,,,es,,,,,,,,,,,,,,,,,,,USD,,,,https://aprende.org/cursos/view/127,,,,,,,,,,,,https://fsvc.capacitateparaelempleo.org/CapacitateFS/coursesImages/a9db5a1c-8898-4715-814b-b5ff6df42716.png,,"¡Bienvenido! 
 Si no puedes ver la imagen da clic en este enlace  ""Medidas de seguridad""",0.0,,,,,,,,,,,,Aprende,,,,,,,,,,,,,True,,,,,,,,,
,,,,,,,,,,,,,,,,,,,Diseñador de experiencia de usuario (UX),,,,,,,,,,,,,,,,,,,,,,,,,,,Tecnología,,,,,,,,,Beginner,,,,,,,,,,,,,,es,,,,,,,,,,,,,,,,,,,USD,,,,https://aprende.org/cursos/view/132,,,,,,,,,,,,https://fsvc.capacitateparaelempleo.org/CapacitateFS/coursesImages/ff7a1410-f68d-40c7-95cd-dc2a23bd9215.png,,"¡Bienvenido! En esta capacitación aprenderás en qué consiste la experiencia de usuario (UX) y cómo utilizar las herramientas de esta área para obtener productos digitales que sean funcionales, intuitivos y que impacten a tu usuario final.",0.0,,,,,,,,,,,,Aprende,,,,,,,,,,,,,True,,,,,,,,,
,,,,,,,,,,,,,,,,,,,Desarrollador de interfaces gráficas,,,,,,,,,,,,,,,,,,,,,,,,,,,Tecnología,,,,,,,,,Beginner,,,,,,,,,,,,,,es,,,,,,,,,,,,,,,,,,,USD,,,,https://aprende.org/cursos/view/133,,,,,,,,,,,,https://fsvc.capacitateparaelempleo.org/CapacitateFS/coursesImages/303e3811-f9d4-42b6-bda4-42452154c29a.png,,"¡Bienvenido! 
 En esta capacitación obtendrás las herramientas básicas que te permitirán desempeñarte como desarrollador de interfaces gráficas al aprender a codificar en un lenguaje de programación de alto nivel y reusar código de terceros para lograr que las personas interactúen con las máquinas. 
 ¡Te deseamos éxito!",0.0,,,,,,,,,,,,Aprende,,,,,,,,,,,,,True,,,,,,,,,
,,,,,,,,,,,,,,,,,,,Técnico en reparación de laptops,,,,,,,,,,,,,,,,,,,,,,,,,,,Tecnología,,,,,,,,,Beginner,,,,,,,,,,,,,,es,,,,,,,,,,,,,,,,,,,USD,,,,https://aprende.org/cursos/view/134,,,,,,,,,,,,https://fsvc.capacitateparaelempleo.org/CapacitateFS/coursesImages/329999cb-df73-4f59-8df5-c72c32a47cc7.png,,"¡Bienvenido! 
 Conoce las partes y el funcionamiento de las laptops. Aprende a emplear las herramientas para su reparación, desarma y ensambla equipos, restaura software y soluciona problemas de hardware. 
 ¡Éxito en tu capacitación!",0.0,,,,,,,,,,,,Aprende,,,,,,,,,,,,,True,,,,,,,,,
,,,,,,,,,,,,,,,,,,,Técnico en seguridad informática (servidores),,,,,,,,,,,,,,,,,,,,,,,,,,,Tecnología,,,,,,,,,Beginner,,,,,,,,,,,,,,es,,,,,,,,,,,,,,,,,,,USD,,,,https://aprende.org/cursos/view/135,,,,,,,,,,,,https://fsvc.capacitateparaelempleo.org/CapacitateFS/coursesImages/6cf120b9-6b25-43cf-93fc-2cf2052c942c.png,,,0.0,,,,,,,,,,,,Aprende,,,,,,,,,,,,,True,,,,,,,,,
,,,,,,,,,,,,,,,,,,,Mercadotecnia digital,,,,,,,,,,,,,,,,,,,,,,,,,,,Tecnología,,,,,,,,,Beginner,,,,,,,,,,,,,,es,,,,,,,,,,,,,,,,,,,USD,,,,https://aprende.org/cursos/view/143,,,,,,,,,,,,https://fsvc.capacitateparaelempleo.org/CapacitateFS/coursesImages/c572d10e-8a91-420c-9421-63b814bb57d2.png,,"Sumérgete en el mundo digital, aprovecha las estrategias de mercadotecnia digital para acercarte a tus clientes e incrementar tus ventas. 
 ¡Éxito en tu capacitación!",0.0,,,,,,,,,,,,Aprende,,,,,,,,,,,,,True,,,,,,,,,
,,,,,,,,,,,,,,,,,,,Diseñador de circuitos impresos (PCB),,,,,,,,,,,,,,,,,,,,,,,,,,,Tecnología,,,,,,,,,Beginner,,,,,,,,,,,,,,es,,,,,,,,,,,,,,,,,,,USD,,,,https://aprende.org/cursos/view/146,,,,,,,,,,,,https://fsvc.capacitateparaelempleo.org/CapacitateFS/coursesImages/bfa34549-53b8-49fa-a80f-302d9e98de66.png,,"¡Bienvenido! 
 Conoce los tipos de tecnología en circuitos impresos. Aprende a emplear herramientas para diagnosticar su funcionamiento. Crear prototipos de prueba y utiliza software especializado con el fin de diseñar PCB de manera profesional. 
 ¡Éxito en tu capacitación!",0.0,,,,,,,,,,,,Aprende,,,,,,,,,,,,,True,,,,,,,,,
,,,,,,,,,,,,,,,,,,,Lógica de programación,,,,,,,,,,,,,,,,,,,,,,,,,,,Tecnología,,,,,,,,,Beginner,,,,,,,,,,,,,,es,,,,,,,,,,,,,,,,,,,USD,,,,https://aprende.org/cursos/view/147,,,,,,,,,,,,https://fsvc.capacitateparaelempleo.org/CapacitateFS/coursesImages/884edb23-a449-4ba2-b996-28d2544402a7.png,,"¡Bienvenido! 
 En esta capacitación aprenderás cómo diseñar el flujo de datos de un programa informático a partir del análisis de un problema y a codificarlo con el lenguaje de programación C. También conocerás sobre los enfoques de programación y sus ventajas, de esta forma podrás elegir el adecuado para ti. 
 ¡Éxito en tu capacitación!",0.0,,,,,,,,,,,,Aprende,,,,,,,,,,,,,True,,,,,,,,,
,,,,,,,,,,,,,,,,,,,Programador de microcontroladores,,,,,,,,,,,,,,,,,,,,,,,,,,,Tecnología,,,,,,,,,Beginner,,,,,,,,,,,,,,es,,,,,,,,,,,,,,,,,,,USD,,,,https://aprende.org/cursos/view/148,,,,,,,,,,,,https://fsvc.capacitateparaelempleo.org/CapacitateFS/coursesImages/d9f4c731-3171-4992-b90b-588893961768.png,,"¡Bienvenido! 
 En este curso aprenderás a implementar microcontroladores en soluciones que impliquen la automatización de tareas cotidianas o procesos específicos para diferentes tipos de industrias a partir del uso de sensores, actuadores y diferentes componentes electrónicos. Al finalizar este curso podrás aplicar estos conocimientos en diferentes sectores de la industria, o bien de forma independiente desarrollando soluciones a la medida de los requerimientos y necesidades de tus clientes, fomentando en todo momento las buenas prácticas siguiendo las medidas de seguridad y salud laboral relacionadas a tus funciones. 
 ¡Éxito en tu capacitación!",0.0,,,,,,,,,,,,Aprende,,,,,,,,,,,,,True,,,,,,,,,
,,,,,,,,,,,,,,,,,,,Programador de microordenadores,,,,,,,,,,,,,,,,,,,,,,,,,,,Tecnología,,,,,,,,,Beginner,,,,,,,,,,,,,,es,,,,,,,,,,,,,,,,,,,USD,,,,https://aprende.org/cursos/view/149,,,,,,,,,,,,https://fsvc.capacitateparaelempleo.org/CapacitateFS/coursesImages/bb49006c-441b-432f-8f6f-ea7867608f5b.png,,"En este curso aprenderás a implementar microordenadores con diferentes sensores y actuadores con el fin de automatizar diferentes tareas o procesos específicos para la industria. Al finalizar este curso, podrás aplicar estos conocimientos para desarrollar soluciones a la medida de los requerimientos y necesidades de tus clientes. 
 ¡Éxito en tu capacitación!",0.0,,,,,,,,,,,,Aprende,,,,,,,,,,,,,True,,,,,,,,,
,,,,,,,,,,,,,,,,,,,Auxiliar de conexiones,,,,,,,,,,,,,,,,,,,,,,,,,,,Tecnología,,,,,,,,,Beginner,,,,,,,,,,,,,,es,,,,,,,,,,,,,,,,,,,USD,,,,https://aprende.org/cursos/view/154,,,,,,,,,,,,https://fsvc.capacitateparaelempleo.org/CapacitateFS/coursesImages/ccc88b5e-0072-4a2d-80a6-1632831313d6.png,,,0.0,,,,,,,,,,,,Aprende,,,,,,,,,,,,,True,,,,,,,,,
,,,,,,,,,,,,,,,,,,,Fundamentos del cómputo en la nube,,,,,,,,,,,,,,,,,,,,,,,,,,,Tecnología,,,,,,,,,Beginner,,,,,,,,,,,,,,es,,,,,,,,,,,,,,,,,,,USD,,,,https://aprende.org/cursos/view/174,,,,,,,,,,,,https://fsvc.capacitateparaelempleo.org/CapacitateFS/coursesImages/593835be-5a1b-47cd-8c62-78748284ee18.png,,"¡Bienvenido! 
 Comprende cómo evolucionaron los sistemas cliente-servidor al cómputo en la nube, cómo es que la virtualización hizo a la nube un modelo de negocios más atractivo para los inversionistas, cómo son conformados los centros de datos que contienen a los miles de servidores necesarios para ofrecer servicios como IaaS, PaaS y SaaS, por último, entenderás cómo se realiza la administración de la nube para llegar al nuevo concepto de “Todo como servicio”. 
 ¡Éxito en tu curso!",0.0,,,,,,,,,,,,Aprende,,,,,,,,,,,,,True,,,,,,,,,
,,,,,,,,,,,,,,,,,,,Fundamentos de virtualización,,,,,,,,,,,,,,,,,,,,,,,,,,,Tecnología,,,,,,,,,Beginner,,,,,,,,,,,,,,es,,,,,,,,,,,,,,,,,,,USD,,,,https://aprende.org/cursos/view/181,,,,,,,,,,,,https://fsvc.capacitateparaelempleo.org/CapacitateFS/coursesImages/fce8c20e-2370-4322-810a-57e6bc85aaf5.png,,"¡Bienvenido! 
 En este curso aprenderás el funcionamiento de la arquitectura virtualizada para separar los recursos computacionales en varias instancias lógicas aisladas, conocerás cómo se protege y monitorea esta plataforma como parte de su administración. De esta forma ayudarás en la adopción y trasformación de los recursos en los centros de datos actuales, además de reducir costos en el proceso. 
 ¡Éxito en tu capacitación!",0.0,,,,,,,,,,,,Aprende,,,,,,,,,,,,,True,,,,,,,,,
,,,,,,,,,,,,,,,,,,,Fundamentos de electrónica digital,,,,,,,,,,,,,,,,,,,,,,,,,,,Tecnología,,,,,,,,,Beginner,,,,,,,,,,,,,,es,,,,,,,,,,,,,,,,,,,USD,,,,https://aprende.org/cursos/view/184,,,,,,,,,,,,https://fsvc.capacitateparaelempleo.org/CapacitateFS/coursesImages/a71669ac-4e92-41e0-9f55-5a2c598c9411.png,,En este curso aprenderás identificar los conceptos básicos que fundamentan la electrónica digital y cómo se aplican en la creación de circuitos cuyas funciones facilitan las actividades de las personas.,0.0,,,,,,,,,,,,Aprende,,,,,,,,,,,,,True,,,,,,,,,
,,,,,,,,,,,,,,,,,,,Evaluador de procesos,,,,,,,,,,,,,,,,,,,,,,,,,,,Tecnología,,,,,,,,,Beginner,,,,,,,,,,,,,,es,,,,,,,,,,,,,,,,,,,USD,,,,https://aprende.org/cursos/view/189,,,,,,,,,,,,https://fsvc.capacitateparaelempleo.org/CapacitateFS/coursesImages/74037892-64ac-4e28-a363-f9437252b4dc.png,,"¡Bienvenido! 
 En esta capacitación obtendrás las habilidades de comunicación y elementos técnicos para desempeñarte como evaluador de procesos. 
 Aprende y actualiza tus conocimientos con los más altos estándares de servicio existentes en la industria. 
 ¡Te deseamos éxito!",0.0,,,,,,,,,,,,Aprende,,,,,,,,,,,,,True,,,,,,,,,
,,,,,,,,,,,,,,,,,,,Técnico en minería de datos,,,,,,,,,,,,,,,,,,,,,,,,,,,Tecnología,,,,,,,,,Beginner,,,,,,,,,,,,,,es,,,,,,,,,,,,,,,,,,,USD,,,,https://aprende.org/cursos/view/190,,,,,,,,,,,,https://fsvc.capacitateparaelempleo.org/CapacitateFS/coursesImages/5ba74d4e-eb7e-45c6-960a-b89614592111.png,,"¡Bienvenido!  
  En este curso aprenderás a manipular, analizar y modelar grandes bases de datos para proporcionar soluciones oportunas y con fundamentos cuantitativos que te aseguren el cumplimiento se tus metas.  
  ¡Éxito en tu capacitación!",0.0,,,,,,,,,,,,Aprende,,,,,,,,,,,,,True,,,,,,,,,
,,,,,,,,,,,,,,,,,,,Técnico en seguridad en la nube,,,,,,,,,,,,,,,,,,,,,,,,,,,Tecnología,,,,,,,,,Beginner,,,,,,,,,,,,,,es,,,,,,,,,,,,,,,,,,,USD,,,,https://aprende.org/cursos/view/191,,,,,,,,,,,,https://fsvc.capacitateparaelempleo.org/CapacitateFS/coursesImages/869546ee-ec32-4660-9694-c06fbaff646a.png,,"¡Bienvenido! 
 En este curso aprenderás a proteger la información de amenazas que afecten la red, los servidores y los sistemas de almacenamiento. Restringir el acceso, monitorear el uso de los recursos computacionales de una nube privada. Ayudarás en la adopción de nuevas tendencias en prácticas y tecnologías de seguridad para garantizar la integridad de la información, dentro y fuera de la organización. 
 ¡Éxito en tu capacitación!",0.0,,,,,,,,,,,,Aprende,,,,,,,,,,,,,True,,,,,,,,,
,,,,,,,,,,,,,,,,,,,Técnico en redes IP,,,,,,,,,,,,,,,,,,,,,,,,,,,Tecnología,,,,,,,,,Beginner,,,,,,,,,,,,,,es,,,,,,,,,,,,,,,,,,,USD,,,,https://aprende.org/cursos/view/192,,,,,,,,,,,,https://fsvc.capacitateparaelempleo.org/CapacitateFS/coursesImages/29f069c2-dbf9-49b6-96c4-81c327866aae.png,,"¡Bienvenido!  
 En esta capacitación obtendrás las habilidades básicas que te permitirán desempeñarte como Técnico en redes IP. Aprenderás a configurar los distintos protocolos que permiten la comunicación entre los dispositivos de una organización y el acceso a internet. 
 Actualiza y mejora tus conocimientos en la administración de los equipos de red de los proveedores más importantes en la industria de telecomunicaciones.  
 ¡Te deseamos éxito!",0.0,,,,,,,,,,,,Aprende,,,,,,,,,,,,,True,,,,,,,,,
,,,,,,,,,,,,,,,,,,,Asesor de servicios de infraestructura en la nube,,,,,,,,,,,,,,,,,,,,,,,,,,,Tecnología,,,,,,,,,Beginner,,,,,,,,,,,,,,es,,,,,,,,,,,,,,,,,,,USD,,,,https://aprende.org/cursos/view/193,,,,,,,,,,,,https://fsvc.capacitateparaelempleo.org/CapacitateFS/coursesImages/ef8b91c9-22c8-4977-b03c-85c542ab2e1e.png,,"¡Bienvenido! 
 En esta capacitación identificarás los distintos servicios y aplicaciones que los proveedores de servicios de infraestructura en la nube ofrecen y que te permitirán desempeñarte como asesor al realizar la elección, instalación, administración, monitoreo y acceso de instancias creadas en la nube. 
 Aprende y actualiza tus conocimientos de computación al incursionar en este modelo de aprovisionamiento de servicios que están adoptando muchas organizaciones por sus grandes beneficios. 
 ¡Te deseamos éxito!",0.0,,,,,,,,,,,,Aprende,,,,,,,,,,,,,True,,,,,,,,,
,,,,,,,,,,,,,,,,,,,Evaluador de Indicadores Clave (KPI),,,,,,,,,,,,,,,,,,,,,,,,,,,Tecnología,,,,,,,,,Beginner,,,,,,,,,,,,,,es,,,,,,,,,,,,,,,,,,,USD,,,,https://aprende.org/cursos/view/194,,,,,,,,,,,,https://fsvc.capacitateparaelempleo.org/CapacitateFS/coursesImages/e9e4dbce-f81d-401a-bbc0-daa24407388e.png,,"¡Bienvenido! 
 En esta capacitación aprenderás a formular y aplicar los KPI´s (Indicadores Clave de Desempeño), los cuales son una herramienta importante para generar mayor productividad y eficiencia, a través de la evaluación de los principales procesos de una empresa. Con los KPI´s podrás medir el grado de alcance en cada objetivo planteado para mantener los factores de éxito de la organización, o bien, tomar decisiones y crear nuevas estrategias. 
 ¡Éxito en tu capacitación!",0.0,,,,,,,,,,,,Aprende,,,,,,,,,,,,,True,,,,,,,,,
,,,,,,,,,,,,,,,,,,,Técnico en Business Analytics,,,,,,,,,,,,,,,,,,,,,,,,,,,Tecnología,,,,,,,,,Beginner,,,,,,,,,,,,,,es,,,,,,,,,,,,,,,,,,,USD,,,,https://aprende.org/cursos/view/195,,,,,,,,,,,,https://fsvc.capacitateparaelempleo.org/CapacitateFS/coursesImages/e2ebe184-c808-426e-a515-e53f20794874.png,,"¡Bienvenido! 
 Un Técnico en Business Analytics es un experto en el diseño de ETL con el fin de realizar predicciones que definan el rumbo que deben seguir las organizaciones en la toma de decisiones. Su función es muy importante para todo negocio cuyo crecimiento depende del manejo eficiente de la información. 
 Aprenderás a realizar tus tareas de manera óptima, cumpliendo con los estándares de calidad más altos, para satisfacer las necesidades de tus clientes. 
 ¡Éxito en tu capacitación!",0.0,,,,,,,,,,,,Aprende,,,,,,,,,,,,,True,,,,,,,,,
,,,,,,,,,,,,,,,,,,,Visualizador de datos,,,,,,,,,,,,,,,,,,,,,,,,,,,Tecnología,,,,,,,,,Beginner,,,,,,,,,,,,,,es,,,,,,,,,,,,,,,,,,,USD,,,,https://aprende.org/cursos/view/196,,,,,,,,,,,,https://fsvc.capacitateparaelempleo.org/CapacitateFS/coursesImages/46ac407b-b57f-4528-9526-ec802f8a90da.png,,"¡Bienvenido! 
 En esta capacitación aprenderás los principios de la teoría de la visualización de datos que te permitirán aplicarlos en una herramienta especializada en la creación de reportes al realizar las actividades de limpieza de datos, elección de las características de elementos visuales, y el manejo software. 
 Aprende y actualiza tus conocimientos con los más altos estándares del análisis de la información de los negocios. 
 ¡Te deseamos éxito!",0.0,,,,,,,,,,,,Aprende,,,,,,,,,,,,,True,,,,,,,,,
,,,,,,,,,,,,,,,,,,,Técnico en comunicaciones inalámbricas,,,,,,,,,,,,,,,,,,,,,,,,,,,Tecnología,,,,,,,,,Beginner,,,,,,,,,,,,,,es,,,,,,,,,,,,,,,,,,,USD,,,,https://aprende.org/cursos/view/197,,,,,,,,,,,,https://fsvc.capacitateparaelempleo.org/CapacitateFS/coursesImages/f4f8c480-db10-49d0-9647-be69e4366fe9.png,,"¡Bienvenido! 
  En esta capacitación distinguirás diferentes tecnologías inalámbricas para desplegar enlaces con diferentes módulos de comunicación, con el uso de tarjetas de desarrollo y su interface de programación. Aprende y actualiza tus conocimientos con los protocolos de comunicación inalámbrica que existen en la industria de telecomunicaciones. 
  ¡Te deseamos éxito!",0.0,,,,,,,,,,,,Aprende,,,,,,,,,,,,,True,,,,,,,,,
,,,,,,,,,,,,,,,,,,,Fundamentos de la red 4.5G,,,,,,,,,,,,,,,,,,,,,,,,,,,Tecnología,,,,,,,,,Beginner,,,,,,,,,,,,,,es,,,,,,,,,,,,,,,,,,,USD,,,,https://aprende.org/cursos/view/198,,,,,,,,,,,,https://fsvc.capacitateparaelempleo.org/CapacitateFS/coursesImages/5829d694-4082-4377-82ee-10590037a850.png,,"¡Bienvenido! 
 En este curso aprenderás los elementos, tecnologías, características, arquitecturas y soluciones que la red 4.5G ofrece, para mejorar la calidad de los servicios que ofrece la telefonía móvil y la conectividad de distintos sensores y actuadores. 
 ¡Éxito en tu capacitación!",0.0,,,,,,,,,,,,Aprende,,,,,,,,,,,,,True,,,,,,,,,
,,,,,,,,,,,,,,,,,,,Fundamentos de la red 5G,,,,,,,,,,,,,,,,,,,,,,,,,,,Tecnología,,,,,,,,,Beginner,,,,,,,,,,,,,,es,,,,,,,,,,,,,,,,,,,USD,,,,https://aprende.org/cursos/view/199,,,,,,,,,,,,https://fsvc.capacitateparaelempleo.org/CapacitateFS/coursesImages/17cad077-3b3a-4419-aeeb-5a51573ef81c.png,,"¡Bienvenido! 
 En esta capacitación obtendrás los principales conocimientos que te permitirán analizar el funcionamiento y aplicaciones de la red móvil de quinta generación, al distinguir sus características y componentes de su infraestructura. 
 Aprende y complementa tu área de desempeño siguiendo los estándares más importantes en el sector de telecomunicaciones. 
 ¡Te deseamos éxito!",0.0,,,,,,,,,,,,Aprende,,,,,,,,,,,,,True,,,,,,,,,
,,,,,,,,,,,,,,,,,,,Fundamentos de la Red Celular Telcel,,,,,,,,,,,,,,,,,,,,,,,,,,,Tecnología,,,,,,,,,Beginner,,,,,,,,,,,,,,es,,,,,,,,,,,,,,,,,,,USD,,,,https://aprende.org/cursos/view/208,,,,,,,,,,,,https://fsvc.capacitateparaelempleo.org/CapacitateFS/coursesImages/71d1c0f9-c9b5-4fe9-8540-fb1b75246841.png,,"¡Bienvenido! 
 En este curso aprenderás los principios de funcionamiento de la red de telefonía celular Telcel, así como sus principales características, servicios y las nuevas tecnologías que se busca implementar.  
 ¡Éxito en tu capacitación!",0.0,,,,,,,,,,,,Aprende,,,,,,,,,,,,,True,,,,,,,,,
,,,,,,,,,,,,,,,,,,,Transformación Digital y Evolución Tecnológica,,,,,,,,,,,,,,,,,,,,,,,,,,,Tecnología,,,,,,,,,Beginner,,,,,,,,,,,,,,es,,,,,,,,,,,,,,,,,,,USD,,,,https://aprende.org/cursos/view/209,,,,,,,,,,,,https://fsvc.capacitateparaelempleo.org/CapacitateFS/coursesImages/352b9fd9-2161-45da-9407-b86579d08bf5.png,,"¡Bienvenido! 
 En este curso aprenderás cómo la evolución tecnológica ha dado origen a la transformación digital y cuáles son las principales tecnologías que se involucran en dicho proceso; además, conocerás cuál es el rol de cada una de éstas en el internet de las cosas y su impacto en la sociedad. 
   
 ¡Éxito en tu capacitación!",0.0,,,,,,,,,,,,Aprende,,,,,,,,,,,,,True,,,,,,,,,
,,,,,,,,,,,,,,,,,,,Impacto de las nuevas tecnologías de telecomunicaciones,,,,,,,,,,,,,,,,,,,,,,,,,,,Tecnología,,,,,,,,,Beginner,,,,,,,,,,,,,,es,,,,,,,,,,,,,,,,,,,USD,,,,https://aprende.org/cursos/view/210,,,,,,,,,,,,https://fsvc.capacitateparaelempleo.org/CapacitateFS/coursesImages/f7ca6775-dbb3-487b-a795-aa6a4391798e.png,,"¡Bienvenido! 
   
 En este curso aprenderás las características y requerimientos de las tecnologías de; computo en la nube, análisis de datos masivos, administración del tráfico, redes virtualizadas, red 4.5G y el internet de las cosas, con la finalidad de disfrutar de los diferentes servicios digitales que comprende la transformación digital de tu organización. 
   
 ¡Éxito en tu capacitación!",0.0,,,,,,,,,,,,Aprende,,,,,,,,,,,,,True,,,,,,,,,
,,,,,,,,,,,,,,,,,,,Cómputo básico,,,,,,,,,,,,,,,,,,,,,,,,,,,Tecnología,,,,,,,,,Beginner,,,,,,,,,,,,,,es,,,,,,,,,,,,,,,,,,,USD,,,,https://aprende.org/cursos/view/213,,,,,,,,,,,,https://fsvc.capacitateparaelempleo.org/CapacitateFS/coursesImages/15f21d33-49b1-4a91-a506-29c438d5f3c5.png,,"Debido a su versatilidad para efectuar diferentes tareas, operar equipos de cómputo se ha convertido en una competencia básica para muchas áreas de trabajo, en especial las dedicadas al manejo de información.",0.0,,,,,,,,,,,,Aprende,,,,,,,,,,,,,True,,,,,,,,,
,,,,,,,,,,,,,,,,,,,Fundamentos de redes definidas por software (SDN),,,,,,,,,,,,,,,,,,,,,,,,,,,Tecnología,,,,,,,,,Beginner,,,,,,,,,,,,,,es,,,,,,,,,,,,,,,,,,,USD,,,,https://aprende.org/cursos/view/214,,,,,,,,,,,,https://fsvc.capacitateparaelempleo.org/CapacitateFS/coursesImages/0f537e69-eb35-435f-9f85-7a348f56248f.png,,"¡Bienvenido! 
 En este curso aprenderás los elementos, características, casos de uso, retos y soluciones que la tecnología de la Redes Definidas por Software o SDN comprende, para mejorar la administración y automatización de las redes de los de centros de datos, móviles y otras. 
 ¡Éxito en tu capacitación!",0.0,,,,,,,,,,,,Aprende,,,,,,,,,,,,,True,,,,,,,,,
,,,,,,,,,,,,,,,,,,,Administrador de la nube,,,,,,,,,,,,,,,,,,,,,,,,,,,Tecnología,,,,,,,,,Beginner,,,,,,,,,,,,,,es,,,,,,,,,,,,,,,,,,,USD,,,,https://aprende.org/cursos/view/219,,,,,,,,,,,,https://fsvc.capacitateparaelempleo.org/CapacitateFS/coursesImages/cf0c01c0-3232-4cf3-b837-731549b35b7a.png,,"¡Bienvenido! 
 En este curso, serás capaz de manejar las instancias de acceso a la nube para cada usuario en diferentes ambientes. Además, de realizar una verificación de los accesos a cada instancia de la nube y comunicar la actividad de las mismas, monitoreando el sistema y configurando alarmas de accesos no autorizados, mediante correos electrónicos o mensajes SMS. 
 ¡Éxito en tu capacitación!",0.0,,,,,,,,,,,,Aprende,,,,,,,,,,,,,True,,,,,,,,,
,,,,,,,,,,,,,,,,,,,Control de versiones,,,,,,,,,,,,,,,,,,,,,,,,,,,Tecnología,,,,,,,,,Beginner,,,,,,,,,,,,,,es,,,,,,,,,,,,,,,,,,,USD,,,,https://aprende.org/cursos/view/222,,,,,,,,,,,,https://fsvc.capacitateparaelempleo.org/CapacitateFS/coursesImages/3f1a4f15-3ddf-419c-b9a9-04d87ac50617.png,,"En este curso aprenderás la organización y las herramientas para la implementación de un controlador de versiones en una cultura de desarrollo de software, para mejorar la administración de los trabajos de un equipo de desarrollo. 
 ¡Éxito en tu capacitación!",0.0,,,,,,,,,,,,Aprende,,,,,,,,,,,,,True,,,,,,,,,
,,,,,,,,,,,,,,,,,,,Desarrollo móvil en línea,,,,,,,,,,,,,,,,,,,,,,,,,,,Tecnología,,,,,,,,,Beginner,,,,,,,,,,,,,,es,,,,,,,,,,,,,,,,,,,USD,,,,https://aprende.org/cursos/view/223,,,,,,,,,,,,https://fsvc.capacitateparaelempleo.org/CapacitateFS/coursesImages/c832696d-a17e-4b52-b12a-651684c71bb3.png,,"¡Bienvenido! 
  En este curso obtendrás conocimientos y habilidades que te permitirán crear aplicaciones móviles utilizando una herramienta de desarrollo en línea, arrastrando y acomodando los componentes de sus interfaces. 
  ¡Te deseamos éxito!",0.0,,,,,,,,,,,,Aprende,,,,,,,,,,,,,True,,,,,,,,,
,,,,,,,,,,,,,,,,,,,Desarrollador de sitios web responsivos,,,,,,,,,,,,,,,,,,,,,,,,,,,Tecnología,,,,,,,,,Beginner,,,,,,,,,,,,,,es,,,,,,,,,,,,,,,,,,,USD,,,,https://aprende.org/cursos/view/224,,,,,,,,,,,,https://fsvc.capacitateparaelempleo.org/CapacitateFS/coursesImages/d6df3193-21f4-4197-95aa-9d85061f0b86.png,,"Crea sitios atractivos y adaptables a las necesidades de los usuarios, usando patrones, animaciones y frameworks modernos. 
 ¡Éxito en tu capacitación!",0.0,,,,,,,,,,,,Aprende,,,,,,,,,,,,,True,,,,,,,,,
,,,,,,,,,,,,,,,,,,,Preprocesadores de estilo,,,,,,,,,,,,,,,,,,,,,,,,,,,Tecnología,,,,,,,,,Beginner,,,,,,,,,,,,,,es,,,,,,,,,,,,,,,,,,,USD,,,,https://aprende.org/cursos/view/225,,,,,,,,,,,,https://fsvc.capacitateparaelempleo.org/CapacitateFS/coursesImages/3f5ab5b9-5e3f-4cb2-b901-12d978c339c0.png,,"¡Bienvenido! 
 Conoce las ventajas de implementar en tus proyectos web los preprocesadores de estilos.",0.0,,,,,,,,,,,,Aprende,,,,,,,,,,,,,True,,,,,,,,,
,,,,,,,,,,,,,,,,,,,Desarrollador de aplicaciones en la nube,,,,,,,,,,,,,,,,,,,,,,,,,,,Tecnología,,,,,,,,,Beginner,,,,,,,,,,,,,,es,,,,,,,,,,,,,,,,,,,USD,,,,https://aprende.org/cursos/view/226,,,,,,,,,,,,https://fsvc.capacitateparaelempleo.org/CapacitateFS/coursesImages/db6902eb-b3c1-46ff-8e33-a2dd22c84676.png,,"¡Bienvenido! 
 En esta capacitación obtendrás las herramientas básicas que te permitirán desarrollar aplicaciones para desplegarlas en la nube, empleando herramientas de vanguardia. 
 ¡Te deseamos éxito!",0.0,,,,,,,,,,,,Aprende,,,,,,,,,,,,,True,,,,,,,,,
,,,,,,,,,,,,,,,,,,,Integrador de soluciones BI,,,,,,,,,,,,,,,,,,,,,,,,,,,Tecnología,,,,,,,,,Beginner,,,,,,,,,,,,,,es,,,,,,,,,,,,,,,,,,,USD,,,,https://aprende.org/cursos/view/229,,,,,,,,,,,,https://fsvc.capacitateparaelempleo.org/CapacitateFS/coursesImages/fa9818a5-5065-4bad-bc2f-5c2695bc77de.png,,"¡Bienvenido! En este curso aprenderás a implementar diferentes soluciones BI de forma simultánea, a partir de la interpretación, análisis y balanceo de los indicadores clave de desempeño de una organización. De esta forma, podrás asegurar la integración de las estrategias para el cumplimiento de los objetivos. ¡Éxito en tu capacitación!",0.0,,,,,,,,,,,,Aprende,,,,,,,,,,,,,True,,,,,,,,,
,,,,,,,,,,,,,,,,,,,Analista de proyectos BI,,,,,,,,,,,,,,,,,,,,,,,,,,,Tecnología,,,,,,,,,Beginner,,,,,,,,,,,,,,es,,,,,,,,,,,,,,,,,,,USD,,,,https://aprende.org/cursos/view/230,,,,,,,,,,,,https://fsvc.capacitateparaelempleo.org/CapacitateFS/coursesImages/d8b83e7d-c342-4101-aa19-c72ab4800ea5.png,,"¡Bienvenido! 
 En este curso aprenderás la planeación, el diseño, casos de uso, metodologías y tecnologías que el análisis de proyectos de inteligencia de negocios comprende, para mejorar la administración y automatización de la toma de decisiones para mejorar el negocio de las empresas. 
 ¡Éxito en tu capacitación!",0.0,,,,,,,,,,,,Aprende,,,,,,,,,,,,,True,,,,,,,,,
,,,,,,,,,,,,,,,,,,,Analista técnico en TI,,,,,,,,,,,,,,,,,,,,,,,,,,,Tecnología,,,,,,,,,Beginner,,,,,,,,,,,,,,es,,,,,,,,,,,,,,,,,,,USD,,,,https://aprende.org/cursos/view/231,,,,,,,,,,,,https://fsvc.capacitateparaelempleo.org/CapacitateFS/coursesImages/2ec89511-299f-48f2-8e94-37141eea4c97.png,,"Bienvenido,en esta capacitación adquirirás los conocimientos sobre las herramientas que te permitirán diseñar estrategias tecnológicas viables para optimizar los procesos de una empresa.",0.0,,,,,,,,,,,,Aprende,,,,,,,,,,,,,True,,,,,,,,,
,,,,,,,,,,,,,,,,,,,Introducción a la programación,,,,,,,,,,,,,,,,,,,,,,,,,,,Tecnología,,,,,,,,,Beginner,,,,,,,,,,,,,,es,,,,,,,,,,,,,,,,,,,USD,,,,https://aprende.org/cursos/view/246,,,,,,,,,,,,https://fsvc.capacitateparaelempleo.org/CapacitateFS/coursesImages/aefc2830-d0aa-4cb4-bdc5-f1b7e03ac283.png,,"¡Bienvenido! 
 En esta capacitación podrás obtener los conocimientos básicos que te permitirán desarrollar programas en cualquier lenguaje.",0.0,,,,,,,,,,,,Aprende,,,,,,,,,,,,,True,,,,,,,,,
,,,,,,,,,,,,,,,,,,,Administrador de bases de datos no relacionales,,,,,,,,,,,,,,,,,,,,,,,,,,,Tecnología,,,,,,,,,Beginner,,,,,,,,,,,,,,es,,,,,,,,,,,,,,,,,,,USD,,,,https://aprende.org/cursos/view/247,,,,,,,,,,,,https://fsvc.capacitateparaelempleo.org/CapacitateFS/coursesImages/2eb4af96-19c6-46f7-be9f-773dec02bce4.png,,"¡Bienvenido! 
 Explica la importancia y el contexto de las bases de datos no relacionales en el entorno de desarrollo de software.",0.0,,,,,,,,,,,,Aprende,,,,,,,,,,,,,True,,,,,,,,,
,,,,,,,,,,,,,,,,,,,Técnico en construcción y reparación de drones,,,,,,,,,,,,,,,,,,,,,,,,,,,Tecnología,,,,,,,,,Beginner,,,,,,,,,,,,,,es,,,,,,,,,,,,,,,,,,,USD,,,,https://aprende.org/cursos/view/248,,,,,,,,,,,,https://fsvc.capacitateparaelempleo.org/CapacitateFS/coursesImages/983d675d-89aa-403c-b606-3a038852eb95.png,,"El uso de los drones en el desarrollo de diversas actividades profesionales va desde las increíbles tomas aéreas de nuestro planeta dentro de la industria cinematográfica, hasta la vigilancia, supervisión y reconocimiento en áreas fundamentales como la agricultura y en otras altamente especializadas como la construcción y las industrias extractivas entre las que destacan la minería y la petrolera. 
 El desarrollo y uso de los drones van en ascenso sostenido. Aprovecha esta maravillosa oportunidad de empleo.",0.0,,,,,,,,,,,,Aprende,,,,,,,,,,,,,True,,,,,,,,,
,,,,,,,,,,,,,,,,,,,Operador de impresoras 3D,,,,,,,,,,,,,,,,,,,,,,,,,,,Tecnología,,,,,,,,,Beginner,,,,,,,,,,,,,,es,,,,,,,,,,,,,,,,,,,USD,,,,https://aprende.org/cursos/view/249,,,,,,,,,,,,https://fsvc.capacitateparaelempleo.org/CapacitateFS/coursesImages/20aa06ec-d2ac-48c8-9812-d29c3943c921.png,,El‌ ‌operador‌ ‌de‌ ‌impresoras‌ ‌3D‌ ‌es‌ ‌un‌ ‌profesional‌ ‌capaz‌ ‌de‌ ‌sacar‌ ‌el‌ ‌máximo‌ ‌provecho‌ ‌a‌ ‌este‌ ‌proceso‌ ‌de‌ ‌manufactura.‌ ‌,0.0,,,,,,,,,,,,Aprende,,,,,,,,,,,,,True,,,,,,,,,
,,,,,,,,,,,,,,,,,,,Fundamentos de electrónica analógica,,,,,,,,,,,,,,,,,,,,,,,,,,,Tecnología,,,,,,,,,Beginner,,,,,,,,,,,,,,es,,,,,,,,,,,,,,,,,,,USD,,,,https://aprende.org/cursos/view/250,,,,,,,,,,,,https://fsvc.capacitateparaelempleo.org/CapacitateFS/coursesImages/08fb7084-c22d-4349-b567-0f1476ffa65b.png,,"¡Bienvenido! 
 Descubre cómo funcionan los elementos que componen a las diversas aplicaciones electrónicas y construye circuitos para iniciarte en el indispensable mundo de la electrónica.",0.0,,,,,,,,,,,,Aprende,,,,,,,,,,,,,True,,,,,,,,,
,,,,,,,,,,,,,,,,,,,Instalador de Home Networking,,,,,,,,,,,,,,,,,,,,,,,,,,,Tecnología,,,,,,,,,Beginner,,,,,,,,,,,,,,es,,,,,,,,,,,,,,,,,,,USD,,,,https://aprende.org/cursos/view/251,,,,,,,,,,,,https://fsvc.capacitateparaelempleo.org/CapacitateFS/coursesImages/cd63c5b4-c1dd-436d-86bd-f45873ced7e0.png,,"¡Bienvenido! 
 Realiza un diagnóstico de las necesidades de un hogar para automatizarlo. Determina las tecnologías que favorecen la comunicación, monitoreo y procesamiento de información entre los dispositivos que integran la red interna, los cuales serán manejados desde un control central para simplificar las tareas diarias. Aprende a desplegar la red seleccionada considerando los requerimientos técnicos de manera profesional para convertirte en un instalador de Home Networking. 
 ¡Éxito en tu capacitación!",0.0,,,,,,,,,,,,Aprende,,,,,,,,,,,,,True,,,,,,,,,
,,,,,,,,,,,,,,,,,,,Técnico en seguridad informática perimetral,,,,,,,,,,,,,,,,,,,,,,,,,,,Tecnología,,,,,,,,,Beginner,,,,,,,,,,,,,,es,,,,,,,,,,,,,,,,,,,USD,,,,https://aprende.org/cursos/view/252,,,,,,,,,,,,https://fsvc.capacitateparaelempleo.org/CapacitateFS/coursesImages/3af0cd13-5b3b-4c95-bb0a-60f03b8f3d67.png,,"¡Bienvenido! 
 En esta capacitación obtendrás los principales conocimientos y habilidades que te permitirán desempeñarte como técnico en seguridad informática perimetral, al configurar distintos servicios en los equipos que operan o instalarás en la red de la organización. 
 Aprende y complementa tu área de desempeño siguiendo los estándares más importantes en el sector de seguridad informática. 
 ¡Te deseamos éxito!",0.0,,,,,,,,,,,,Aprende,,,,,,,,,,,,,True,,,,,,,,,
,,,,,,,,,,,,,,,,,,,Fundamentos de seguridad informática,,,,,,,,,,,,,,,,,,,,,,,,,,,Tecnología,,,,,,,,,Beginner,,,,,,,,,,,,,,es,,,,,,,,,,,,,,,,,,,USD,,,,https://aprende.org/cursos/view/253,,,,,,,,,,,,https://fsvc.capacitateparaelempleo.org/CapacitateFS/coursesImages/e6179a35-66fd-4ef4-a27a-a8a373fdc089.png,,"¡Bienvenido! 
 En esta capacitación obtendrás los principales conocimientos y habilidades que te permitirán adquirir una visión general y amplia de la seguridad informática, al analizar su aplicación en los distintos activos que puede contar una empresa. 
 Aprende y complementa tu área de desempeño siguiendo los estándares más importantes en el sector de seguridad informática. 
 ¡Te deseamos éxito!",0.0,,,,,,,,,,,,Aprende,,,,,,,,,,,,,True,,,,,,,,,
,,,,,,,,,,,,,,,,,,,Seguridad en dispositivos móviles y aplicativos (datos personales),,,,,,,,,,,,,,,,,,,,,,,,,,,Tecnología,,,,,,,,,Beginner,,,,,,,,,,,,,,es,,,,,,,,,,,,,,,,,,,USD,,,,https://aprende.org/cursos/view/254,,,,,,,,,,,,https://fsvc.capacitateparaelempleo.org/CapacitateFS/coursesImages/f1186b97-d8e0-4dbf-bf89-b3db44f73f74.png,,"Descubre los riesgos cibernéticos que existen en el uso de dispositivos móviles. Aprende a proteger tus datos personales, configurando bien tus dispositivos móviles y tomando las medidas necesarias para no ser víctima de extorsión, robo o mal uso de tus datos.",0.0,,,,,,,,,,,,Aprende,,,,,,,,,,,,,True,,,,,,,,,
,,,,,,,,,,,,,,,,,,,Fundamentos de tecnologías 4K y OTT,,,,,,,,,,,,,,,,,,,,,,,,,,,Tecnología,,,,,,,,,Beginner,,,,,,,,,,,,,,es,,,,,,,,,,,,,,,,,,,USD,,,,https://aprende.org/cursos/view/255,,,,,,,,,,,,https://fsvc.capacitateparaelempleo.org/CapacitateFS/coursesImages/14de21de-fe26-4eb3-b397-fc6613add47a.png,,"¡Bienvenido! 
 En este curso aprenderás sobre las etapas del procesamiento digital y el proceso que conlleva difundir contenidos vía Internet. 
 ¡Éxito en tu capacitación!",0.0,,,,,,,,,,,,Aprende,,,,,,,,,,,,,True,,,,,,,,,
,,,,,,,,,,,,,,,,,,,Gobernanza TI,,,,,,,,,,,,,,,,,,,,,,,,,,,Tecnología,,,,,,,,,Beginner,,,,,,,,,,,,,,es,,,,,,,,,,,,,,,,,,,USD,,,,https://aprende.org/cursos/view/256,,,,,,,,,,,,https://fsvc.capacitateparaelempleo.org/CapacitateFS/coursesImages/f8c09112-bc98-4d57-a75e-0eb7408229d5.png,,"En este curso aprenderás la planeación y tecnologías ayudan a la implementación de una cultura de gobernanza de TI, para mejorar la administración y la toma de decisiones en la gestión e infraestructura de los recursos tecnológicos. 
 ¡Éxito en tu capacitación!",0.0,,,,,,,,,,,,Aprende,,,,,,,,,,,,,True,,,,,,,,,
,,,,,,,,,,,,,,,,,,,Reparador de TV de plasma y LCD,,,,,,,,,,,,,,,,,,,,,,,,,,,Tecnología,,,,,,,,,Beginner,,,,,,,,,,,,,,es,,,,,,,,,,,,,,,,,,,USD,,,,https://aprende.org/cursos/view/257,,,,,,,,,,,,https://fsvc.capacitateparaelempleo.org/CapacitateFS/coursesImages/33b0ecc3-c784-4276-bd82-01f71789ac11.png,,"¡Bienvenido! 
  En esta capacitación obtendrás las herramientas básicas que te permitirán reparar televisores LCD y de plasma, partiendo de su funcionamiento y haciendo uso de herramientas e instrumentos electrónicos, así como documentos del modelo y marca particulares del televisor. 
  ¡Te deseamos éxito!",0.0,,,,,,,,,,,,Aprende,,,,,,,,,,,,,True,,,,,,,,,
,,,,,,,,,,,,,,,,,,,Prácticas de ofimática,,,,,,,,,,,,,,,,,,,,,,,,,,,Tecnología,,,,,,,,,Beginner,,,,,,,,,,,,,,es,,,,,,,,,,,,,,,,,,,USD,,,,https://aprende.org/cursos/view/258,,,,,,,,,,,,https://fsvc.capacitateparaelempleo.org/CapacitateFS/coursesImages/166d8dc4-2aef-480e-b409-622a9e1efb82.png,,"Bienvenido! 
 En este curso, realizarás prácticas que te permitirán conocer y manipular, editores de texto, hojas de cálculo, hojas de presentación y de dibujo. Con la finalidad de que puedas aprovechar las herramientas tecnológicas para tu superación. 
 ¡Éxito en tu capacitación!",0.0,,,,,,,,,,,,Aprende,,,,,,,,,,,,,True,,,,,,,,,
,,,,,,,,,,,,,,,,,,,Fundamentos de Machine Learning,,,,,,,,,,,,,,,,,,,,,,,,,,,Tecnología,,,,,,,,,Beginner,,,,,,,,,,,,,,es,,,,,,,,,,,,,,,,,,,USD,,,,https://aprende.org/cursos/view/268,,,,,,,,,,,,https://fsvc.capacitateparaelempleo.org/CapacitateFS/coursesImages/9e880321-e9e7-4822-ac4a-a76c5761ef49.png,,"En esta capacitación obtendrás el conocimiento básico que te permitirá desarrollarte en machine learning, lo cual te facilitará especializarte en el sector de tu preferencia. 
 ¡Te deseamos éxito!",0.0,,,,,,,,,,,,Aprende,,,,,,,,,,,,,True,,,,,,,,,
,,,,,,,,,,,,,,,,,,,Técnico en instalación y reparación de equipo de cómputo,,,,,,,,,,,,,,,,,,,,,,,,,,,Tecnología,,,,,,,,,Beginner,,,,,,,,,,,,,,es,,,,,,,,,,,,,,,,,,,USD,,,,https://aprende.org/cursos/view/272,,,,,,,,,,,,https://fsvc.capacitateparaelempleo.org/CapacitateFS/coursesImages/1e2b808f-7158-4850-90e2-6279af10c891.png,,"¡Bienvenido! 
 Aprende a dar mantenimiento correctivo y preventivo a sistemas de cómputo y software. Instala, configura y repara equipos, elimina virus, realiza respaldos de información, etc. 
 ¡Éxito en tu capacitación!",0.0,,,,,,,,,,,,Aprende,,,,,,,,,,,,,True,,,,,,,,,
,,,,,,,,,,,,,,,,,,,Programador en C#,,,,,,,,,,,,,,,,,,,,,,,,,,,Tecnología,,,,,,,,,Beginner,,,,,,,,,,,,,,es,,,,,,,,,,,,,,,,,,,USD,,,,https://aprende.org/cursos/view/277,,,,,,,,,,,,https://fsvc.capacitateparaelempleo.org/CapacitateFS/coursesImages/4b03f651-346a-493f-8aff-eeccf96a9431.png,,"Bienvenido 
 C# es el lenguaje base de la plataforma .NET donde se crean aplicaciones de escritorio, web, móviles que se ejecutan en diferentes sistemas operativos. 
 Por ello, es importante contar con programadores que comprendan los fundamentos de este lenguaje para garantizar el desarrollo de software multiplataforma. 
 ¡Éxito en tu capacitación!",0.0,,,,,,,,,,,,Aprende,,,,,,,,,,,,,True,,,,,,,,,
,,,,,,,,,,,,,,,,,,,Técnico en seguridad host (escritorio),,,,,,,,,,,,,,,,,,,,,,,,,,,Tecnología,,,,,,,,,Beginner,,,,,,,,,,,,,,es,,,,,,,,,,,,,,,,,,,USD,,,,https://aprende.org/cursos/view/292,,,,,,,,,,,,https://fsvc.capacitateparaelempleo.org/CapacitateFS/coursesImages/e9e9feb9-3270-466a-bfed-b725cd2f3797.png,,"¡Bienvenido! 
 En la actualidad, los host de escritorio son los dispositivos más comunes en las redes de datos, utilizados en todo el mundo para entretenimiento, educación y trabajo. Sin importar el propósito, mantenerlos seguros es una prioridad para proteger tanto la información como el rendimiento frente a posibles incidentes de seguridad. 
 En este curso, conocerás los principios y procedimientos clave para proteger hosts de escritorio con sistema operativo popular, exclusivo y de código abierto. 
     
 ¡Éxito en tu capacitación!",0.0,,,,,,,,,,,,Aprende,,,,,,,,,,,,,True,,,,,,,,,
,,,,,,,,,,,,,,,,,,,Técnico en informática (Ofimática),,,,,,,,,,,,,,,,,,,,,,,,,,,Tecnología,,,,,,,,,Beginner,,,,,,,,,,,,,,es,,,,,,,,,,,,,,,,,,,USD,,,,https://aprende.org/cursos/view/293,,,,,,,,,,,,https://fsvc.capacitateparaelempleo.org/CapacitateFS/coursesImages/09a6dfee-ca36-44a2-b88d-f5df2543c4ff.png,,"¡Bienvenido! 
 Saca provecho de tu equipo de cómputo utilizando las herramientas de software para crear documentos, colaborar con otros usuarios y navegar en internet de forma segura.",0.0,,,,,,,,,,,,Aprende,,,,,,,,,,,,,True,,,,,,,,,
,,,,,,,,,,,,,,,,,,,Técnico instalador de telefonía e internet por cobre,,,,,,,,,,,,,,,,,,,,,,,,,,,Tecnología,,,,,,,,,Beginner,,,,,,,,,,,,,,es,,,,,,,,,,,,,,,,,,,USD,,,,https://aprende.org/cursos/view/294,,,,,,,,,,,,https://fsvc.capacitateparaelempleo.org/CapacitateFS/coursesImages/fbc83090-0e29-43d8-9bbb-d2dabc6db4fb.png,,"Telmex pone al alcance el curso, Telefonía e Internet por Cobre, para garantizar al Cliente una mejor experiencia en conexión, servicio y calidad apegándose a las normas y parámetros que la empresa recomienda. Telefonía e Internet por Cobre cuenta con 4 módulos con los siguientes temas 
 
 Módulo 1: Conceptos Básicos: Electricidad y transmisión de señales 
 Módulo 2: Proceso de Instalación 
 Módulo 3: Mediciones 
 Módulo 4: Mejorando la experiencia del Cliente 
 
 En cada uno de los módulos encontrarás materiales de apoyo como videos o infografías con los cuales podrás realizar los ejercicios y actividades que se solicitan cada módulo.",0.0,,,,,,,,,,,,Aprende,,,,,,,,,,,,,True,,,,,,,,,
,,,,,,,,,,,,,,,,,,,Técnico instalador de telefonía e internet por fibra,,,,,,,,,,,,,,,,,,,,,,,,,,,Tecnología,,,,,,,,,Beginner,,,,,,,,,,,,,,es,,,,,,,,,,,,,,,,,,,USD,,,,https://aprende.org/cursos/view/295,,,,,,,,,,,,https://fsvc.capacitateparaelempleo.org/CapacitateFS/coursesImages/f2f24745-fff3-48b8-af0e-3766e0db0a69.png,,"Telmex  pone al alcance el curso Telefonía e Internet por Fibra Óptica, para garantizar al Cliente una mejor experiencia en conexión, servicio y calidad apegándose a las normas y parámetros que la empresa recomienda. 
   
 Telefonía e Internet por Fibra Óptica cuenta con 4 módulos con los siguientes temas: 
 
 Módulo 1: ¿Qué es Fibra Óptica? 
 Módulo 2: Proceso de instalación 
 Módulo 3: Mediciones 
 Módulo 4: Mejorando la experiencia del Cliente 
 
 En cada uno de los módulos encontrarás materiales de apoyo como videos o infografías con los cuales podrás realizar los ejercicios y actividades que se solicitan cada módulo.",0.0,,,,,,,,,,,,Aprende,,,,,,,,,,,,,True,,,,,,,,,
,,,,,,,,,,,,,,,,,,,Puntos clave en la instalación y reparación del servicio infinitum cobre/fibra óptica,,,,,,,,,,,,,,,,,,,,,,,,,,,Tecnología,,,,,,,,,Beginner,,,,,,,,,,,,,,es,,,,,,,,,,,,,,,,,,,USD,,,,https://aprende.org/cursos/view/296,,,,,,,,,,,,https://fsvc.capacitateparaelempleo.org/CapacitateFS/coursesImages/82fc6f67-f5a4-46e2-a518-179b47700d35.png,,[PDF]https://capacitateparaelempleo.org/assets/upxvvdx.pdf[/PDF],0.0,,,,,,,,,,,,Aprende,,,,,,,,,,,,,True,,,,,,,,,
,,,,,,,,,,,,,,,,,,,Fundamentos de estructura de datos,,,,,,,,,,,,,,,,,,,,,,,,,,,Tecnología,,,,,,,,,Beginner,,,,,,,,,,,,,,es,,,,,,,,,,,,,,,,,,,USD,,,,https://aprende.org/cursos/view/302,,,,,,,,,,,,https://fsvc.capacitateparaelempleo.org/CapacitateFS/coursesImages/966e0c67-c456-4dce-b5b8-f6e0e5d08378.png,,"La creación de estructuras de datos es una herramienta imprescindible para cualquier programador, pues aumenta la calidad y rendimiento del software creado, en especial si va dirigido a las actividades de la ciencia de datos. ¡Suerte en tu capacitación!",0.0,,,,,,,,,,,,Aprende,,,,,,,,,,,,,True,,,,,,,,,
,,,,,,,,,,,,,,,,,,,Técnico instalador de cableado estructurado,,,,,,,,,,,,,,,,,,,,,,,,,,,Tecnología,,,,,,,,,Beginner,,,,,,,,,,,,,,es,,,,,,,,,,,,,,,,,,,USD,,,,https://aprende.org/cursos/view/311,,,,,,,,,,,,https://fsvc.capacitateparaelempleo.org/CapacitateFS/coursesImages/0dfaf040-ecdc-45eb-9697-7c8207539b30.png,,"¡Bienvenido! 
  En este curso adquirirás las habilidades del manejo de las herramientas que te permitirán instalar y dar mantenimiento al cableado de redes de datos, mediante el conocimiento básico del despliegue, conexión, alimentación, aterrizaje, diagnóstico y reparación de fallas en las redes de área local.",0.0,,,,,,,,,,,,Aprende,,,,,,,,,,,,,True,,,,,,,,,
,,,,,,,,,,,,,,,,,,,Reparador de celulares y tabletas,,,,,,,,,,,,,,,,,,,,,,,,,,,Tecnología,,,,,,,,,Beginner,,,,,,,,,,,,,,es,,,,,,,,,,,,,,,,,,,USD,,,,https://aprende.org/cursos/view/315,,,,,,,,,,,,https://fsvc.capacitateparaelempleo.org/CapacitateFS/coursesImages/6aaac52f-38c5-41f2-a1a6-21f9a7588fb1.png,,"¡Bienvenido! 
 El reparador de celulares y tablets es un profesional preparado para resolver las fallas en dispositivos móviles mediante la elaboración de un diagnóstico y la instalación o reinstalación de elementos de software y/o hardware.",0.0,,,,,,,,,,,,Aprende,,,,,,,,,,,,,True,,,,,,,,,
,,,,,,,,,,,,,,,,,,,Huella digital,,,,,,,,,,,,,,,,,,,,,,,,,,,Tecnología,,,,,,,,,Beginner,,,,,,,,,,,,,,es,,,,,,,,,,,,,,,,,,,USD,,,,https://aprende.org/cursos/view/319,,,,,,,,,,,,https://fsvc.capacitateparaelempleo.org/CapacitateFS/coursesImages/3d276de5-7a31-4073-8ece-d266fb79dea6.png,,"¡Bienvenido!  
 En este curso aprenderás a usar los recursos digitales responsablemente, dar un adecuado manejo a tu basura tecnológica y así contribuir a la conservación ambiental.",0.0,,,,,,,,,,,,Aprende,,,,,,,,,,,,,True,,,,,,,,,
,,,,,,,,,,,,,,,,,,,Responsabilidad digital,,,,,,,,,,,,,,,,,,,,,,,,,,,Tecnología,,,,,,,,,Beginner,,,,,,,,,,,,,,es,,,,,,,,,,,,,,,,,,,USD,,,,https://aprende.org/cursos/view/321,,,,,,,,,,,,https://fsvc.capacitateparaelempleo.org/CapacitateFS/coursesImages/d537b9d5-aa26-4974-ab61-18899f397e67.png,,"¡Bienvenido! 
 En esta capacitación comprenderás el papel del internet como has dinámicas de desarrollo e interacción de los sectores sociales para que te sensibilices con el uso adecuado de tus datos en la red, participes de forma segura y detectes posibles delitos para proceder legalmente en esos casos.",0.0,,,,,,,,,,,,Aprende,,,,,,,,,,,,,True,,,,,,,,,
,,,,,,,,,,,,,,,,,,,Paradigma de programación (orientado a objetos),,,,,,,,,,,,,,,,,,,,,,,,,,,Tecnología,,,,,,,,,Beginner,,,,,,,,,,,,,,es,,,,,,,,,,,,,,,,,,,USD,,,,https://aprende.org/cursos/view/349,,,,,,,,,,,,https://fsvc.capacitateparaelempleo.org/CapacitateFS/coursesImages/032f354e-fc03-4236-9888-2850abdf2b86.png,,"¡Bienvenido! 
 En este curso aprenderás a diseñar softwares orientados a objetos mediante el proceso de abstracción de clases, atributos y métodos.",0.0,,,,,,,,,,,,Aprende,,,,,,,,,,,,,True,,,,,,,,,
,,,,,,,,,,,,,,,,,,,Diseñador de objetos para impresión 3D,,,,,,,,,,,,,,,,,,,,,,,,,,,Tecnología,,,,,,,,,Beginner,,,,,,,,,,,,,,es,,,,,,,,,,,,,,,,,,,USD,,,,https://aprende.org/cursos/view/350,,,,,,,,,,,,https://fsvc.capacitateparaelempleo.org/CapacitateFS/coursesImages/324979bf-6c72-4282-9954-ebb479aac64f.png,,El diseñador de objetos para impresión en 3D utiliza software especializado para la elaboración de sus diseños.,0.0,,,,,,,,,,,,Aprende,,,,,,,,,,,,,True,,,,,,,,,
,,,,,,,,,,,,,,,,,,,Responsabilidad digital (Trabajo remoto),,,,,,,,,,,,,,,,,,,,,,,,,,,Tecnología,,,,,,,,,Beginner,,,,,,,,,,,,,,es,,,,,,,,,,,,,,,,,,,USD,,,,https://aprende.org/cursos/view/355,,,,,,,,,,,,https://fsvc.capacitateparaelempleo.org/CapacitateFS/coursesImages/a68d0326-cae2-4f7b-aebd-e83d8bf8cdba.png,,"¡Bienvenido! Con esta capacitación aprenderás a trabajar con efectividad, mantener una comunicación efectiva y responder oportunamente durante las labores del trabajo a distancia. ¡Te deseamos mucho éxito!",0.0,,,,,,,,,,,,Aprende,,,,,,,,,,,,,True,,,,,,,,,
,,,,,,,,,,,,,,,,,,,Desarrollador de JavaScript (Node JS),,,,,,,,,,,,,,,,,,,,,,,,,,,Tecnología,,,,,,,,,Beginner,,,,,,,,,,,,,,es,,,,,,,,,,,,,,,,,,,USD,,,,https://aprende.org/cursos/view/356,,,,,,,,,,,,https://fsvc.capacitateparaelempleo.org/CapacitateFS/coursesImages/37f0f50b-cc69-42ee-bc75-e75b5f3f5e6c.png,,"¡Bienvenido! 
 Explica la importancia y el contexto del software para crear servidores e infraestructura de back-end en el entorno de desarrollo de software web.",0.0,,,,,,,,,,,,Aprende,,,,,,,,,,,,,True,,,,,,,,,
,,,,,,,,,,,,,,,,,,,Networking digital,,,,,,,,,,,,,,,,,,,,,,,,,,,Tecnología,,,,,,,,,Beginner,,,,,,,,,,,,,,es,,,,,,,,,,,,,,,,,,,USD,,,,https://aprende.org/cursos/view/358,,,,,,,,,,,,https://fsvc.capacitateparaelempleo.org/CapacitateFS/coursesImages/8c7419b6-53ac-4e57-8ef4-8d0f046f3a18.png,,"¡Bienvenido! 
 En este curso aprenderás a crear y mantener contactos de forma digital para que te beneficien profesionalmente.",0.0,,,,,,,,,,,,Aprende,,,,,,,,,,,,,True,,,,,,,,,
,,,,,,,,,,,,,,,,,,,Analista de optimización en motores de búsqueda (SEO),,,,,,,,,,,,,,,,,,,,,,,,,,,Tecnología,,,,,,,,,Beginner,,,,,,,,,,,,,,es,,,,,,,,,,,,,,,,,,,USD,,,,https://aprende.org/cursos/view/359,,,,,,,,,,,,https://fsvc.capacitateparaelempleo.org/CapacitateFS/coursesImages/04d476ad-eb1e-496a-8092-28483130cd9c.png,,"Los motores de búsqueda son una pieza fundamental para que un sitio web sea encontrado por usuarios, por lo tanto, es necesario adecuarse a los algoritmos de posicionamiento que estos utilizan para lograr estar en los primeros lugares de esa búsqueda. 
 Por ello, es importante contar con analistas SEO que comprendan los fundamentos del posicionamiento web para garantizar un gran tráfico de usuarios. 
 ¡Éxito en tu capacitación!",0.0,,,,,,,,,,,,Aprende,,,,,,,,,,,,,True,,,,,,,,,
,,,,,,,,,,,,,,,,,,,Fundamentos de blockchain,,,,,,,,,,,,,,,,,,,,,,,,,,,Tecnología,,,,,,,,,Beginner,,,,,,,,,,,,,,es,,,,,,,,,,,,,,,,,,,USD,,,,https://aprende.org/cursos/view/366,,,,,,,,,,,,https://fsvc.capacitateparaelempleo.org/CapacitateFS/coursesImages/39a26257-526f-4996-a05a-171527a68c30.png,,"¡Bienvenido! 
 En este curso desarrollarás los principales conocimientos que te permitirán aprovechar las aplicaciones principales de la tecnología de blockchain, al distinguir sus características y funciones de sus elementos en su arquitectura. 
 Aprende y complementa tu área de desempeño con una de las tendencias en el sector financiero electrónico. 
 ¡Te deseamos éxito!",0.0,,,,,,,,,,,,Aprende,,,,,,,,,,,,,True,,,,,,,,,
,,,,,,,,,,,,,,,,,,,Uso de código QR,,,,,,,,,,,,,,,,,,,,,,,,,,,Tecnología,,,,,,,,,Beginner,,,,,,,,,,,,,,es,,,,,,,,,,,,,,,,,,,USD,,,,https://aprende.org/cursos/view/368,,,,,,,,,,,,https://fsvc.capacitateparaelempleo.org/CapacitateFS/coursesImages/3718451d-8c9e-44ad-95b8-f4a877750d28.png,,"¡Bienvenido! En este curso aprenderás a generar códigos QR para brindar información personal, comercial, publicitar tu negocio, ofrecer tus datos y todo aquello  que desees compartir de forma rápida y sencilla.",0.0,,,,,,,,,,,,Aprende,,,,,,,,,,,,,True,,,,,,,,,
,,,,,,,,,,,,,,,,,,,Fundamentos de redes definidas por software (SDN),,,,,,,,,,,,,,,,,,,,,,,,,,,Tecnología,,,,,,,,,Beginner,,,,,,,,,,,,,,es,,,,,,,,,,,,,,,,,,,USD,,,,https://aprende.org/cursos/view/369,,,,,,,,,,,,https://fsvc.capacitateparaelempleo.org/CapacitateFS/coursesImages/27397723-f303-41ef-8ce8-95d35120c35b.png,,"¡Bienvenido! 
 En este curso aprenderás los elementos, características, casos de uso, retos y soluciones que la tecnología de las Redes Definidas por Software o SDN comprende, para mejorar la administración y automatización de las redes de los centros de datos, móviles y otras. 
 ¡Éxito en tu capacitación!",0.0,,,,,,,,,,,,Aprende,,,,,,,,,,,,,True,,,,,,,,,
,,,,,,,,,,,,,,,,,,,Transformación digital y evolución tecnológica,,,,,,,,,,,,,,,,,,,,,,,,,,,Tecnología,,,,,,,,,Beginner,,,,,,,,,,,,,,es,,,,,,,,,,,,,,,,,,,USD,,,,https://aprende.org/cursos/view/370,,,,,,,,,,,,https://fsvc.capacitateparaelempleo.org/CapacitateFS/coursesImages/7fd6081c-1bc8-44af-9ccd-f66bc2deee50.png,,"¡Bienvenido! 
  En este curso analizarás la importancia de la transformación digital, que te permitirán aprovechar sus beneficios al distinguir las características, funcionamiento y evolución de las principales tecnologías que la permiten. 
 ¡Te deseamos éxito!",0.0,,,,,,,,,,,,Aprende,,,,,,,,,,,,,True,,,,,,,,,
,,,,,,,,,,,,,,,,,,,Uso responsable de dispositivos electrónicos,,,,,,,,,,,,,,,,,,,,,,,,,,,Tecnología,,,,,,,,,Beginner,,,,,,,,,,,,,,es,,,,,,,,,,,,,,,,,,,USD,,,,https://aprende.org/cursos/view/371,,,,,,,,,,,,https://fsvc.capacitateparaelempleo.org/CapacitateFS/coursesImages/0c1b2f06-acc5-411f-a891-908a6e84182b.png,,¡Bienvenido! En esta capacitación se muestran los elementos básicos para adquirir y utilizar de forma responsable los dispositivos electrónicos para minimizar tu impacto ambiental.¡Te deseamos mucho éxito!.,0.0,,,,,,,,,,,,Aprende,,,,,,,,,,,,,True,,,,,,,,,
,,,,,,,,,,,,,,,,,,,Uso del correo electrónico,,,,,,,,,,,,,,,,,,,,,,,,,,,Tecnología,,,,,,,,,Beginner,,,,,,,,,,,,,,es,,,,,,,,,,,,,,,,,,,USD,,,,https://aprende.org/cursos/view/372,,,,,,,,,,,,https://fsvc.capacitateparaelempleo.org/CapacitateFS/coursesImages/8f11f723-3e6b-4af8-8d2f-10febd52b0bb.png,,"En la actualidad es indispensable tener una cuenta de correo ya que muchos dispositivos, aplicaciones y servicios lo requieren para funcionar, aprende con este curso cómo abrirla y utilizarla.",0.0,,,,,,,,,,,,Aprende,,,,,,,,,,,,,True,,,,,,,,,
,,,,,,,,,,,,,,,,,,,Regulación de la interacción digital,,,,,,,,,,,,,,,,,,,,,,,,,,,Tecnología,,,,,,,,,Beginner,,,,,,,,,,,,,,es,,,,,,,,,,,,,,,,,,,USD,,,,https://aprende.org/cursos/view/373,,,,,,,,,,,,https://fsvc.capacitateparaelempleo.org/CapacitateFS/coursesImages/1f609943-5f54-4501-b5ef-0ca20cb8a172.png,,La cantidad de datos que compartimos en dispositivos tecnológicos superan el control o seguimiento que podemos darles. Conocer los alcances que tiene esta información en internet es primordial para evitar situaciones que pongan en riesgo nuestro bienestar psicológico.,0.0,,,,,,,,,,,,Aprende,,,,,,,,,,,,,True,,,,,,,,,
,,,,,,,,,,,,,,,,,,,Seguridad y privacidad en el manejo de información (Regulación),,,,,,,,,,,,,,,,,,,,,,,,,,,Tecnología,,,,,,,,,Beginner,,,,,,,,,,,,,,es,,,,,,,,,,,,,,,,,,,USD,,,,https://aprende.org/cursos/view/374,,,,,,,,,,,,https://fsvc.capacitateparaelempleo.org/CapacitateFS/coursesImages/b66355d1-2501-44d1-962c-df0669a861ed.png,,"Las tecnologías de la información tienen riesgos relacionados con la información personal de los usuarios, de ignorar estos riesgos y no tomar precauciones, las consecuencias pueden ir desde recibir gran cantidad de publicidad hasta problemas legales.",0.0,,,,,,,,,,,,Aprende,,,,,,,,,,,,,True,,,,,,,,,
,,,,,,,,,,,,,,,,,,,Prevención de delitos cibernéticos,,,,,,,,,,,,,,,,,,,,,,,,,,,Tecnología,,,,,,,,,Beginner,,,,,,,,,,,,,,es,,,,,,,,,,,,,,,,,,,USD,,,,https://aprende.org/cursos/view/375,,,,,,,,,,,,https://fsvc.capacitateparaelempleo.org/CapacitateFS/coursesImages/7d76bf71-a26a-464e-b87f-44779092a743.png,,"¡Bienvenido! En esta capacitación podrás familiarizarte con las formas más comunes en las que se presentan los delitos cibernéticos, las medidas de seguridad que puedes implementar para proteger tu información, privacidad y datos y los medios para realizar una denuncia de un delito cibernético. ¡Éxito en tu capacitación!",0.0,,,,,,,,,,,,Aprende,,,,,,,,,,,,,True,,,,,,,,,
,,,,,,,,,,,,,,,,,,,Netiqueta,,,,,,,,,,,,,,,,,,,,,,,,,,,Tecnología,,,,,,,,,Beginner,,,,,,,,,,,,,,es,,,,,,,,,,,,,,,,,,,USD,,,,https://aprende.org/cursos/view/376,,,,,,,,,,,,https://fsvc.capacitateparaelempleo.org/CapacitateFS/coursesImages/0f76db33-0392-4847-ad26-ca018b1e37cd.png,,"¡Bienvenido! 
 Con este curso, aprenderás las normas de etiqueta para expresarte con respeto y claridad en medios virtuales. 
 ¡Te deseamos mucho éxito!",0.0,,,,,,,,,,,,Aprende,,,,,,,,,,,,,True,,,,,,,,,
,,,,,,,,,,,,,,,,,,,Evaluador de experiencia de usuario (UX),,,,,,,,,,,,,,,,,,,,,,,,,,,Tecnología,,,,,,,,,Beginner,,,,,,,,,,,,,,es,,,,,,,,,,,,,,,,,,,USD,,,,https://aprende.org/cursos/view/377,,,,,,,,,,,,https://fsvc.capacitateparaelempleo.org/CapacitateFS/coursesImages/6cdf65c7-aa00-40c4-b400-3eb759d2cf72.png,,"¡Bienvenido! 
 En este curso evaluarás la aplicación, programa o plataforma que hayas diseñado o quieras mejorar mediante distintas mediciones y técnicas que te permitirán conocer el nivel de usabilidad de tu producto de software. 
  ¡Te deseamos éxito!",0.0,,,,,,,,,,,,Aprende,,,,,,,,,,,,,True,,,,,,,,,
,,,,,,,,,,,,,,,,,,,Conexión a internet en el hogar,,,,,,,,,,,,,,,,,,,,,,,,,,,Tecnología,,,,,,,,,Beginner,,,,,,,,,,,,,,es,,,,,,,,,,,,,,,,,,,USD,,,,https://aprende.org/cursos/view/379,,,,,,,,,,,,https://fsvc.capacitateparaelempleo.org/CapacitateFS/coursesImages/527d92ba-a131-4045-8296-d046c6f5b766.png,,"¡Bienvenido! 
 En esta capacitación obtendrás los principales conocimientos y habilidades que te permitirán conectar de forma ágil y segura los equipos de tu hogar que requieren acceso a internet, al instalar y configurar una red de forma alámbrica o inalámbrica. 
 Aprende y saca un mayor provecho del servicio de internet requerido para tus actividades escolares, laborales y de entretenimiento. 
 ¡Te deseamos éxito!",0.0,,,,,,,,,,,,Aprende,,,,,,,,,,,,,True,,,,,,,,,
,,,,,,,,,,,,,,,,,,,Operación de banca en línea,,,,,,,,,,,,,,,,,,,,,,,,,,,Tecnología,,,,,,,,,Beginner,,,,,,,,,,,,,,es,,,,,,,,,,,,,,,,,,,USD,,,,https://aprende.org/cursos/view/380,,,,,,,,,,,,https://fsvc.capacitateparaelempleo.org/CapacitateFS/coursesImages/c7f0801d-40ae-414b-9150-78efcefc4f64.png,,"La banca en línea es una opción para realizar todas tus operaciones sin traslados y pérdidas de tiempo, con este curso podrás utilizar todos los servicios de acuerdo con tus necesidades.  ¡Éxito en la capacitación!",0.0,,,,,,,,,,,,Aprende,,,,,,,,,,,,,True,,,,,,,,,
,,,,,,,,,,,,,,,,,,,Postprocesadores de estilo,,,,,,,,,,,,,,,,,,,,,,,,,,,Tecnología,,,,,,,,,Beginner,,,,,,,,,,,,,,es,,,,,,,,,,,,,,,,,,,USD,,,,https://aprende.org/cursos/view/392,,,,,,,,,,,,https://fsvc.capacitateparaelempleo.org/CapacitateFS/coursesImages/cebe3de4-4947-4f30-8e19-a0afaf5df507.png,,"Bienvenido 
 Los postprocesadores de estilo son una pieza fundamental del  workflow  de un sitio web, ya que agregan funcionalidades que facilitan el trabajo de los programadores como minificación o agregar los  vendor prefixes  entre otros  plugins . 
 Por ello, es importante contar con programadores  front-end  que comprendan los fundamentos de PostCSS para garantizar el desarrollo del sitio web. 
 ¡Éxito en tu capacitación!",0.0,,,,,,,,,,,,Aprende,,,,,,,,,,,,,True,,,,,,,,,
,,,,,,,,,,,,,,,,,,,Uso de aplicaciones de emergencia,,,,,,,,,,,,,,,,,,,,,,,,,,,Tecnología,,,,,,,,,Beginner,,,,,,,,,,,,,,es,,,,,,,,,,,,,,,,,,,USD,,,,https://aprende.org/cursos/view/393,,,,,,,,,,,,https://fsvc.capacitateparaelempleo.org/CapacitateFS/coursesImages/637869f4-3d51-42de-83be-4dcf7b145b15.png,,"¡Bienvenido! 
 Determina la importancia de las aplicaciones de emergencia, así como el uso que le puedes dar de acuerdo con la situación de peligro en la que te encuentres.   
 ¡Éxito en tu capacitación!",0.0,,,,,,,,,,,,Aprende,,,,,,,,,,,,,True,,,,,,,,,
,,,,,,,,,,,,,,,,,,,Comunicación por videollamadas,,,,,,,,,,,,,,,,,,,,,,,,,,,Tecnología,,,,,,,,,Beginner,,,,,,,,,,,,,,es,,,,,,,,,,,,,,,,,,,USD,,,,https://aprende.org/cursos/view/394,,,,,,,,,,,,https://fsvc.capacitateparaelempleo.org/CapacitateFS/coursesImages/1179d1ec-3d48-4b56-b3cf-5b87ce0e7c8d.png,,"Aprende la importancia de las videollamadas, así como el uso que le puedes dar para estar en contacto con tus seres queridos o facilitar la comunicación en el trabajo.   
  ¡Éxito en tu capacitación!",0.0,,,,,,,,,,,,Aprende,,,,,,,,,,,,,True,,,,,,,,,
,,,,,,,,,,,,,,,,,,,Manejo ético de la información y datos,,,,,,,,,,,,,,,,,,,,,,,,,,,Tecnología,,,,,,,,,Beginner,,,,,,,,,,,,,,es,,,,,,,,,,,,,,,,,,,USD,,,,https://aprende.org/cursos/view/397,,,,,,,,,,,,https://fsvc.capacitateparaelempleo.org/CapacitateFS/coursesImages/83f7f2e6-8b26-4557-bcdf-1bc41ac4d2d6.png,,"Aprende todas las características que tienes que implementar para manejar de forma ética la información y datos, para dar mayor credibilidad a tu trabajo y evitar problemas legales.  
 Bienvenido al curso, te deseamos éxito.",0.0,,,,,,,,,,,,Aprende,,,,,,,,,,,,,True,,,,,,,,,
,,,,,,,,,,,,,,,,,,,Uso de información y datos,,,,,,,,,,,,,,,,,,,,,,,,,,,Tecnología,,,,,,,,,Beginner,,,,,,,,,,,,,,es,,,,,,,,,,,,,,,,,,,USD,,,,https://aprende.org/cursos/view/398,,,,,,,,,,,,https://fsvc.capacitateparaelempleo.org/CapacitateFS/coursesImages/e60bbf29-469d-412a-8efa-ca15b95b7e0c.png,,"Distingue entre las propiedades y características de la información y datos, averigua cómo se clasifica esta información y finalmente cómo se emplea para crear nuevo conocimiento en un ciclo dinámico e interactivo.",0.0,,,,,,,,,,,,Aprende,,,,,,,,,,,,,True,,,,,,,,,
,,,,,,,,,,,,,,,,,,,Uso de interfaz de dispositivos móviles,,,,,,,,,,,,,,,,,,,,,,,,,,,Tecnología,,,,,,,,,Beginner,,,,,,,,,,,,,,es,,,,,,,,,,,,,,,,,,,USD,,,,https://aprende.org/cursos/view/399,,,,,,,,,,,,https://fsvc.capacitateparaelempleo.org/CapacitateFS/coursesImages/f4bbb1ee-bcbf-4b0d-a980-1e9d678fbaff.png,,Aprovecha al máximo el rendimiento de tu equipo mientras mantienes tus datos resguardados y protegidos mediante el uso adecuado de la interfaz de dispositivos móviles.,0.0,,,,,,,,,,,,Aprende,,,,,,,,,,,,,True,,,,,,,,,
,,,,,,,,,,,,,,,,,,,Planea la búsqueda de información,,,,,,,,,,,,,,,,,,,,,,,,,,,Tecnología,,,,,,,,,Beginner,,,,,,,,,,,,,,es,,,,,,,,,,,,,,,,,,,USD,,,,https://aprende.org/cursos/view/405,,,,,,,,,,,,https://fsvc.capacitateparaelempleo.org/CapacitateFS/coursesImages/f0ae1f6c-2cf3-4783-8a1e-a4ed95fcc20f.png,,¡Bienvenido! En esta capacitación desarrollarás las habilidades que te permitirán realizar una investigación sobre el tema de tu preferencia con las herramientas y recursos que te ofrece internet.,0.0,,,,,,,,,,,,Aprende,,,,,,,,,,,,,True,,,,,,,,,
,,,,,,,,,,,,,,,,,,,Técnico en comunicaciones por microondas,,,,,,,,,,,,,,,,,,,,,,,,,,,Tecnología,,,,,,,,,Beginner,,,,,,,,,,,,,,es,,,,,,,,,,,,,,,,,,,USD,,,,https://aprende.org/cursos/view/406,,,,,,,,,,,,https://fsvc.capacitateparaelempleo.org/CapacitateFS/coursesImages/40e82d7b-e901-4e1c-a8ee-cb2b2c134888.png,,"¡Bienvenido!  
 En esta capacitación adquirirás los conocimientos y habilidades para la instalación y configuración de un enlace de microondas punto a punto terrestre. Este tipo de comunicación la usan las redes celulares y otras redes de telecomunicaciones.",0.0,,,,,,,,,,,,Aprende,,,,,,,,,,,,,True,,,,,,,,,
,,,,,,,,,,,,,,,,,,,Uso de servicios digitales,,,,,,,,,,,,,,,,,,,,,,,,,,,Tecnología,,,,,,,,,Beginner,,,,,,,,,,,,,,es,,,,,,,,,,,,,,,,,,,USD,,,,https://aprende.org/cursos/view/409,,,,,,,,,,,,https://fsvc.capacitateparaelempleo.org/CapacitateFS/coursesImages/b483cf7e-fe1e-488b-a564-ce007a11aa05.png,,"¡Bienvenido! 
 Si ya tienes un negocio digital o pretendes iniciar uno, conoce más sobre servicios digitales y la forma en que estas dos herramientas se complementan para impulsar los negocios por internet.",0.0,,,,,,,,,,,,Aprende,,,,,,,,,,,,,True,,,,,,,,,
,,,,,,,,,,,,,,,,,,,Organización y almacenamiento digital de información y datos,,,,,,,,,,,,,,,,,,,,,,,,,,,Tecnología,,,,,,,,,Beginner,,,,,,,,,,,,,,es,,,,,,,,,,,,,,,,,,,USD,,,,https://aprende.org/cursos/view/411,,,,,,,,,,,,https://fsvc.capacitateparaelempleo.org/CapacitateFS/coursesImages/4968c18a-7264-449e-b89f-bc953d8d480f.png,,"¡Bienvenido! 
 En este curso puedes ver todo sobre la organización y almacenamiento seguro de tu información y datos que manejas, ya sea a nivel personal o empresarial.",0.0,,,,,,,,,,,,Aprende,,,,,,,,,,,,,True,,,,,,,,,
,,,,,,,,,,,,,,,,,,,Comunicar y presentar datos,,,,,,,,,,,,,,,,,,,,,,,,,,,Tecnología,,,,,,,,,Beginner,,,,,,,,,,,,,,es,,,,,,,,,,,,,,,,,,,USD,,,,https://aprende.org/cursos/view/412,,,,,,,,,,,,https://fsvc.capacitateparaelempleo.org/CapacitateFS/coursesImages/ceddf5b1-3ddb-4025-8220-b3a80ebfa46b.png,,"¡Bienvenido! 
 En esta capacitación podrás estructurar, seleccionar y presentar información por medio de informes, presentaciones y gráficos para que tu mensaje sea transmitido de manera clara y eficaz. 
 ¡Te deseamos mucho éxito!.",0.0,,,,,,,,,,,,Aprende,,,,,,,,,,,,,True,,,,,,,,,
,,,,,,,,,,,,,,,,,,,Uso de herramientas colaborativas,,,,,,,,,,,,,,,,,,,,,,,,,,,Tecnología,,,,,,,,,Beginner,,,,,,,,,,,,,,es,,,,,,,,,,,,,,,,,,,USD,,,,https://aprende.org/cursos/view/413,,,,,,,,,,,,https://fsvc.capacitateparaelempleo.org/CapacitateFS/coursesImages/b208785f-85e0-43d9-b0c0-21335c25aeb9.png,,"Las herramientas colaborativas te permiten realizar proyectos grupales de manera rápida y eficiente. Desde la creación de documentos de texto hasta videos, las herramientas que encontrarás en este curso te ayudarán a trabajar con personas que se encuentran en diferentes lados del mundo, desde cualquier dispositivo que tenga una conexión a internet.",0.0,,,,,,,,,,,,Aprende,,,,,,,,,,,,,True,,,,,,,,,
,,,,,,,,,,,,,,,,,,,Desarrollador de contenido multimedia,,,,,,,,,,,,,,,,,,,,,,,,,,,Tecnología,,,,,,,,,Beginner,,,,,,,,,,,,,,es,,,,,,,,,,,,,,,,,,,USD,,,,https://aprende.org/cursos/view/414,,,,,,,,,,,,https://fsvc.capacitateparaelempleo.org/CapacitateFS/coursesImages/c7ec160c-1457-45fd-9006-4446c95a849d.png,,,0.0,,,,,,,,,,,,Aprende,,,,,,,,,,,,,True,,,,,,,,,
,,,,,,,,,,,,,,,,,,,Técnico en seguridad - Control de accesos,,,,,,,,,,,,,,,,,,,,,,,,,,,Tecnología,,,,,,,,,Beginner,,,,,,,,,,,,,,es,,,,,,,,,,,,,,,,,,,USD,,,,https://aprende.org/cursos/view/415,,,,,,,,,,,,https://fsvc.capacitateparaelempleo.org/CapacitateFS/coursesImages/3c76b6b7-04fd-406b-877f-c2c60a58be0d.png,,"¡Bienvenido! 
 Sin importar su rol en la industria, la seguridad de la información debe ser la mayor preocupación de una empresa. Este curso comprende las políticas y procedimientos indispensables para gestionar de manera adecuada el acceso a los recursos físicos y lógicos de una organización a fin de mantenerlos protegidos. 
 ¡Éxito en tu capacitación!",0.0,,,,,,,,,,,,Aprende,,,,,,,,,,,,,True,,,,,,,,,
,,,,,,,,,,,,,,,,,,,Técnico en seguridad física y del entorno,,,,,,,,,,,,,,,,,,,,,,,,,,,Tecnología,,,,,,,,,Beginner,,,,,,,,,,,,,,es,,,,,,,,,,,,,,,,,,,USD,,,,https://aprende.org/cursos/view/416,,,,,,,,,,,,https://fsvc.capacitateparaelempleo.org/CapacitateFS/coursesImages/171f5bd4-8707-4525-ba3b-42eaf27fefe5.png,,"¡Bienvenido! 
 En este curso encontrarás los conocimientos necesarios para  prevenir los accesos físicos, daños e interferencias en las instalaciones de sistemas informáticos mediante el establecimiento de áreas seguras y protección de los equipos. 
 ¡Mucho éxito en tu capacitación!",0.0,,,,,,,,,,,,Aprende,,,,,,,,,,,,,True,,,,,,,,,
,,,,,,,,,,,,,,,,,,,Técnico en radiofrecuencia,,,,,,,,,,,,,,,,,,,,,,,,,,,Tecnología,,,,,,,,,Beginner,,,,,,,,,,,,,,es,,,,,,,,,,,,,,,,,,,USD,,,,https://aprende.org/cursos/view/417,,,,,,,,,,,,https://fsvc.capacitateparaelempleo.org/CapacitateFS/coursesImages/e5a989dd-a0eb-4495-a37d-9511cec55804.png,,"¡Bienvenido!  
 En esta capacitación se explican los procesos y procedimientos para la instalación y revisión de una estación base que forma parte de la red de telefonía celular. Este sistema de comunicación conecta los equipos móviles entre sí o en otras redes, como internet.",0.0,,,,,,,,,,,,Aprende,,,,,,,,,,,,,True,,,,,,,,,
,,,,,,,,,,,,,,,,,,,Análisis e interpretación de datos,,,,,,,,,,,,,,,,,,,,,,,,,,,Tecnología,,,,,,,,,Intermediate,,,,,,,,,,,,,,es,,,,,,,,,,,,,,,,,,,USD,,,,https://aprende.org/cursos/view/100001,,,,,,,,,,,,https://fsvc.capacitateparaelempleo.org/CapacitateFS/coursesImages/8cb38870-fa5b-4ffd-a058-def0a82be414.png,,"¡Bienvenido! 
 En esta capacitación podrás examinar un conjunto de datos con la finalidad de sacar conclusiones sobre la información para realizar mejoras en procesos, toma de decisiones o simplemente para tener mayor conocimiento sobre un tema. 
 ¡Te deseamos mucho éxito!.",0.0,,,,,,,,,,,,Aprende,,,,,,,,,,,,,True,,,,,,,,,
,,,,,,,,,,,,,,,,,,,Gestión del ecosistema digital,,,,,,,,,,,,,,,,,,,,,,,,,,,Tecnología,,,,,,,,,Beginner,,,,,,,,,,,,,,es,,,,,,,,,,,,,,,,,,,USD,,,,https://aprende.org/cursos/view/100002,,,,,,,,,,,,https://fsvc.capacitateparaelempleo.org/CapacitateFS/coursesImages/f6ace166-df78-46e8-98da-ca1ea675851f.png,,"¡Bienvenido! 
 Los ecosistemas digitales, implementados en muchas organizaciones, permiten el trabajo remoto con grandes grupos de personas. De esta forma, los colaboradores pueden realizar sus tareas desde casa y entregarlas mediante el uso de internet. Las acciones que encontrarás en esta capacitación te ayudarán a organizar mejor tu tiempo, tus tareas y tus reuniones para que puedas cumplir con las metas establecidas por el equipo de trabajo remoto.",0.0,,,,,,,,,,,,Aprende,,,,,,,,,,,,,True,,,,,,,,,
,,,,,,,,,,,,,,,,,,,Seguros cibernéticos,,,,,,,,,,,,,,,,,,,,,,,,,,,Tecnología,,,,,,,,,Beginner,,,,,,,,,,,,,,es,,,,,,,,,,,,,,,,,,,USD,,,,https://aprende.org/cursos/view/100005,,,,,,,,,,,,https://fsvc.capacitateparaelempleo.org/CapacitateFS/coursesImages/cdf8afbb-adbe-4efa-9593-efd98a0898d9.png,,"¡Bienvenido! 
 En esta capacitación revisarás los elementos indispensables para comprender cómo funcionan los seguros cibernéticos y protegerte de riesgos que atenten a la integridad financiera y de información con la que realizas tus actividades en internet. 
 ¡Te deseamos mucho éxito!",0.0,,,,,,,,,,,,Aprende,,,,,,,,,,,,,True,,,,,,,,,
,,,,,,,,,,,,,,,,,,,Compras y pagos seguros por internet,,,,,,,,,,,,,,,,,,,,,,,,,,,Tecnología,,,,,,,,,Beginner,,,,,,,,,,,,,,es,,,,,,,,,,,,,,,,,,,USD,,,,https://aprende.org/cursos/view/100006,,,,,,,,,,,,https://fsvc.capacitateparaelempleo.org/CapacitateFS/coursesImages/bd50f071-c1fc-4078-a349-a254337a8b03.png,,"¡Bienvenido! 
 El pago en línea está superando al uso de efectivo; por ello es imprescindible que sepas cómo funcionan las transacciones digitales y qué herramientas necesitas para hacerlas. Ingresa a esta capacitación y aprovecha al máximo tus dispositivos y servicios.",0.0,,,,,,,,,,,,Aprende,,,,,,,,,,,,,True,,,,,,,,,
,,,,,,,,,,,,,,,,,,,Realidad virtual inmersiva,,,,,,,,,,,,,,,,,,,,,,,,,,,Tecnología,,,,,,,,,Beginner,,,,,,,,,,,,,,es,,,,,,,,,,,,,,,,,,,USD,,,,https://aprende.org/cursos/view/100058,,,,,,,,,,,,https://fsvc.capacitateparaelempleo.org/CapacitateFS/coursesImages/4fa5d3b8-8f45-4186-b1bf-34a5080c19e6.png,,"¡Bienvenido!  
 
 En esta cápsula identificarás las aplicaciones, roles, componentes y  gadgets  de la realidad virtual inmersiva, así como habilidades digitales que vas a necesitar desarrollar para su rápida adopción. 
 ¡Te deseamos éxito!",0.0,,,,,,,,,,,,Aprende,,,,,,,,,,,,,True,,,,,,,,,
,,,,,,,,,,,,,,,,,,,Creación de modelos 3D para entornos virtuales,,,,,,,,,,,,,,,,,,,,,,,,,,,Tecnología,,,,,,,,,Intermediate,,,,,,,,,,,,,,es,,,,,,,,,,,,,,,,,,,USD,,,,https://aprende.org/cursos/view/100071,,,,,,,,,,,,https://fsvc.capacitateparaelempleo.org/CapacitateFS/coursesImages/a4979020-569b-4be4-ba6c-0124fd07809c.png,,"¡Bienvenido! 
 En esta capacitación aprenderás  los elementos indispensables para crear los modelos 3D que forman  los entornos virtuales. 
 ¡Te deseamos mucho éxito!.",0.0,,,,,,,,,,,,Aprende,,,,,,,,,,,,,True,,,,,,,,,
,,,,,,,,,,,,,,,,,,,Desarrollador de JavaScript (React),,,,,,,,,,,,,,,,,,,,,,,,,,,Tecnología,,,,,,,,,Intermediate,,,,,,,,,,,,,,es,,,,,,,,,,,,,,,,,,,USD,,,,https://aprende.org/cursos/view/100075,,,,,,,,,,,,https://fsvc.capacitateparaelempleo.org/CapacitateFS/coursesImages/99628eaa-274e-430c-9666-0cb43afa1d42.png,,"¡Bienvenido! 
 En este curso verás el desarrollo de interfaces y vistas que conforman el front-end de una aplicación web. Diseña, construye y codifica utilizando componentes y bibliotecas de un framework de JavaScript que agiliza el trabajo.",0.0,,,,,,,,,,,,Aprende,,,,,,,,,,,,,True,,,,,,,,,
,,,,,,,,,,,,,,,,,,,Identidad digital y firma electrónica,,,,,,,,,,,,,,,,,,,,,,,,,,,Tecnología,,,,,,,,,Intermediate,,,,,,,,,,,,,,es,,,,,,,,,,,,,,,,,,,USD,,,,https://aprende.org/cursos/view/100100,,,,,,,,,,,,https://fsvc.capacitateparaelempleo.org/CapacitateFS/coursesImages/4d010f06-81c9-45d1-8bfb-2d1c143b38e2.png,,"¡Bienvenido! 
 En este complemento se explica la importancia de la identidad digital y los elementos que la componen para que tú puedas aprovecharla y tramitar documentos digitales que te permitan hacer transacciones legales por medios electrónicos.",0.0,,,,,,,,,,,,Aprende,,,,,,,,,,,,,True,,,,,,,,,
,,,,,,,,,,,,,,,,,,,"Introducción a realidad virtual, aumentada y mixta",,,,,,,,,,,,,,,,,,,,,,,,,,,Tecnología,,,,,,,,,Intermediate,,,,,,,,,,,,,,es,,,,,,,,,,,,,,,,,,,USD,,,,https://aprende.org/cursos/view/100103,,,,,,,,,,,,https://fsvc.capacitateparaelempleo.org/CapacitateFS/coursesImages/9a2a71b4-59d3-4c60-ac8c-b3857414573e.png,,"¡Bienvenido! 
 En este curso se explican las características y funcionamientos de las tecnologías inmersivas de realidad virtual, aumentada y  mixta, que te permitirán aprovechar sus beneficios y ahondar en su diseño y desarrollo. 
 ¡Te deseamos éxito!",0.0,,,,,,,,,,,,Aprende,,,,,,,,,,,,,True,,,,,,,,,
,,,,,,,,,,,,,,,,,,,Identificación de información errónea,,,,,,,,,,,,,,,,,,,,,,,,,,,Tecnología,,,,,,,,,Intermediate,,,,,,,,,,,,,,es,,,,,,,,,,,,,,,,,,,USD,,,,https://aprende.org/cursos/view/100104,,,,,,,,,,,,https://fsvc.capacitateparaelempleo.org/CapacitateFS/coursesImages/72847575-bf71-4114-8de3-1025fa30a881.png,,"¡Bienvenido! 
 En esta capacitación se explican  los elementos necesarios para identificar información errónea y contribuir en evitar compartirla. 
 ¡Te deseamos mucho éxito!",0.0,,,,,,,,,,,,Aprende,,,,,,,,,,,,,True,,,,,,,,,
,,,,,,,,,,,,,,,,,,,Vacante | Desarrollador Inbursa,,,,,,,,,,,,,,,,,,,,,,,,,,,Tecnología,,,,,,,,,Beginner,,,,,,,,,,,,,,es,,,,,,,,,,,,,,,,,,,USD,,,,https://aprende.org/cursos/view/100110,,,,,,,,,,,,https://fsvc.capacitateparaelempleo.org/CapacitateFS/coursesImages/f3b32ea5-1c96-49a2-b48d-565766541a55.png,,"Desarrollador  
  GRUPO FINANCIERO INBURSA  
  ------------/  REQUISITOS  /------------  
  Escolaridad:  
 Lic. en Informática, lng. Sistemas Computacionales o afin 
  Experiencia:  
 Java, tecnología Movil y .Net 
  Conocimientos:  
 En desarrollo de microservicios o APIs 
  Zona trabajo:  
 CDMX, Cuernavaca, Pachuca y Toluca. 
  Disponibilidad:  
 Lunes a Viernes 
  Horario:  
 De 8:00 a 17:15 hrs. 
  Contacto:  
 Enviar CV a correo seleccionsistemas@inbursa.com 
  ------------/  OFRECEMOS  /------------  
 Sueldo base Mensual 
 Prestaciones superiores a la Ley 
 Desarrollo Profesional 
 Sueldo: De $16,000 a $25,000",0.0,,,,,,,,,,,,Aprende,,,,,,,,,,,,,True,,,,,,,,,
,,,,,,,,,,,,,,,,,,,Vacante | Analista de sistemas Inbursa,,,,,,,,,,,,,,,,,,,,,,,,,,,Tecnología,,,,,,,,,Beginner,,,,,,,,,,,,,,es,,,,,,,,,,,,,,,,,,,USD,,,,https://aprende.org/cursos/view/100111,,,,,,,,,,,,https://fsvc.capacitateparaelempleo.org/CapacitateFS/coursesImages/884ae841-5625-4c0f-ba7b-7e5371bbfb2f.png,,"Analista de sistemas  
  GRUPO FINANCIERO INBURSA  
  ------------/  REQUISITOS  /------------  
  Escolaridad:  
 Lic. en Informática, lng. Sistemas Computacionales o afin 
  Experiencia:  
 Arquitectura y Configuración / Base de Datos / Infraestructura / Comunicaciones / Soporte 
  Conocimientos:  
 Sistemas Operativos Windows y Linux, Redes, Base de Datos y Soporte técnico 
  Zona trabajo:  
 CDMX Zona Sur 
  Disponibilidad:  
 Lunes a Viernes 
  Horario:  
 De 8:00 a 17:15 hrs. 
  Contacto:  
 Enviar CV a correo seleccionsistemas@inbursa.com 
  ------------/  OFRECEMOS  /------------  
 Sueldo base Mensual 
 Prestaciones superiores a la Ley 
 Desarrollo Profesional 
 Sueldo: De $13,000 a $16,000",0.0,,,,,,,,,,,,Aprende,,,,,,,,,,,,,True,,,,,,,,,
,,,,,,,,,,,,,,,,,,,Vacante | Analista Seguridad TI,,,,,,,,,,,,,,,,,,,,,,,,,,,Tecnología,,,,,,,,,Beginner,,,,,,,,,,,,,,es,,,,,,,,,,,,,,,,,,,USD,,,,https://aprende.org/cursos/view/100112,,,,,,,,,,,,https://fsvc.capacitateparaelempleo.org/CapacitateFS/coursesImages/edb5b3a9-2f7c-4e3e-a3e9-28dc9d560d34.png,,"Analista Seguridad TI  
  GRUPO FINANCIERO INBURSA  
  ------------/  REQUISITOS  /------------  
  Escolaridad:  
 Ing. Informática Sistamas o afin 
  Experiencia:  
 Monitoreo de infraestructura 
  Conocimientos:  
 Seguridad Informática 
  Zona trabajo:  
 CDMX Zona Sur 
  Disponibilidad:  
 5 días de trabajo por 2 de descanso 
  Horario:  
 7:00-15:00, 15:00- 23:00 o 23:00-7:00 hrs (Rolan Turnos) 
  Contacto:  
 Enviar CV a correo seleccionsistemas@inbursa.com 
  ------------/  OFRECEMOS  /------------  
 Sueldo base Mensual 
 Prestaciones superiores a la Ley 
 Desarrollo Profesional 
 Sueldo: De $15,000 a $16,900",0.0,,,,,,,,,,,,Aprende,,,,,,,,,,,,,True,,,,,,,,,
,,,,,,,,,,,,,,,,,,,Administrador de bases de datos relacionales,,,,,,,,,,,,,,,,,,,,,,,,,,,Tecnología,,,,,,,,,Intermediate,,,,,,,,,,,,,,es,,,,,,,,,,,,,,,,,,,USD,,,,https://aprende.org/cursos/view/100146,,,,,,,,,,,,https://fsvc.capacitateparaelempleo.org/CapacitateFS/coursesImages/6ddfc053-5411-45b2-ba33-eccb193eb14e.png,,"¡Bienvenido! 
 En esta capacitación se explican los fundamentos de la administración de una base de datos a través de un sistema gestor. Desde el modelado de diferentes datos, la consulta a la información almacenada de una tienda internacional y su implementación en la nube para mantener en óptimas condiciones la información. 
 ¡Éxito en tu capacitación!",0.0,,,,,,,,,,,,Aprende,,,,,,,,,,,,,True,,,,,,,,,
,,,,,,,,,,,,,,,,,,,Unity Game Tester,,,,,,,,,,,,,,,,,,,,,,,,,,,Tecnología,,,,,,,,,Beginner,,,,,,,,,,,,,,es,,,,,,,,,,,,,,,,,,,USD,,,,https://aprende.org/cursos/view/100153,,,,,,,,,,,,https://fsvc.capacitateparaelempleo.org/CapacitateFS/coursesImages/97bf6cd9-e692-4fa8-8eaf-2b6c883868cd.png,,,0.0,,,,,,,,,,,,Aprende,,,,,,,,,,,,,True,,,,,,,,,
,,,,,,,,,,,,,,,,,,,Fundamentos de inteligencia artificial,,,,,,,,,,,,,,,,,,,,,,,,,,,Tecnología,,,,,,,,,Intermediate,,,,,,,,,,,,,,es,,,,,,,,,,,,,,,,,,,USD,,,,https://aprende.org/cursos/view/100212,,,,,,,,,,,,https://fsvc.capacitateparaelempleo.org/CapacitateFS/coursesImages/23599fc4-d7a1-48e6-b320-d8e09e8b9444.png,,"¡Bienvenido! 
 En este curso vas a identificar los campos de aplicación de la inteligencia artificial, comprender los conceptos fundamentales que la involucran y realizar algoritmos prácticos y sencillos usados en sistemas inteligentes.",0.0,,,,,,,,,,,,Aprende,,,,,,,,,,,,,True,,,,,,,,,
,,,,,,,,,,,,,,,,,,,Diseñador de peticiones para modelos de IA generativa (Prompts),,,,,,,,,,,,,,,,,,,,,,,,,,,Tecnología,,,,,,,,,Intermediate,,,,,,,,,,,,,,es,,,,,,,,,,,,,,,,,,,USD,,,,https://aprende.org/cursos/view/100213,,,,,,,,,,,,https://fsvc.capacitateparaelempleo.org/CapacitateFS/coursesImages/d8ab3913-d454-47f1-8563-bece5094f0d1.png,,"¡Bienvenido! 
 La revolución digital impulsada por los modelos generativos con IA está cambiando la forma en que interactuamos con la tecnología. Este curso abarca los fundamentos y técnicas más recientes de la ingeniería de peticiones para adentrarse dentro de este campo en constante evolución. 
 ¡Éxito en tu capacitación!",0.0,,,,,,,,,,,,Aprende,,,,,,,,,,,,,True,,,,,,,,,
,,,,,,,,,,,,,,,,,,,Gestiona tu portafolio como desarrollador,,,,,,,,,,,,,,,,,,,,,,,,,,,Tecnología,,,,,,,,,Intermediate,,,,,,,,,,,,,,es,,,,,,,,,,,,,,,,,,,USD,,,,https://aprende.org/cursos/view/100216,,,,,,,,,,,,https://fsvc.capacitateparaelempleo.org/CapacitateFS/coursesImages/1dff3a31-9359-4b8f-ac9f-7a9e64402449.png,,"¡Bienvenido! 
 En este curso vas a identificar la información necesaria, estructura y herramientas disponibles para la gestión de un portafolio digital para promocionar tu perfil como desarrollador.",0.0,,,,,,,,,,,,Aprende,,,,,,,,,,,,,True,,,,,,,,,
,,,,,,,,,,,,,,,,,,,Creación de físicas e interfaz con C# para RV y RA,,,,,,,,,,,,,,,,,,,,,,,,,,,Tecnología,,,,,,,,,Intermediate,,,,,,,,,,,,,,es,,,,,,,,,,,,,,,,,,,USD,,,,https://aprende.org/cursos/view/100221,,,,,,,,,,,,https://fsvc.capacitateparaelempleo.org/CapacitateFS/coursesImages/00ccb640-4fde-4acc-8da9-6b4a03d000bf.png,,"¡Bienvenido! 
 En esta capacitación aprenderás  los elementos indispensables para crear un Entorno Virtual interactivo. 
 ¡Te deseamos mucho éxito!",0.0,,,,,,,,,,,,Aprende,,,,,,,,,,,,,True,,,,,,,,,
,,,,,,,,,,,,,,,,,,,Desarrollador PHP (Orientado a objetos),,,,,,,,,,,,,,,,,,,,,,,,,,,Tecnología,,,,,,,,,Intermediate,,,,,,,,,,,,,,es,,,,,,,,,,,,,,,,,,,USD,,,,https://aprende.org/cursos/view/100311,,,,,,,,,,,,https://fsvc.capacitateparaelempleo.org/CapacitateFS/coursesImages/e9fb6005-d064-4932-a063-e33a5d631e87.png,,"¡Bienvenido! 
 El lenguaje de programación más popular para crear y gestionar aplicaciones web es PHP. En este curso se explican sus conceptos fundamentales y características avanzadas que te permitirán desarrollar software web. 
 ¡Éxito en tu capacitación!",0.0,,,,,,,,,,,,Aprende,,,,,,,,,,,,,True,,,,,,,,,
,,,,,,,,,,,,,,,,,,,Diseñador de interactivos web,,,,,,,,,,,,,,,,,,,,,,,,,,,Tecnología,,,,,,,,,Intermediate,,,,,,,,,,,,,,es,,,,,,,,,,,,,,,,,,,USD,,,,https://aprende.org/cursos/view/100332,,,,,,,,,,,,https://fsvc.capacitateparaelempleo.org/CapacitateFS/coursesImages/829d5de5-ba26-4537-ab60-281e9db99dc1.png,,¡Bienvenido!  En esta capacitación aprenderás  los elementos indispensables para diseñar interactivos web.  ¡Te deseamos mucho éxito!,0.0,,,,,,,,,,,,Aprende,,,,,,,,,,,,,True,,,,,,,,,
,,,,,,,,,,,,,,,,,,,Diseñador de sitios web dinámicos,,,,,,,,,,,,,,,,,,,,,,,,,,,Tecnología,,,,,,,,,Intermediate,,,,,,,,,,,,,,es,,,,,,,,,,,,,,,,,,,USD,,,,https://aprende.org/cursos/view/100335,,,,,,,,,,,,https://fsvc.capacitateparaelempleo.org/CapacitateFS/coursesImages/45970fd5-3a7a-4849-ba55-fb782b96ea51.png,,¡Bienvenido!  En esta capacitación identificarás  los elementos indispensables para diseñar sitios web dinámicos.  ¡Te deseamos mucho éxito!,0.0,,,,,,,,,,,,Aprende,,,,,,,,,,,,,True,,,,,,,,,
,,,,,,,,,,,,,,,,,,,Administrador de bases de datos,,,,,,,,,,,,,,,,,,,,,,,,,,,Tecnología,,,,,,,,,Beginner,,,,,,,,,,,,,,es,,,,,,,,,,,,,,,,,,,USD,,,,https://aprende.org/cursos/view/100418,,,,,,,,,,,,https://fsvc.capacitateparaelempleo.org/CapacitateFS/coursesImages/30040080-a3fb-4b85-8cab-4aed4f06b90a.png,,,0.0,,,,,,,,,,,,Aprende,,,,,,,,,,,,,True,,,,,,,,,
,,,,,,,,,,,,,,,,,,,Desarrollador de aplicaciones móviles.,,,,,,,,,,,,,,,,,,,,,,,,,,,Tecnología,,,,,,,,,Intermediate,,,,,,,,,,,,,,es,,,,,,,,,,,,,,,,,,,USD,,,,https://aprende.org/cursos/view/100820,,,,,,,,,,,,https://fsvc.capacitateparaelempleo.org/CapacitateFS/coursesImages/8e7c315d-a58d-43fc-9c0e-b476c1637bd9.png,,"¡Bienvenido! 
 En la actualidad, las aplicaciones móviles son esenciales en la vida cotidiana, utilizadas en dispositivos inteligentes para comunicarse, aprender, trabajar, comprar y entretenerse. 
 En este curso, aprenderás a diseñar, desarrollar y publicar aplicaciones móviles, adquiriendo las habilidades necesarias para destacar en esta industria en constante crecimiento. 
 ¡Éxito en tu capacitación!",0.0,,,,,,,,,,,,Aprende,,,,,,,,,,,,,True,,,,,,,,,
,,,,,,,,,,,,,,,,,,,IA Generativa,,,,,,,,,,,,,,,,,,,,,,,,,,,Tecnología,,,,,,,,,Intermediate,,,,,,,,,,,,,,es,,,,,,,,,,,,,,,,,,,USD,,,,https://aprende.org/cursos/view/100827,,,,,,,,,,,,https://fsvc.capacitateparaelempleo.org/CapacitateFS/coursesImages/c789e823-9e5a-4760-9fe3-81ad67543f13.png,,"¡Bienvenido! 
 En esta cápsula conocerás las características de la tecnología que está transformando la forma de crear y trabajar, la Inteligencia Artificial Generativa.  
 Descubre cómo aprovecharla en tu día a día.",0.0,,,,,,,,,,,,Aprende,,,,,,,,,,,,,True,,,,,,,,,
,,,,,,,,,,,,,,,,,,,Generación de imágenes con IA-G,,,,,,,,,,,,,,,,,,,,,,,,,,,Tecnología,,,,,,,,,Intermediate,,,,,,,,,,,,,,es,,,,,,,,,,,,,,,,,,,USD,,,,https://aprende.org/cursos/view/100836,,,,,,,,,,,,https://fsvc.capacitateparaelempleo.org/CapacitateFS/coursesImages/5270e1bc-60a9-433b-8b62-6dbecd0fe1ad.png,,,0.0,,,,,,,,,,,,Aprende,,,,,,,,,,,,,True,,,,,,,,,
,,,,,,,,,,,,,,,,,,,"Gráficos, animaciones e iluminación para entornos virtuales",,,,,,,,,,,,,,,,,,,,,,,,,,,Tecnología,,,,,,,,,Intermediate,,,,,,,,,,,,,,es,,,,,,,,,,,,,,,,,,,USD,,,,https://aprende.org/cursos/view/100840,,,,,,,,,,,,https://fsvc.capacitateparaelempleo.org/CapacitateFS/coursesImages/2c26f6a1-a50a-43bd-a212-bda8039d8ad4.png,,"¡Bienvenido! En esta capacitación aprenderás los elementos indispensables para crear gráficos, animaciones e iluminación para los entornos virtuales. ¡Te deseamos mucho éxito!",0.0,,,,,,,,,,,,Aprende,,,,,,,,,,,,,True,,,,,,,,,
,,,,,,,,,,,,,,,,,,,Creación de videos con IA generativa,,,,,,,,,,,,,,,,,,,,,,,,,,,Tecnología,,,,,,,,,Intermediate,,,,,,,,,,,,,,es,,,,,,,,,,,,,,,,,,,USD,,,,https://aprende.org/cursos/view/100898,,,,,,,,,,,,https://fsvc.capacitateparaelempleo.org/CapacitateFS/coursesImages/f6ad96ae-5d4d-427e-a3ab-6783db26cda2.png,,"¡Bienvenido! 
 En este curso crearás videos de forma rápida con ayuda de la IA generativa, por medio de guiones y descripciones claras del medio audiovisual.",0.0,,,,,,,,,,,,Aprende,,,,,,,,,,,,,True,,,,,,,,,
,,,,,,,,,,,,,,,,,,,Desarrollador de videojuegos 2026,,,,,,,,,,,,,,,,,,,,,,,,,,,Tecnología,,,,,,,,,Intermediate,,,,,,,,,,,,,,es,,,,,,,,,,,,,,,,,,,USD,,,,https://aprende.org/cursos/view/100899,,,,,,,,,,,,https://fsvc.capacitateparaelempleo.org/CapacitateFS/coursesImages/d12390d2-72d4-4d1d-bc95-fea367de6a0b.png,,"¡Bienvenido! 
 Los videojuegos son la industria más grande del mundo y como desarrollador tienes un campo laboral amplio. En este curso descubrirás cómo mejorar tu videojuego con técnicas avanzadas de desarrollo y herramientas gratuitas. 
 Da el primer paso y pasa al siguiente nivel en el desarrollo de videojuegos.",0.0,,,,,,,,,,,,Aprende,,,,,,,,,,,,,True,,,,,,,,,
,,,,,,,,,,,,,,,,,,,Corte y confección,,,,,,,,,,,,,,,,,,,,,,,,,,,Moda y belleza,,,,,,,,,Beginner,,,,,,,,,,,,,,es,,,,,,,,,,,,,,,,,,,USD,,,,https://aprende.org/cursos/view/37,,,,,,,,,,,,https://fsvc.capacitateparaelempleo.org/CapacitateFS/coursesImages/b8cd99d9-bf52-4c0b-a15b-2d441ed0a332.png,,"¡Bienvenido! 
 Prepárate para cortar y confeccionar prendas sencillas. En esta capacitación aprenderás a elegir telas, modelos, tomar medidas, trazar patrones        y cortarlos en tela, hilvanar, confeccionar y entregar las prendas. 
 ¡Éxito en tu capacitación!",0.0,,,,,,,,,,,,Aprende,,,,,,,,,,,,,True,,,,,,,,,
,,,,,,,,,,,,,,,,,,,Asesor de Belleza,,,,,,,,,,,,,,,,,,,,,,,,,,,Moda y belleza,,,,,,,,,Beginner,,,,,,,,,,,,,,es,,,,,,,,,,,,,,,,,,,USD,,,,https://aprende.org/cursos/view/40,,,,,,,,,,,,https://fsvc.capacitateparaelempleo.org/CapacitateFS/coursesImages/18a11af4-4c04-4e24-9eed-83af76255cd6.png,,"¡Bienvenido! 
 Aprende todo sobre las técnicas y las herramientas para embellecer el rostro, según los rasgos de cada persona.  
 En cuatro niveles aprenderás a tener tu espacio de trabajo y tus herramientas en óptimas condiciones, usar el color de manera adecuada,        
 hacer correcciones en los rostros, hacer peinados sencillos, aplicar maquillaje de televisión y realizar caracterizaciones. 
 ¡Éxito en tu capacitación!",0.0,,,,,,,,,,,,Aprende,,,,,,,,,,,,,True,,,,,,,,,
,,,,,,,,,,,,,,,,,,,Servicio de barbería (Barba y bigote),,,,,,,,,,,,,,,,,,,,,,,,,,,Moda y belleza,,,,,,,,,Beginner,,,,,,,,,,,,,,es,,,,,,,,,,,,,,,,,,,USD,,,,https://aprende.org/cursos/view/137,,,,,,,,,,,,https://fsvc.capacitateparaelempleo.org/CapacitateFS/coursesImages/429f81f4-6592-4935-9c74-c9a8b70d46cb.png,,El usuario aprenderá las habilidades y capacidades necesarias para desarrollarse en el mundo de la barbería.,0.0,,,,,,,,,,,,Aprende,,,,,,,,,,,,,True,,,,,,,,,
,,,,,,,,,,,,,,,,,,,Estilista,,,,,,,,,,,,,,,,,,,,,,,,,,,Moda y belleza,,,,,,,,,Beginner,,,,,,,,,,,,,,es,,,,,,,,,,,,,,,,,,,USD,,,,https://aprende.org/cursos/view/138,,,,,,,,,,,,https://fsvc.capacitateparaelempleo.org/CapacitateFS/coursesImages/666acb81-07b0-432e-916b-475855a20c93.png,,"El estilista es responsable de la creación de un nuevo estilo o imagen tomando como modelo a una persona. Los roles principales de un estilista se pueden dividir esencialmente en estas tres categorías: diseño o corte de cabello, técnicas de peinado y cuidado de la imagen. Reconoce y estudia las necesidades y deseos de tus clientes para brindarles un estilo que sea acorde a sus expectativas.",0.0,,,,,,,,,,,,Aprende,,,,,,,,,,,,,True,,,,,,,,,
,,,,,,,,,,,,,,,,,,,Mecánico automotriz,,,,,,,,,,,,,,,,,,,,,,,,,,,Transportes,,,,,,,,,Beginner,,,,,,,,,,,,,,es,,,,,,,,,,,,,,,,,,,USD,,,,https://aprende.org/cursos/view/36,,,,,,,,,,,,https://fsvc.capacitateparaelempleo.org/CapacitateFS/coursesImages/86f0fc84-2d07-4034-89ea-7b4944cb6778.png,,"¡Bienvenido! 
 En esta capacitación conocerás el funcionamiento y las partes que integran un vehículo para poder hacer un diagnóstico, dar mantenimiento y reparar las fallas más comunes en su sistema mecánico, eléctrico y electrónico.   
 ¡Éxito en tu capacitación!",0.0,,,,,,,,,,,,Aprende,,,,,,,,,,,,,True,,,,,,,,,
,,,,,,,,,,,,,,,,,,,Conductor de transporte público,,,,,,,,,,,,,,,,,,,,,,,,,,,Transportes,,,,,,,,,Beginner,,,,,,,,,,,,,,es,,,,,,,,,,,,,,,,,,,USD,,,,https://aprende.org/cursos/view/41,,,,,,,,,,,,https://fsvc.capacitateparaelempleo.org/CapacitateFS/coursesImages/31ac425d-bf3a-4ed7-b25e-52bd50cad173.png,,"¡Bienvenido!  
  El conductor de transporte público tiene la responsabilidad de garantizar su seguridad y la de los pasajeros, respetar a los actores que comparten el espacio, cumplir con las normas viales y ser un ejemplo para los demás. Contribuyendo con la creación de una mejor ciudad para todos.  
  Con esta capacitación podrás aprender y actualizarte sobre los más altos estándares de conducción, aplicando hábitos de cultura de movilidad.   
  ¡Éxito en tu capacitación!",0.0,,,,,,,,,,,,Aprende,,,,,,,,,,,,,True,,,,,,,,,
,,,,,,,,,,,,,,,,,,,Conductor de Transporte Ejecutivo,,,,,,,,,,,,,,,,,,,,,,,,,,,Transportes,,,,,,,,,Beginner,,,,,,,,,,,,,,es,,,,,,,,,,,,,,,,,,,USD,,,,https://aprende.org/cursos/view/54,,,,,,,,,,,,https://fsvc.capacitateparaelempleo.org/CapacitateFS/coursesImages/57f6350b-92cf-4d8c-8297-327e744de8e8.png,,"¡Bienvenido! 
  Obtén las herramientas que te permitirán brindar un servicio de excelencia todos los días, antes, durante y después de un servicio de transporte ejecutivo.  
  Con esta capacitación podrás aprender y actualizarte sobre los más altos estándares de conducción.   
 ¡Te deseamos éxito!",0.0,,,,,,,,,,,,Aprende,,,,,,,,,,,,,True,,,,,,,,,
,,,,,,,,,,,,,,,,,,,Auxiliar de mantenimiento de carreteras,,,,,,,,,,,,,,,,,,,,,,,,,,,Transportes,,,,,,,,,Beginner,,,,,,,,,,,,,,es,,,,,,,,,,,,,,,,,,,USD,,,,https://aprende.org/cursos/view/60,,,,,,,,,,,,https://fsvc.capacitateparaelempleo.org/CapacitateFS/coursesImages/fa26dbfa-63e9-4440-bf76-9422eedf7d02.png,,"¡Bienvenido! 
 Conoce las actividades que ayudan a conservar y reducir el deterioro de autopistas producido por el tránsito constante y el clima. Esta labor es muy importante para asegurar un nivel de servicio óptimo para los usuarios y conservar la concesión de las autopistas.   
 ¡Éxito en tu capacitación!",0.0,,,,,,,,,,,,Aprende,,,,,,,,,,,,,True,,,,,,,,,
,,,,,,,,,,,,,,,,,,,Cobrador de peaje,,,,,,,,,,,,,,,,,,,,,,,,,,,Transportes,,,,,,,,,Beginner,,,,,,,,,,,,,,es,,,,,,,,,,,,,,,,,,,USD,,,,https://aprende.org/cursos/view/61,,,,,,,,,,,,https://fsvc.capacitateparaelempleo.org/CapacitateFS/coursesImages/c814e059-a2e7-483e-ab8e-e229a68a0028.png,,"¡Bienvenido! 
 Aprende a recibir el pago de la tarifa en casetas de cobro y a entregar el dinero recaudado a tu supervisor. Además, estarás preparado                    para reaccionar ante desastres naturales y accidentes vehiculares. 
 ¡Éxito en tu capacitación!",0.0,,,,,,,,,,,,Aprende,,,,,,,,,,,,,True,,,,,,,,,
,,,,,,,,,,,,,,,,,,,Banderero,,,,,,,,,,,,,,,,,,,,,,,,,,,Transportes,,,,,,,,,Beginner,,,,,,,,,,,,,,es,,,,,,,,,,,,,,,,,,,USD,,,,https://aprende.org/cursos/view/62,,,,,,,,,,,,https://fsvc.capacitateparaelempleo.org/CapacitateFS/coursesImages/0dda5f21-866a-4e2d-b2c5-54270d7b84be.png,,"¡Bienvenido! 
 Adquiere los conocimientos que te permitirán controlar y supervisar el flujo de tránsito en las autopistas, mientras dominas el uso de las herramientas de trabajo y la colocación de señales. Esta labor es indispensable para preservar la seguridad de trabajadores y usuarios en las carreteras. 
 ¡Éxito en tu capacitación!",0.0,,,,,,,,,,,,Aprende,,,,,,,,,,,,,True,,,,,,,,,
,,,,,,,,,,,,,,,,,,,Operador de autotransporte,,,,,,,,,,,,,,,,,,,,,,,,,,,Transportes,,,,,,,,,Beginner,,,,,,,,,,,,,,es,,,,,,,,,,,,,,,,,,,USD,,,,https://aprende.org/cursos/view/98,,,,,,,,,,,,https://fsvc.capacitateparaelempleo.org/CapacitateFS/coursesImages/594bd937-b7fc-4cf9-8dc4-7c0b76d0735f.png,,"Operador de autotransporte 
  ¡Bienvenido! 
 Como operador de autotransporte eres una pieza esencial de la cadena de distribución. Éste curso te dará las herramientas para convertirte en un conductor eficiente y responsable. 
 ¡Éxito en tu capacitación!",0.0,,,,,,,,,,,,Aprende,,,,,,,,,,,,,True,,,,,,,,,
,,,,,,,,,,,,,,,,,,,Mecánico de bicicletas,,,,,,,,,,,,,,,,,,,,,,,,,,,Transportes,,,,,,,,,Beginner,,,,,,,,,,,,,,es,,,,,,,,,,,,,,,,,,,USD,,,,https://aprende.org/cursos/view/114,,,,,,,,,,,,https://fsvc.capacitateparaelempleo.org/CapacitateFS/coursesImages/37395aa4-c234-4dde-9e7b-c00662267cca.png,,"Inicia tu capacitación como mecánico de bicicletas, identifica los problemas que se presenta en una bicicleta, utiliza las herramientas adecuadas para resolverlos y da mantenimiento correctivo y preventivo a cada una de sus partes. 
 Además, asesora al cliente para que el funcionamiento de su bicicleta sea óptimo y elija la adecuada para las actividades que va a desempeñar. 
 ¡Bienvenido!",0.0,,,,,,,,,,,,Aprende,,,,,,,,,,,,,True,,,,,,,,,
,,,,,,,,,,,,,,,,,,,Taxista,,,,,,,,,,,,,,,,,,,,,,,,,,,Transportes,,,,,,,,,Beginner,,,,,,,,,,,,,,es,,,,,,,,,,,,,,,,,,,USD,,,,https://aprende.org/cursos/view/124,,,,,,,,,,,,https://fsvc.capacitateparaelempleo.org/CapacitateFS/coursesImages/0d8fe081-1ded-4417-863a-9c071465652b.png,,"¡Bienvenido! 
 Obtén las herramientas que te permitirán brindar un servicio de excelencia todos los días, antes, durante y después de un servicio de transporte. 
 Con esta capacitación podrás aprender y actualizarte sobre los más altos estándares de conducción.  
 ¡Te deseamos éxito!",0.0,,,,,,,,,,,,Aprende,,,,,,,,,,,,,True,,,,,,,,,
,,,,,,,,,,,,,,,,,,,Mecánico de motocicletas,,,,,,,,,,,,,,,,,,,,,,,,,,,Transportes,,,,,,,,,Beginner,,,,,,,,,,,,,,es,,,,,,,,,,,,,,,,,,,USD,,,,https://aprende.org/cursos/view/139,,,,,,,,,,,,https://fsvc.capacitateparaelempleo.org/CapacitateFS/coursesImages/4ed84f21-0218-4046-ac3c-ae83cfdafa4f.png,,,0.0,,,,,,,,,,,,Aprende,,,,,,,,,,,,,True,,,,,,,,,
,,,,,,,,,,,,,,,,,,,Formación para conductores,,,,,,,,,,,,,,,,,,,,,,,,,,,Transportes,,,,,,,,,Beginner,,,,,,,,,,,,,,es,,,,,,,,,,,,,,,,,,,USD,,,,https://aprende.org/cursos/view/175,,,,,,,,,,,,https://fsvc.capacitateparaelempleo.org/CapacitateFS/coursesImages/fc840a91-3732-4547-89b3-bd4f810ac9fd.png,,"En esta capacitación obtendrás las habilidades de conducción para desempeñarte como un conductor responsable. Obtendrás las bases para adquirir una licencia de conducir tipo A. 
 Aprende y descubre que puedes hacer para mejorar tus traslados.",0.0,,,,,,,,,,,,Aprende,,,,,,,,,,,,,True,,,,,,,,,
,,,,,,,,,,,,,,,,,,,Profesionalización del autotransporte,,,,,,,,,,,,,,,,,,,,,,,,,,,Transportes,,,,,,,,,Beginner,,,,,,,,,,,,,,es,,,,,,,,,,,,,,,,,,,USD,,,,https://aprende.org/cursos/view/202,,,,,,,,,,,,https://fsvc.capacitateparaelempleo.org/CapacitateFS/coursesImages/63838821-af40-4e8e-a78d-db14edaade7a.png,,"¡Bienvenido! Conocer la normativa y legislaciones del transporte de carga harán que actúes como un transportista responsable y así cumplir con las regulaciones correspondientes. Este curso te dará las herramientas para adquirir profesionalización en el autotransporte. 
 ¡Éxito en tu capacitación!",0.0,,,,,,,,,,,,Aprende,,,,,,,,,,,,,True,,,,,,,,,
,,,,,,,,,,,,,,,,,,,Operación de flotas eficientes,,,,,,,,,,,,,,,,,,,,,,,,,,,Transportes,,,,,,,,,Beginner,,,,,,,,,,,,,,es,,,,,,,,,,,,,,,,,,,USD,,,,https://aprende.org/cursos/view/203,,,,,,,,,,,,https://fsvc.capacitateparaelempleo.org/CapacitateFS/coursesImages/cc807ca4-0960-42df-8ebe-3d4cf14b9f8d.png,,"¡Bienvenido! 
 En esta capacitación aprenderás los elementos que te permitirán generar un ahorro económico y energético al administrar adecuadamente una flota vehicular; además, podrás determinar de forma cualitativa y cuantitativa qué vehículos le conviene adquirir a tu empresa para operar de manera eficiente en sus actividades diarias.  
 ¡Te deseamos mucho éxito!",0.0,,,,,,,,,,,,Aprende,,,,,,,,,,,,,True,,,,,,,,,
,,,,,,,,,,,,,,,,,,,Cadena de suministro y costo del autotransporte,,,,,,,,,,,,,,,,,,,,,,,,,,,Transportes,,,,,,,,,Beginner,,,,,,,,,,,,,,es,,,,,,,,,,,,,,,,,,,USD,,,,https://aprende.org/cursos/view/204,,,,,,,,,,,,https://fsvc.capacitateparaelempleo.org/CapacitateFS/coursesImages/3f8c217d-a9be-4d33-81b3-dbf273a8df4b.png,,"¡Bienvenido! Como transportista y dueño de una empresa de transporte eres una pieza esencial de la cadena de suministro. Éste curso te dará las herramientas para convertirte en un empresario comprometido y responsable. 
   
 ¡Éxito en tu capacitación!",0.0,,,,,,,,,,,,Aprende,,,,,,,,,,,,,True,,,,,,,,,
,,,,,,,,,,,,,,,,,,,Movilidad motorizada,,,,,,,,,,,,,,,,,,,,,,,,,,,Transportes,,,,,,,,,Beginner,,,,,,,,,,,,,,es,,,,,,,,,,,,,,,,,,,USD,,,,https://aprende.org/cursos/view/100088,,,,,,,,,,,,https://fsvc.capacitateparaelempleo.org/CapacitateFS/coursesImages/c5d3ab15-7d22-4a34-b015-1f75842a18b9.png,,,0.0,,,,,,,,,,,,Aprende,,,,,,,,,,,,,True,,,,,,,,,
,,,,,,,,,,,,,,,,,,,Movilidad de baja densidad,,,,,,,,,,,,,,,,,,,,,,,,,,,Transportes,,,,,,,,,Beginner,,,,,,,,,,,,,,es,,,,,,,,,,,,,,,,,,,USD,,,,https://aprende.org/cursos/view/100089,,,,,,,,,,,,https://fsvc.capacitateparaelempleo.org/CapacitateFS/coursesImages/4836ea84-a226-4207-9d3e-352909fab025.png,,,0.0,,,,,,,,,,,,Aprende,,,,,,,,,,,,,True,,,,,,,,,
,,,,,,,,,,,,,,,,,,,Movilidad No Motorizada,,,,,,,,,,,,,,,,,,,,,,,,,,,Transportes,,,,,,,,,Beginner,,,,,,,,,,,,,,es,,,,,,,,,,,,,,,,,,,USD,,,,https://aprende.org/cursos/view/100090,,,,,,,,,,,,https://fsvc.capacitateparaelempleo.org/CapacitateFS/coursesImages/0671d7f6-1f16-4414-a2c8-df06574b0bcf.png,,,0.0,,,,,,,,,,,,Aprende,,,,,,,,,,,,,True,,,,,,,,,
,,,,,,,,,,,,,,,,,,,Elige un vehículo con mayor seguridad,,,,,,,,,,,,,,,,,,,,,,,,,,,Transportes,,,,,,,,,Beginner,,,,,,,,,,,,,,es,,,,,,,,,,,,,,,,,,,USD,,,,https://aprende.org/cursos/view/100156,,,,,,,,,,,,https://fsvc.capacitateparaelempleo.org/CapacitateFS/coursesImages/835e059f-24ac-4500-8f0b-971951d17f6e.png,,"¡Bienvenido! 
 En este curso vas a identificar los dispositivos de seguridad, los estándares, evaluaciones y los requerimientos necesarios que un conductor debe valorar para elegir un vehículo que le brinde y garantice protección durante la conducción.",0.0,,,,,,,,,,,,Aprende,,,,,,,,,,,,,True,,,,,,,,,
,,,,,,,,,,,,,,,,,,,Seguridad vial en motocicletas,,,,,,,,,,,,,,,,,,,,,,,,,,,Transportes,,,,,,,,,Intermediate,,,,,,,,,,,,,,es,,,,,,,,,,,,,,,,,,,USD,,,,https://aprende.org/cursos/view/100326,,,,,,,,,,,,https://fsvc.capacitateparaelempleo.org/CapacitateFS/coursesImages/3ab2377e-7eca-4a87-bb08-a66e215d2176.png,,"¡Bienvenido! En este curso vas a identificar los dispositivos de seguridad de una motocicleta, el equipo de protección del piloto y las prácticas necesarias que un conductor debe valorar para garantizar su integridad en el camino.",0.0,,,,,,,,,,,,Aprende,,,,,,,,,,,,,True,,,,,,,,,
,,,,,,,,,,,,,,,,,,,Cocinero,,,,,,,,,,,,,,,,,,,,,,,,,,,Alimentos,,,,,,,,,Beginner,,,,,,,,,,,,,,es,,,,,,,,,,,,,,,,,,,USD,,,,https://aprende.org/cursos/view/26,,,,,,,,,,,,https://fsvc.capacitateparaelempleo.org/CapacitateFS/coursesImages/03bdaa83-d3cf-4c59-ad1e-3306c9a02503.png,,"¡Bienvenido! 
 Aprende a preparar y presentar platillos de alta calidad y excelente presentación para ofrecerlos en restaurantes y otras empresas de alimentos. 
 ¡Éxito en tu capacitación!",0.0,,,,,,,,,,,,Aprende,,,,,,,,,,,,,True,,,,,,,,,
,,,,,,,,,,,,,,,,,,,Panadero,,,,,,,,,,,,,,,,,,,,,,,,,,,Alimentos,,,,,,,,,Beginner,,,,,,,,,,,,,,es,,,,,,,,,,,,,,,,,,,USD,,,,https://aprende.org/cursos/view/35,,,,,,,,,,,,https://fsvc.capacitateparaelempleo.org/CapacitateFS/coursesImages/3d003dfd-79c2-466d-8868-06f368799897.png,,"¡Bienvenido!  
  Conoce el proceso de producción del pan, desde la selección de los ingredientes, hasta el proceso de venta. Aprende las técnicas básicas de panadería y el proceso de panificación, paso a paso; incluyendo recetas para personas con diabetes.  
  ¡Éxito en tu capacitación!",0.0,,,,,,,,,,,,Aprende,,,,,,,,,,,,,True,,,,,,,,,
,,,,,,,,,,,,,,,,,,,Empleado de comida rápida,,,,,,,,,,,,,,,,,,,,,,,,,,,Alimentos,,,,,,,,,Beginner,,,,,,,,,,,,,,es,,,,,,,,,,,,,,,,,,,USD,,,,https://aprende.org/cursos/view/39,,,,,,,,,,,,https://fsvc.capacitateparaelempleo.org/CapacitateFS/coursesImages/e6a68a74-da9a-4715-a6fc-b345cb7b0341.png,,"¡Bienvenido! 
 En este oficio, aprenderás cómo funciona un restaurante de comida rápida, las actividades que realizarás y cómo ser eficiente en tu trabajo. 
 ¡Éxito en tu capacitación!",0.0,,,,,,,,,,,,Aprende,,,,,,,,,,,,,True,,,,,,,,,
,,,,,,,,,,,,,,,,,,,Bodeguero (Restaurante),,,,,,,,,,,,,,,,,,,,,,,,,,,Alimentos,,,,,,,,,Beginner,,,,,,,,,,,,,,es,,,,,,,,,,,,,,,,,,,USD,,,,https://aprende.org/cursos/view/77,,,,,,,,,,,,https://fsvc.capacitateparaelempleo.org/CapacitateFS/coursesImages/44039e95-f20d-44cf-b5e8-647d532dcadf.png,,"¡Bienvenido! 
 Desarrolla habilidades para controlar y registrar la entrada y salida de insumos, además de verificar y asegurar el abasto y la calidad de los productos en el almacén. 
 ¡Éxito en tu capacitación!",0.0,,,,,,,,,,,,Aprende,,,,,,,,,,,,,True,,,,,,,,,
,,,,,,,,,,,,,,,,,,,Jefe de cocina,,,,,,,,,,,,,,,,,,,,,,,,,,,Alimentos,,,,,,,,,Beginner,,,,,,,,,,,,,,es,,,,,,,,,,,,,,,,,,,USD,,,,https://aprende.org/cursos/view/78,,,,,,,,,,,,https://fsvc.capacitateparaelempleo.org/CapacitateFS/coursesImages/ebad8dcd-4b92-462d-9b08-b5f7e5da4a1d.png,,"¡Bienvenido! 
 Capacítate para supervisar y ayudar a que tu equipo de trabajo en la cocina cumpla satisfactoriamente con su función y así puedas garantizar alimentos de la más alta calidad, al cumplir con las normas de higiene y seguridad. 
 ¡Éxito en tu capacitación!",0.0,,,,,,,,,,,,Aprende,,,,,,,,,,,,,True,,,,,,,,,
,,,,,,,,,,,,,,,,,,,Envasado,,,,,,,,,,,,,,,,,,,,,,,,,,,Alimentos,,,,,,,,,Beginner,,,,,,,,,,,,,,es,,,,,,,,,,,,,,,,,,,USD,,,,https://aprende.org/cursos/view/108,,,,,,,,,,,,https://fsvc.capacitateparaelempleo.org/CapacitateFS/coursesImages/4fe6c38b-8def-4eca-b43a-113230155ed2.png,,"Aprende a distinguir el mejor material, para que elijas el que asegura mejor tu producto, preservando sus cualidades.",0.0,,,,,,,,,,,,Aprende,,,,,,,,,,,,,True,,,,,,,,,
,,,,,,,,,,,,,,,,,,,Etiquetado,,,,,,,,,,,,,,,,,,,,,,,,,,,Alimentos,,,,,,,,,Beginner,,,,,,,,,,,,,,es,,,,,,,,,,,,,,,,,,,USD,,,,https://aprende.org/cursos/view/117,,,,,,,,,,,,https://fsvc.capacitateparaelempleo.org/CapacitateFS/coursesImages/4c57d132-7b70-41a4-802c-32c3085d67a0.png,,"Tu producto es único, dale una mejor presentación ante tus consumidores diseñando una etiqueta que le de personalidad.",0.0,,,,,,,,,,,,Aprende,,,,,,,,,,,,,True,,,,,,,,,
,,,,,,,,,,,,,,,,,,,Manejo higiénico de los alimentos,,,,,,,,,,,,,,,,,,,,,,,,,,,Alimentos,,,,,,,,,Beginner,,,,,,,,,,,,,,es,,,,,,,,,,,,,,,,,,,USD,,,,https://aprende.org/cursos/view/120,,,,,,,,,,,,https://fsvc.capacitateparaelempleo.org/CapacitateFS/coursesImages/f8788d26-23cc-40f6-b8bb-38ce8763618d.png,,"La higiene en la preparación de los alimentos es indispensable para dar prestigio a tus platillos pero sobre todo para prevenir enfermedades por intoxicación o infección, conoce un poco más acerca de cómo prevenir estas enfermedades con esta capacitación y saca el mayor provecho para tu cocina.",0.0,,,,,,,,,,,,Aprende,,,,,,,,,,,,,True,,,,,,,,,
,,,,,,,,,,,,,,,,,,,Barista,,,,,,,,,,,,,,,,,,,,,,,,,,,Alimentos,,,,,,,,,Beginner,,,,,,,,,,,,,,es,,,,,,,,,,,,,,,,,,,USD,,,,https://aprende.org/cursos/view/201,,,,,,,,,,,,https://fsvc.capacitateparaelempleo.org/CapacitateFS/coursesImages/1c78b944-ffcb-4ef1-8add-87669399f526.png,,"¡Bienvenido! 
 En esta capacitación obtendrás las herramientas básicas que te permitirán desempeñarte como Barista especializado en la elaboración de bebidas a base de café y cacao. 
 Aprende y actualiza tus conocimientos con los más altos estándares de servicio existentes en la industria. 
 ¡Te deseamos éxito!",0.0,,,,,,,,,,,,Aprende,,,,,,,,,,,,,True,,,,,,,,,
,,,,,,,,,,,,,,,,,,,Seguridad en cocinas industriales,,,,,,,,,,,,,,,,,,,,,,,,,,,Alimentos,,,,,,,,,Intermediate,,,,,,,,,,,,,,es,,,,,,,,,,,,,,,,,,,USD,,,,https://aprende.org/cursos/view/100336,,,,,,,,,,,,https://fsvc.capacitateparaelempleo.org/CapacitateFS/coursesImages/68b6463e-10f1-4239-b572-32e1a6e640d1.png,,"Los entornos donde se trabaja con alimentos implican jornadas de trabajo pesadas y con altos estándares de higiene para mantener la satisfacción de sus clientes. La seguridad en estos espacios es crucial para asegurar el buen funcionamiento, reputación y bienestar de los trabajadores. Únete a esta capacitación y descubre cómo mejorar el ambiente laboral para todos los implicados.",0.0,,,,,,,,,,,,Aprende,,,,,,,,,,,,,True,,,,,,,,,
,,,,,,,,,,,,,,,,,,,Introducción a la repostería,,,,,,,,,,,,,,,,,,,,,,,,,,,Alimentos,,,,,,,,,Intermediate,,,,,,,,,,,,,,es,,,,,,,,,,,,,,,,,,,USD,,,,https://aprende.org/cursos/view/100690,,,,,,,,,,,,https://fsvc.capacitateparaelempleo.org/CapacitateFS/coursesImages/4ceffb02-2e29-46cf-a812-1f7d74185fcf.png,,"En este curso, te adentrarás en el maravilloso mundo de la repostería, reconociendo herramientas, ingredientes y procedimientos básicos para preparar postres y enriquecer las experiencias culinarias de tus clientes. ¡Bienvenido!",0.0,,,,,,,,,,,,Aprende,,,,,,,,,,,,,True,,,,,,,,,
,,,,,,,,,,,,,,,,,,,Aprovecha tu comida al máximo,,,,,,,,,,,,,,,,,,,,,,,,,,,Alimentos,,,,,,,,,Intermediate,,,,,,,,,,,,,,es,,,,,,,,,,,,,,,,,,,USD,,,,https://aprende.org/cursos/view/100834,,,,,,,,,,,,https://fsvc.capacitateparaelempleo.org/CapacitateFS/coursesImages/68a466b8-d22b-4816-9937-9ad8d070291d.png,,"¡Bienvenido!  Explora cómo puedes conservar, aprovechar y reducir el desperdicio de alimentos en casa, al preguntarte si aprovechas tu comida al máximo.",0.0,,,,,,,,,,,,Aprende,,,,,,,,,,,,,True,,,,,,,,,
,,,,,,,,,,,,,,,,,,,Asesor financiero,,,,,,,,,,,,,,,,,,,,,,,,,,,Administración y finanzas,,,,,,,,,Beginner,,,,,,,,,,,,,,es,,,,,,,,,,,,,,,,,,,USD,,,,https://aprende.org/cursos/view/53,,,,,,,,,,,,https://fsvc.capacitateparaelempleo.org/CapacitateFS/coursesImages/56b3d66e-bbed-454d-bbe2-b4d84ba0a4aa.png,,"¡Bienvenido!  
  Como asesor financiero aprenderás a abordar a las personas de manera respetuosa, identificar sus necesidades y orientarlas honestamente para que adquieran uno de tus productos o servicios. Esta labor es muy importante porque involucra la confianza de los clientes, lo cual genera una relación a largo plazo.     
  ¡Desarróllate como asesor financiero!",0.0,,,,,,,,,,,,Aprende,,,,,,,,,,,,,True,,,,,,,,,
,,,,,,,,,,,,,,,,,,,Prevención de lavado de dinero y financiamiento al terrorismo,,,,,,,,,,,,,,,,,,,,,,,,,,,Administración y finanzas,,,,,,,,,Beginner,,,,,,,,,,,,,,es,,,,,,,,,,,,,,,,,,,USD,,,,https://aprende.org/cursos/view/59,,,,,,,,,,,,https://fsvc.capacitateparaelempleo.org/CapacitateFS/coursesImages/b2ec7e3b-24d7-4edb-a629-84bde144f06e.png,,"¡Bienvenido! 
 Conoce las medidas de prevención que establece banco Inbursa para prevenir actividades de lavado de dinero y financiamiento al terrorismo, las cuáles podrían poner en riesgo al banco y a sus clientes. 
 Presta atención para que aprendas a identificar y conocer a los clientes, además de reconocer las señales de alerta para detectar de forma oportuna las operaciones atípicas.    
 ¡Éxito en tu capacitación!",0.0,,,,,,,,,,,,Aprende,,,,,,,,,,,,,True,,,,,,,,,
,,,,,,,,,,,,,,,,,,,Programa de educación financiera,,,,,,,,,,,,,,,,,,,,,,,,,,,Administración y finanzas,,,,,,,,,Beginner,,,,,,,,,,,,,,es,,,,,,,,,,,,,,,,,,,USD,,,,https://aprende.org/cursos/view/89,,,,,,,,,,,,https://fsvc.capacitateparaelempleo.org/CapacitateFS/coursesImages/3d23285b-cd7c-4483-ba07-a8ba02d192f4.png,,Contribuir a despertar el interés de las personas en aspectos financieros que le permitan cuidar y hacer crecer su patrimonio.,0.0,,,,,,,,,,,,Aprende,,,,,,,,,,,,,True,,,,,,,,,
,,,,,,,,,,,,,,,,,,,Management operativo,,,,,,,,,,,,,,,,,,,,,,,,,,,Administración y finanzas,,,,,,,,,Beginner,,,,,,,,,,,,,,es,,,,,,,,,,,,,,,,,,,USD,,,,https://aprende.org/cursos/view/100,,,,,,,,,,,,https://fsvc.capacitateparaelempleo.org/CapacitateFS/coursesImages/7e128b94-237c-42a5-9784-5c0f370e7033.png,,"¡Bienvenido! 
 En esta capacitación obtendrás las habilidades de comunicación y elementos técnicos para desempeñarte como gerente operativo en una empresa. 
 Aprende y actualiza tus conocimientos con los más altos estándares de servicio existentes en la industria. 
 ¡Te deseamos éxito!",0.0,,,,,,,,,,,,Aprende,,,,,,,,,,,,,True,,,,,,,,,
,,,,,,,,,,,,,,,,,,,Introducción a la economía,,,,,,,,,,,,,,,,,,,,,,,,,,,Administración y finanzas,,,,,,,,,Beginner,,,,,,,,,,,,,,es,,,,,,,,,,,,,,,,,,,USD,,,,https://aprende.org/cursos/view/109,,,,,,,,,,,,https://fsvc.capacitateparaelempleo.org/CapacitateFS/coursesImages/7a13f52a-77d9-45ff-aee3-4f86e408a765.png,,Lista los conceptos básicos que es importante conocer en el campo de la introducción a la economía.,0.0,,,,,,,,,,,,Aprende,,,,,,,,,,,,,True,,,,,,,,,
,,,,,,,,,,,,,,,,,,,Bolsa de valores,,,,,,,,,,,,,,,,,,,,,,,,,,,Administración y finanzas,,,,,,,,,Beginner,,,,,,,,,,,,,,es,,,,,,,,,,,,,,,,,,,USD,,,,https://aprende.org/cursos/view/113,,,,,,,,,,,,https://fsvc.capacitateparaelempleo.org/CapacitateFS/coursesImages/a9941cc2-03a0-4638-9e35-7f8bae7ab903.png,,Comprenderás la función de la Bolsa de Valores en relación al financiamiento de las emisoras y la alternativa de inversión para el público inversionista.,0.0,,,,,,,,,,,,Aprende,,,,,,,,,,,,,True,,,,,,,,,
,,,,,,,,,,,,,,,,,,,Auxiliar contable,,,,,,,,,,,,,,,,,,,,,,,,,,,Administración y finanzas,,,,,,,,,Beginner,,,,,,,,,,,,,,es,,,,,,,,,,,,,,,,,,,USD,,,,https://aprende.org/cursos/view/178,,,,,,,,,,,,https://fsvc.capacitateparaelempleo.org/CapacitateFS/coursesImages/6f3ec707-50fb-4c67-bb8c-dd8d15a48f37.png,,"¡Bienvenido! 
 Como auxiliar contable aprenderás las bases de la contabilidad aplicadas en una empresa así como las distintas actividades que podrás llevar a cabo al desempeñarte en este puesto. Esta labor es muy importante ya que la información proporcionada por el área en la que te desempeñarás es indispensable para la toma de decisiones en cualquier empresa.   
  ¡Desarróllate como auxiliar contable!",0.0,,,,,,,,,,,,Aprende,,,,,,,,,,,,,True,,,,,,,,,
,,,,,,,,,,,,,,,,,,,Finanzas personales,,,,,,,,,,,,,,,,,,,,,,,,,,,Administración y finanzas,,,,,,,,,Beginner,,,,,,,,,,,,,,es,,,,,,,,,,,,,,,,,,,USD,,,,https://aprende.org/cursos/view/291,,,,,,,,,,,,https://fsvc.capacitateparaelempleo.org/CapacitateFS/coursesImages/d5895c0a-5365-4ab9-82e1-a68cd82e2bb9.png,,¡Bienvenido! El curso integra la información necesaria para que desarrolles tu propia estrategia de manejo de tus recursos económicos.,0.0,,,,,,,,,,,,Aprende,,,,,,,,,,,,,True,,,,,,,,,
,,,,,,,,,,,,,,,,,,,Cultura económica (Introducción),,,,,,,,,,,,,,,,,,,,,,,,,,,Administración y finanzas,,,,,,,,,Beginner,,,,,,,,,,,,,,es,,,,,,,,,,,,,,,,,,,USD,,,,https://aprende.org/cursos/view/306,,,,,,,,,,,,https://fsvc.capacitateparaelempleo.org/CapacitateFS/coursesImages/b8a99ca9-0beb-46ac-b0fa-24cdc7bb0a1f.png,,"¡Bienvenido! En esta capacitación identificarás los principales conceptos que estudia la economía, cómo se originan, cómo se relacionan y qué efectos tienen en tu vida diaria y la sociedad para que comprendas y analices qué está sucediendo a tu alrededor. 
 ¡Éxito en tu capacitación!",0.0,,,,,,,,,,,,Aprende,,,,,,,,,,,,,True,,,,,,,,,
,,,,,,,,,,,,,,,,,,,Cultura económica (PIB),,,,,,,,,,,,,,,,,,,,,,,,,,,Administración y finanzas,,,,,,,,,Beginner,,,,,,,,,,,,,,es,,,,,,,,,,,,,,,,,,,USD,,,,https://aprende.org/cursos/view/313,,,,,,,,,,,,https://fsvc.capacitateparaelempleo.org/CapacitateFS/coursesImages/e9ebde25-bef7-4980-8de5-52de84a6cddd.png,,"¡Bienvenido! 
 En esta capacitación comprenderás en qué consiste el indicador económico Producto Interno Bruto (PIB), los elementos que lo componen, la relación que tiene con otros indicadores económicos y la fórmula utilizada en su medición para analizar la situación económica de un país con el resultado obtenido.",0.0,,,,,,,,,,,,Aprende,,,,,,,,,,,,,True,,,,,,,,,
,,,,,,,,,,,,,,,,,,,Cultura económica (Inflación),,,,,,,,,,,,,,,,,,,,,,,,,,,Administración y finanzas,,,,,,,,,Beginner,,,,,,,,,,,,,,es,,,,,,,,,,,,,,,,,,,USD,,,,https://aprende.org/cursos/view/318,,,,,,,,,,,,https://fsvc.capacitateparaelempleo.org/CapacitateFS/coursesImages/4080e988-5df4-421b-b907-c154771afd3f.png,,"¡Bienvenido! 
 En esta capacitación comprenderás a detalle qué es la inflación, sus causas e influencia en tu vida cotidiana, así como la relación que tiene con otros indicadores económicos, como el Índice de Precios al Consumidor y las estrategias utilizadas para controlarla.",0.0,,,,,,,,,,,,Aprende,,,,,,,,,,,,,True,,,,,,,,,
,,,,,,,,,,,,,,,,,,,Funcionamiento CoDi,,,,,,,,,,,,,,,,,,,,,,,,,,,Administración y finanzas,,,,,,,,,Beginner,,,,,,,,,,,,,,es,,,,,,,,,,,,,,,,,,,USD,,,,https://aprende.org/cursos/view/320,,,,,,,,,,,,https://fsvc.capacitateparaelempleo.org/CapacitateFS/coursesImages/8652231c-10ec-4304-86b5-f340723eb999.png,,¡Bienvenido! En este curso aprenderás a usar CoDi de forma rápida y sencilla.,0.0,,,,,,,,,,,,Aprende,,,,,,,,,,,,,True,,,,,,,,,
,,,,,,,,,,,,,,,,,,,Economía naranja,,,,,,,,,,,,,,,,,,,,,,,,,,,Administración y finanzas,,,,,,,,,Beginner,,,,,,,,,,,,,,es,,,,,,,,,,,,,,,,,,,USD,,,,https://aprende.org/cursos/view/378,,,,,,,,,,,,https://fsvc.capacitateparaelempleo.org/CapacitateFS/coursesImages/95d1118e-26e9-4f43-a35e-33db0ae1fb2d.png,,"¡Bienvenido! En este curso encontrarás temas como qué es la economía naranja, cómo se relaciona con diversos aspectos de la sociedad y cuáles son las bases para desarrollar tu propio proyecto naranja.¡Adelante con tu capacitación!",0.0,,,,,,,,,,,,Aprende,,,,,,,,,,,,,True,,,,,,,,,
,,,,,,,,,,,,,,,,,,,Uso de criptomonedas,,,,,,,,,,,,,,,,,,,,,,,,,,,Administración y finanzas,,,,,,,,,Beginner,,,,,,,,,,,,,,es,,,,,,,,,,,,,,,,,,,USD,,,,https://aprende.org/cursos/view/383,,,,,,,,,,,,https://fsvc.capacitateparaelempleo.org/CapacitateFS/coursesImages/e06c6a4e-02d5-420a-9266-1b14be78cd6a.png,,"¡Bienvenido! Con este curso obtendrás las habilidades que te ayudarán a comprender qué son las criptomonedas, cómo funcionan y cómo operarlas utilizando a tu favor la información disponible en el mercado cuando inviertes en ellas para obtener un beneficio económico. ¡Adelante con tu capacitación!",0.0,,,,,,,,,,,,Aprende,,,,,,,,,,,,,True,,,,,,,,,
,,,,,,,,,,,,,,,,,,,Finanzas para invertir,,,,,,,,,,,,,,,,,,,,,,,,,,,Administración y finanzas,,,,,,,,,Beginner,,,,,,,,,,,,,,es,,,,,,,,,,,,,,,,,,,USD,,,,https://aprende.org/cursos/view/384,,,,,,,,,,,,https://fsvc.capacitateparaelempleo.org/CapacitateFS/coursesImages/3a70733a-e859-4c77-8bc7-b20b3aa1fa7e.png,,¡Bienvenido! Con este curso obtendrás las habilidades que te ayudarán a comprender qué son las inversiones y cómo puedes diseñar una estrategia en la que inviertas tus finanzas para cumplir una meta. ¡Adelante con tu capacitación!,0.0,,,,,,,,,,,,Aprende,,,,,,,,,,,,,True,,,,,,,,,
,,,,,,,,,,,,,,,,,,,Mercados financieros,,,,,,,,,,,,,,,,,,,,,,,,,,,Administración y finanzas,,,,,,,,,Beginner,,,,,,,,,,,,,,es,,,,,,,,,,,,,,,,,,,USD,,,,https://aprende.org/cursos/view/385,,,,,,,,,,,,https://fsvc.capacitateparaelempleo.org/CapacitateFS/coursesImages/c1c4e291-adfd-4d17-b394-d2aa97736e9f.png,,"¡Bienvenido! Con este curso obtendrás las habilidades que te ayudarán a comprender qué son los mercados financieros, cómo se clasifican, quiénes participan y qué se negocia en ellos para que sepas en cuáles interactúas de forma cotidiana y cuáles ofrecen alternativas de inversión, con base en tus objetivos. ¡Adelante con tu capacitación!",0.0,,,,,,,,,,,,Aprende,,,,,,,,,,,,,True,,,,,,,,,
,,,,,,,,,,,,,,,,,,,Toma de decisiones financieras,,,,,,,,,,,,,,,,,,,,,,,,,,,Administración y finanzas,,,,,,,,,Beginner,,,,,,,,,,,,,,es,,,,,,,,,,,,,,,,,,,USD,,,,https://aprende.org/cursos/view/386,,,,,,,,,,,,https://fsvc.capacitateparaelempleo.org/CapacitateFS/coursesImages/737710da-292e-462f-9f22-931cfe360b0b.png,,,0.0,,,,,,,,,,,,Aprende,,,,,,,,,,,,,True,,,,,,,,,
,,,,,,,,,,,,,,,,,,,Scorms Economía Social y Solidaria,,,,,,,,,,,,,,,,,,,,,,,,,,,Administración y finanzas,,,,,,,,,Beginner,,,,,,,,,,,,,,es,,,,,,,,,,,,,,,,,,,USD,,,,https://aprende.org/cursos/view/403,,,,,,,,,,,,,,,0.0,,,,,,,,,,,,Aprende,,,,,,,,,,,,,True,,,,,,,,,
,,,,,,,,,,,,,,,,,,,Scorms Cultura de Paz,,,,,,,,,,,,,,,,,,,,,,,,,,,Administración y finanzas,,,,,,,,,Beginner,,,,,,,,,,,,,,es,,,,,,,,,,,,,,,,,,,USD,,,,https://aprende.org/cursos/view/404,,,,,,,,,,,,,,,0.0,,,,,,,,,,,,Aprende,,,,,,,,,,,,,True,,,,,,,,,
,,,,,,,,,,,,,,,,,,,Matemáticas financieras,,,,,,,,,,,,,,,,,,,,,,,,,,,Administración y finanzas,,,,,,,,,Advanced,,,,,,,,,,,,,,es,,,,,,,,,,,,,,,,,,,USD,,,,https://aprende.org/cursos/view/100093,,,,,,,,,,,,https://fsvc.capacitateparaelempleo.org/CapacitateFS/coursesImages/48b7dada-1a95-4723-b3d8-866f725c0bc4.png,,,0.0,,,,,,,,,,,,Aprende,,,,,,,,,,,,,True,,,,,,,,,
,,,,,,,,,,,,,,,,,,,Finanzas para manejar una deuda,,,,,,,,,,,,,,,,,,,,,,,,,,,Administración y finanzas,,,,,,,,,Intermediate,,,,,,,,,,,,,,es,,,,,,,,,,,,,,,,,,,USD,,,,https://aprende.org/cursos/view/100128,,,,,,,,,,,,https://fsvc.capacitateparaelempleo.org/CapacitateFS/coursesImages/76b7f3c5-9bed-47b1-80f1-ea9514a9e605.png,,"¡Bienvenido! 
 En esta capacitación se explican  los elementos necesarios para manejar una deuda de forma positiva para utilizarla a tu favor como un apoyo de financiamiento. 
 ¡Te deseamos mucho éxito!",0.0,,,,,,,,,,,,Aprende,,,,,,,,,,,,,True,,,,,,,,,
,,,,,,,,,,,,,,,,,,,Manejo correcto de las tarjetas de crédito,,,,,,,,,,,,,,,,,,,,,,,,,,,Administración y finanzas,,,,,,,,,Intermediate,,,,,,,,,,,,,,es,,,,,,,,,,,,,,,,,,,USD,,,,https://aprende.org/cursos/view/100129,,,,,,,,,,,,https://fsvc.capacitateparaelempleo.org/CapacitateFS/coursesImages/3aea8677-d544-4187-bdd6-87906fada8a7.png,,"¡Bienvenido! Con esta capacitación aprenderás a organizar el presupuesto de tu hogar, para optimizarlo y mejorar tu economía, así como a discernir entre las opciones de financiamiento que te presentan las instituciones financieras. ¡Te deseamos mucho éxito!",0.0,,,,,,,,,,,,Aprende,,,,,,,,,,,,,True,,,,,,,,,
,,,,,,,,,,,,,,,,,,,Planea tu retiro,,,,,,,,,,,,,,,,,,,,,,,,,,,Administración y finanzas,,,,,,,,,Beginner,,,,,,,,,,,,,,es,,,,,,,,,,,,,,,,,,,USD,,,,https://aprende.org/cursos/view/100141,,,,,,,,,,,,https://fsvc.capacitateparaelempleo.org/CapacitateFS/coursesImages/46643c5c-70ce-4989-8a07-502fc742a72e.png,,"¡Bienvenido! 
 El retiro es el momento de iniciar los proyectos que siempre tuviste ganas de hacer, cursa esta capacitación y aprende cómo adaptarte a tu nueva rutina, cómo sacarle el máximo provecho y cómo iniciar nuevos retos.",0.0,,,,,,,,,,,,Aprende,,,,,,,,,,,,,True,,,,,,,,,
,,,,,,,,,,,,,,,,,,,Finanzas para elegir un seguro,,,,,,,,,,,,,,,,,,,,,,,,,,,Administración y finanzas,,,,,,,,,Beginner,,,,,,,,,,,,,,es,,,,,,,,,,,,,,,,,,,USD,,,,https://aprende.org/cursos/view/100143,,,,,,,,,,,,https://fsvc.capacitateparaelempleo.org/CapacitateFS/coursesImages/384cbc32-3775-4fe2-884a-fff2aaaf8488.png,,"¡Bienvenido! 
 En esta capacitación se explican los elementos necesarios para adquirir y manejar un seguro de forma que te ayude cuando lo necesites y no tengas que realizar gastos elevados. 
 ¡Te deseamos mucho éxito!",0.0,,,,,,,,,,,,Aprende,,,,,,,,,,,,,True,,,,,,,,,
,,,,,,,,,,,,,,,,,,,Comercialización de NFT,,,,,,,,,,,,,,,,,,,,,,,,,,,Administración y finanzas,,,,,,,,,Intermediate,,,,,,,,,,,,,,es,,,,,,,,,,,,,,,,,,,USD,,,,https://aprende.org/cursos/view/100145,,,,,,,,,,,,https://fsvc.capacitateparaelempleo.org/CapacitateFS/coursesImages/9bf17dfb-e3ff-472d-870c-05b29ef9f910.png,,"¡Bienvenido! 
 En esta capacitación vas a identificar los elementos indispensables para comercializar tus NFT en una plataforma de venta y generar ingresos. 
 ¡Te deseamos mucho éxito!",0.0,,,,,,,,,,,,Aprende,,,,,,,,,,,,,True,,,,,,,,,
,,,,,,,,,,,,,,,,,,,Finanzas para el hogar,,,,,,,,,,,,,,,,,,,,,,,,,,,Administración y finanzas,,,,,,,,,Intermediate,,,,,,,,,,,,,,es,,,,,,,,,,,,,,,,,,,USD,,,,https://aprende.org/cursos/view/100147,,,,,,,,,,,,https://fsvc.capacitateparaelempleo.org/CapacitateFS/coursesImages/7507e403-32d4-4cfa-befb-932925a6b183.png,,"¡Bienvenido! 
 Mantener las finanzas sanas en el hogar genera tranquilidad, bienestar, y permite planificar metas a futuro. Cursa esta capacitación y encamina tus objetivos al cumplimiento de metas familiares.",0.0,,,,,,,,,,,,Aprende,,,,,,,,,,,,,True,,,,,,,,,
,,,,,,,,,,,,,,,,,,,Analista de inversiones personales,,,,,,,,,,,,,,,,,,,,,,,,,,,Administración y finanzas,,,,,,,,,Intermediate,,,,,,,,,,,,,,es,,,,,,,,,,,,,,,,,,,USD,,,,https://aprende.org/cursos/view/100148,,,,,,,,,,,,https://fsvc.capacitateparaelempleo.org/CapacitateFS/coursesImages/f219b2be-f01a-4755-a8d4-989cfa03f2a3.png,,"¡Bienvenido! En este curso evaluarás la rentabilidad de tus distintos activos para en su caso ajustar la estrategia que has llevado a cabo, lo que te permitirá sacar un mayor provecho de tu actual portafolio de inversión. ¡Te deseamos éxito!",0.0,,,,,,,,,,,,Aprende,,,,,,,,,,,,,True,,,,,,,,,
,,,,,,,,,,,,,,,,,,,Manejo de dinero,,,,,,,,,,,,,,,,,,,,,,,,,,,Administración y finanzas,,,,,,,,,Beginner,,,,,,,,,,,,,,es,,,,,,,,,,,,,,,,,,,USD,,,,https://aprende.org/cursos/view/100322,,,,,,,,,,,,https://fsvc.capacitateparaelempleo.org/CapacitateFS/coursesImages/c3872a0a-52dd-4c6c-9d67-dc97d442df20.png,,"¡Bienvenido! 
     
 Con esta capacitación obtendrás las herramientas para comprender qué es el dinero, cómo funciona, su evolución y el impacto que tiene en la sociedad. Aprenderás a  analizar tus ingresos, gastos, necesidades y deseos, identificando cómo tus emociones influyen en la toma de decisiones financieras. 
     
 Adquiere estas habilidades para mejorar tu relación con el  manejo de dinero y alcanza tus metas financieras. 
     
 ¡Éxito en tu capacitación!",0.0,,,,,,,,,,,,Aprende,,,,,,,,,,,,,True,,,,,,,,,
,,,,,,,,,,,,,,,,,,,Finanzas para mujeres,,,,,,,,,,,,,,,,,,,,,,,,,,,Administración y finanzas,,,,,,,,,Intermediate,,,,,,,,,,,,,,es,,,,,,,,,,,,,,,,,,,USD,,,,https://aprende.org/cursos/view/100325,,,,,,,,,,,,https://fsvc.capacitateparaelempleo.org/CapacitateFS/coursesImages/40501915-27fe-4370-8e0e-32c0e584447b.png,,"¡Bienvenida! En este curso podrás desarrollar tus habilidades financieras al promover un cambio de mentalidad, así como usar estrategias y herramientas para impulsar tu bienestar económico.",0.0,,,,,,,,,,,,Aprende,,,,,,,,,,,,,True,,,,,,,,,
,,,,,,,,,,,,,,,,,,,Introducción a los impuestos,,,,,,,,,,,,,,,,,,,,,,,,,,,Administración y finanzas,,,,,,,,,Intermediate,,,,,,,,,,,,,,es,,,,,,,,,,,,,,,,,,,USD,,,,https://aprende.org/cursos/view/100334,,,,,,,,,,,,https://fsvc.capacitateparaelempleo.org/CapacitateFS/coursesImages/ab8d3c08-ce13-4408-bc82-982cf28cf53d.png,,"¡Bienvenido! 
 En este curso vas a estudiar los fundamentos sobre los impuestos, cuál es su origen, tus obligaciones como contribuyente y el marco internacional.",0.0,,,,,,,,,,,,Aprende,,,,,,,,,,,,,True,,,,,,,,,
,,,,,,,,,,,,,,,,,,,Introducción a los tipos de interés y tasas,,,,,,,,,,,,,,,,,,,,,,,,,,,Administración y finanzas,,,,,,,,,Intermediate,,,,,,,,,,,,,,es,,,,,,,,,,,,,,,,,,,USD,,,,https://aprende.org/cursos/view/100657,,,,,,,,,,,,https://fsvc.capacitateparaelempleo.org/CapacitateFS/coursesImages/8a311177-b3a8-4a0a-af68-75e3f9510799.png,,"¡Bienvenido! 
 En este curso vas a revisar los intereses y tasas de tus préstamos e inversiones para tomar mejores decisiones financieras.",0.0,,,,,,,,,,,,Aprende,,,,,,,,,,,,,True,,,,,,,,,
,,,,,,,,,,,,,,,,,,,DummyGG,,,,,,,,,,,,,,,,,,,,,,,,,,,Administración y finanzas,,,,,,,,,Intermediate,,,,,,,,,,,,,,es,,,,,,,,,,,,,,,,,,,USD,,,,https://aprende.org/cursos/view/100830,,,,,,,,,,,,,,,0.0,,,,,,,,,,,,Aprende,,,,,,,,,,,,,True,,,,,,,,,
,,,,,,,,,,,,,,,,,,,Sal de tus deudas,,,,,,,,,,,,,,,,,,,,,,,,,,,Administración y finanzas,,,,,,,,,Intermediate,,,,,,,,,,,,,,es,,,,,,,,,,,,,,,,,,,USD,,,,https://aprende.org/cursos/view/100861,,,,,,,,,,,,https://fsvc.capacitateparaelempleo.org/CapacitateFS/coursesImages/f02da2b0-bfe3-42c0-bd1b-1573604861d0.png,,"¡Bienvenido!  Tener deudas puede ser una situación difícil, pero también es posible tomar decisiones para ordenarlas paso a paso. En este contenido conocerás formas sencillas de revisar cuánto debes, organizar tus pagos, cuidar tu dinero y evitar préstamos que puedan complicar más la situación. 
 Aprende 365, contigo en todo momento.",0.0,,,,,,,,,,,,Aprende,,,,,,,,,,,,,True,,,,,,,,,
,,,,,,,,,,,,,,,,,,,dummy12,,,,,,,,,,,,,,,,,,,,,,,,,,,Administración y finanzas,,,,,,,,,Intermediate,,,,,,,,,,,,,,es,,,,,,,,,,,,,,,,,,,USD,,,,https://aprende.org/cursos/view/100893,,,,,,,,,,,,https://fsvc.capacitateparaelempleo.org/CapacitateFS/coursesImages/4ccac47e-0eb0-4095-a91b-4b920c86b3e5.png,,asdfasdfa,0.0,,,,,,,,,,,,Aprende,,,,,,,,,,,,,True,,,,,,,,,
,,,,,,,,,,,,,,,,,,,Introducción a la contabilidad en retail,,,,,,,,,,,,,,,,,,,,,,,,,,,Administración y finanzas,,,,,,,,,Intermediate,,,,,,,,,,,,,,es,,,,,,,,,,,,,,,,,,,USD,,,,https://aprende.org/cursos/view/100917,,,,,,,,,,,,https://fsvc.capacitateparaelempleo.org/CapacitateFS/coursesImages/2bb3c9ad-b42b-4bfe-b422-be9c3306bbb5.png,,,0.0,,,,,,,,,,,,Aprende,,,,,,,,,,,,,True,,,,,,,,,
,,,,,,,,,,,,,,,,,,,Comienza a ganar con tus habilidades,,,,,,,,,,,,,,,,,,,,,,,,,,,Administración y finanzas,,,,,,,,,Intermediate,,,,,,,,,,,,,,es,,,,,,,,,,,,,,,,,,,USD,,,,https://aprende.org/cursos/view/100919,,,,,,,,,,,,https://fsvc.capacitateparaelempleo.org/CapacitateFS/coursesImages/c13f35ea-e1a5-4307-b501-0e0ad8400027.png,,Descubre cómo lo que sabes y lo que tienes pueden convertirse en una forma de ganar dinero. ¡Comienza el curso!,0.0,,,,,,,,,,,,Aprende,,,,,,,,,,,,,True,,,,,,,,,
,,,,,,,,,,,,,,,,,,,Técnico Minero,,,,,,,,,,,,,,,,,,,,,,,,,,,Minería,,,,,,,,,Beginner,,,,,,,,,,,,,,es,,,,,,,,,,,,,,,,,,,USD,,,,https://aprende.org/cursos/view/22,,,,,,,,,,,,https://fsvc.capacitateparaelempleo.org/CapacitateFS/coursesImages/6e8638fd-df1c-45da-8099-9f124554d295.png,,"¡Bienvenido! 
 Obtén las herramientas para desarrollarte en cualquier etapa del proceso de minería: búsqueda de minerales, extracción, transporte o afinación.   
 ¡Éxito en tu capacitación!",0.0,,,,,,,,,,,,Aprende,,,,,,,,,,,,,True,,,,,,,,,
,,,,,,,,,,,,,,,,,,,Analista de necesidades de formación,,,,,,,,,,,,,,,,,,,,,,,,,,,Formación,,,,,,,,,Beginner,,,,,,,,,,,,,,es,,,,,,,,,,,,,,,,,,,USD,,,,https://aprende.org/cursos/view/75,,,,,,,,,,,,https://fsvc.capacitateparaelempleo.org/CapacitateFS/coursesImages/525c85f8-a8cc-4d0e-b57e-7389e8edd28b.png,,"¡Bienvenido! 
 El analista de necesidades de formación es un especialista en procesos de aprendizaje mediados por tecnología. En la sociedad del conocimiento se convierte en un agente de intercambio y construcción de comunidades de aprendizaje. Es quien propicia el libre acceso al conocimiento y su difusión para contribuir a disminuir la brecha digital y transformar la realidad de las personas a través de la educación. 
 ¡Éxito en tu capacitación!",0.0,,,,,,,,,,,,Aprende,,,,,,,,,,,,,True,,,,,,,,,
,,,,,,,,,,,,,,,,,,,Administrador de proyectos para ambientes virtuales de aprendizaje,,,,,,,,,,,,,,,,,,,,,,,,,,,Formación,,,,,,,,,Beginner,,,,,,,,,,,,,,es,,,,,,,,,,,,,,,,,,,USD,,,,https://aprende.org/cursos/view/82,,,,,,,,,,,,https://fsvc.capacitateparaelempleo.org/CapacitateFS/coursesImages/40ceec5d-0096-41db-84ff-a1fdcdee9149.png,,"¡Bienvenido! 
 El administrador de proyectos de AVA es un especialista encargado de diseñar una estrategia para la puesta en operación de un ambiente virtual de aprendizaje. Utiliza las tecnologías de la información y comunicación para plasmar el contenido de manera que los usuarios lo puedan aprovechar al máximo. Puede convertir el ambiente virtual en un fenómeno mundial.",0.0,,,,,,,,,,,,Aprende,,,,,,,,,,,,,True,,,,,,,,,
,,,,,,,,,,,,,,,,,,,Desarrollador de contenidos de aprendizaje,,,,,,,,,,,,,,,,,,,,,,,,,,,Formación,,,,,,,,,Beginner,,,,,,,,,,,,,,es,,,,,,,,,,,,,,,,,,,USD,,,,https://aprende.org/cursos/view/83,,,,,,,,,,,,https://fsvc.capacitateparaelempleo.org/CapacitateFS/coursesImages/3920679f-46ba-4bb9-a3b9-f303996fe248.png,,"Desarróllate en un nuevo sector industrial que está revolucionando los sistemas tradicionales de aprendizaje en todo el mundo. La educación digital promueve un mayor flujo de la información y del conocimiento. En plataformas e-Learning diseñarás y desarrollarás contenido didáctico y de multimedia que contribuya al aprendizaje de forma significativa.   
  Bienvenido a “Desarrollador de Contenidos de Aprendizaje”",0.0,,,,,,,,,,,,Aprende,,,,,,,,,,,,,True,,,,,,,,,
,,,,,,,,,,,,,,,,,,,Facilitador de aprendizaje digital,,,,,,,,,,,,,,,,,,,,,,,,,,,Formación,,,,,,,,,Beginner,,,,,,,,,,,,,,es,,,,,,,,,,,,,,,,,,,USD,,,,https://aprende.org/cursos/view/84,,,,,,,,,,,,https://fsvc.capacitateparaelempleo.org/CapacitateFS/coursesImages/a23e3144-9e3c-4de6-998a-1d97bc99ebee.png,,"¡Bienvenido! 
 Conviértete en un experto de la comunicación y la didáctica, ayuda a todos los miembros del equipo a alcanzar sus objetivos dentro del espacio y tiempo dedicado a un curso o experiencia de aprendizaje. Lleva a cabo la mediación que se requiere entre la materia de estudio y las personas, de acuerdo a sus necesidades individuales y grupales y entre los mismos miembros del grupo. 
 ¡Éxito en tu capacitación!",0.0,,,,,,,,,,,,Aprende,,,,,,,,,,,,,True,,,,,,,,,
,,,,,,,,,,,,,,,,,,,Arquitecto de ambientes virtuales de aprendizaje,,,,,,,,,,,,,,,,,,,,,,,,,,,Formación,,,,,,,,,Beginner,,,,,,,,,,,,,,es,,,,,,,,,,,,,,,,,,,USD,,,,https://aprende.org/cursos/view/85,,,,,,,,,,,,https://fsvc.capacitateparaelempleo.org/CapacitateFS/coursesImages/0e976bbc-3dc9-4844-95be-9b308d1cf7fd.png,,Aprende a evaluar el impacto de la tecnología en el desarrollo de formación inovadora creando arquitecturas de ambientes virtuales de aprendizaje para fomentar un desarrollo integral.,0.0,,,,,,,,,,,,Aprende,,,,,,,,,,,,,True,,,,,,,,,
,,,,,,,,,,,,,,,,,,,Introducción a la facilitación presencial en pequeños grupos,,,,,,,,,,,,,,,,,,,,,,,,,,,Formación,,,,,,,,,Beginner,,,,,,,,,,,,,,es,,,,,,,,,,,,,,,,,,,USD,,,,https://aprende.org/cursos/view/88,,,,,,,,,,,,https://fsvc.capacitateparaelempleo.org/CapacitateFS/coursesImages/57542f84-1a75-4fe9-878b-535c60242a5b.png,,,0.0,,,,,,,,,,,,Aprende,,,,,,,,,,,,,True,,,,,,,,,
,,,,,,,,,,,,,,,,,,,La trascendencia del educador durante la primera infancia,,,,,,,,,,,,,,,,,,,,,,,,,,,Formación,,,,,,,,,Beginner,,,,,,,,,,,,,,es,,,,,,,,,,,,,,,,,,,USD,,,,https://aprende.org/cursos/view/90,,,,,,,,,,,,https://fsvc.capacitateparaelempleo.org/CapacitateFS/coursesImages/029834a3-7420-4b52-a492-ab1d62b160f9.png,,,0.0,,,,,,,,,,,,Aprende,,,,,,,,,,,,,True,,,,,,,,,
,,,,,,,,,,,,,,,,,,,Evaluador de aprendizaje digital,,,,,,,,,,,,,,,,,,,,,,,,,,,Formación,,,,,,,,,Beginner,,,,,,,,,,,,,,es,,,,,,,,,,,,,,,,,,,USD,,,,https://aprende.org/cursos/view/104,,,,,,,,,,,,https://fsvc.capacitateparaelempleo.org/CapacitateFS/coursesImages/759d05b6-a7da-40b6-94b2-8df86cad447b.png,,"Un evaluador de aprendizaje digital se encarga de planear, diseñar e implementar diferentes tipos de evaluaciones dentro de ambientes virtuales de aprendizaje, tanto en niveles de educación básica como en niveles de educación media y superior.",0.0,,,,,,,,,,,,Aprende,,,,,,,,,,,,,True,,,,,,,,,
,,,,,,,,,,,,,,,,,,,Evaluador de Ambientes Virtuales de Aprendizaje,,,,,,,,,,,,,,,,,,,,,,,,,,,Formación,,,,,,,,,Beginner,,,,,,,,,,,,,,es,,,,,,,,,,,,,,,,,,,USD,,,,https://aprende.org/cursos/view/105,,,,,,,,,,,,https://fsvc.capacitateparaelempleo.org/CapacitateFS/coursesImages/8f539794-41a9-4b3d-8ad0-e4d87e3ce473.png,,"¡Bienvenido! 
 Aprende a identificar las deficiencias de usabilidad, funcionalidad, accesibilidad y rendimiento en ambientes virtuales de aprendizaje para proponer mejoras en cada aspecto. 
 ¡Éxito en tu capacitación!",0.0,,,,,,,,,,,,Aprende,,,,,,,,,,,,,True,,,,,,,,,
,,,,,,,,,,,,,,,,,,,Administrador de plataformas digitales de aprendizaje,,,,,,,,,,,,,,,,,,,,,,,,,,,Formación,,,,,,,,,Beginner,,,,,,,,,,,,,,es,,,,,,,,,,,,,,,,,,,USD,,,,https://aprende.org/cursos/view/123,,,,,,,,,,,,https://fsvc.capacitateparaelempleo.org/CapacitateFS/coursesImages/edbfec6d-e489-4644-9a14-ffb1ef983a74.png,,"¡Bienvenido! 
 El administrador de plataformas digitales de aprendizaje es la persona responsable de gestionar la actualización, modificación y operación de una plataforma enfocada a la enseñanza, una vez que ésta ha sido desarrollada y puesta en operación. La función del administrador está enfocada a la planificación, ejecución, seguimiento y control de tareas en grupos de trabajo multidisciplinarios cuyo fin sea el mejorar la plataforma, tanto en contenido como en operación.",0.0,,,,,,,,,,,,Aprende,,,,,,,,,,,,,True,,,,,,,,,
,,,,,,,,,,,,,,,,,,,El aprendizaje en los adultos,,,,,,,,,,,,,,,,,,,,,,,,,,,Formación,,,,,,,,,Beginner,,,,,,,,,,,,,,es,,,,,,,,,,,,,,,,,,,USD,,,,https://aprende.org/cursos/view/177,,,,,,,,,,,,https://fsvc.capacitateparaelempleo.org/CapacitateFS/coursesImages/2f12256a-a257-468a-a015-af92797cdb61.png,,"El módulo El aprendizaje en los adultos tiene como propósito, acercarte a los elementos teóricos que conforman la educación para los adultos, de tal manera que diseñes y orientes técnicas y estrategias de enseñanza para generar un aprendizaje significativo.",0.0,,,,,,,,,,,,Aprende,,,,,,,,,,,,,True,,,,,,,,,
,,,,,,,,,,,,,,,,,,,Promotor del desarrollo infantil,,,,,,,,,,,,,,,,,,,,,,,,,,,Formación,,,,,,,,,Beginner,,,,,,,,,,,,,,es,,,,,,,,,,,,,,,,,,,USD,,,,https://aprende.org/cursos/view/215,,,,,,,,,,,,https://fsvc.capacitateparaelempleo.org/CapacitateFS/coursesImages/ea824c58-ee51-4bb1-aaf9-45958937460c.png,,,0.0,,,,,,,,,,,,Aprende,,,,,,,,,,,,,True,,,,,,,,,
,,,,,,,,,,,,,,,,,,,Facilitador de grupos,,,,,,,,,,,,,,,,,,,,,,,,,,,Formación,,,,,,,,,Beginner,,,,,,,,,,,,,,es,,,,,,,,,,,,,,,,,,,USD,,,,https://aprende.org/cursos/view/303,,,,,,,,,,,,https://fsvc.capacitateparaelempleo.org/CapacitateFS/coursesImages/73469970-f3cf-4d12-9dee-5e8ba9e5cb8b.png,,"¡Bienvenido! 
 Identifica las pautas y lineamientos necesarios, para ser un facilitador de grupos.",0.0,,,,,,,,,,,,Aprende,,,,,,,,,,,,,True,,,,,,,,,
,,,,,,,,,,,,,,,,,,,Introducción a la estadística y probabilidad,,,,,,,,,,,,,,,,,,,,,,,,,,,Formación,,,,,,,,,Advanced,,,,,,,,,,,,,,es,,,,,,,,,,,,,,,,,,,USD,,,,https://aprende.org/cursos/view/100007,,,,,,,,,,,,https://fsvc.capacitateparaelempleo.org/CapacitateFS/coursesImages/f05d9ea9-4301-49f0-a368-5fc354ba459a.png,,"¡Bienvenido! 
 En este curso aplicarás los conceptos de probabilidad y estadística en casos prácticos con la finalidad de tomar decisiones con base en el análisis cuantitativo de los datos recabados de un experimento. 
 ¡Te deseamos éxito!",0.0,,,,,,,,,,,,Aprende,,,,,,,,,,,,,True,,,,,,,,,
,,,,,,,,,,,,,,,,,,,Citas y referencias bibliográficas,,,,,,,,,,,,,,,,,,,,,,,,,,,Formación,,,,,,,,,Beginner,,,,,,,,,,,,,,es,,,,,,,,,,,,,,,,,,,USD,,,,https://aprende.org/cursos/view/100072,,,,,,,,,,,,https://fsvc.capacitateparaelempleo.org/CapacitateFS/coursesImages/9fdd5ae5-4c6b-471b-973a-cf5880051201.png,,En esta capacitación consultarás los elementos que te permitirán citar tus fuentes de información en distintos estilos bibliográficos.,0.0,,,,,,,,,,,,Aprende,,,,,,,,,,,,,True,,,,,,,,,
,,,,,,,,,,,,,,,,,,,Manejo de la voz para medios digitales,,,,,,,,,,,,,,,,,,,,,,,,,,,Formación,,,,,,,,,Intermediate,,,,,,,,,,,,,,es,,,,,,,,,,,,,,,,,,,USD,,,,https://aprende.org/cursos/view/100084,,,,,,,,,,,,https://fsvc.capacitateparaelempleo.org/CapacitateFS/coursesImages/070d00f1-f7ab-4148-bd00-d50f5a741d19.png,,"¡Bienvenido! 
 En esta capacitación conocerás las técnicas de manejo de la voz que te servirán para interpretar textos con intención y claridad para generar una emoción e impacto en los demás. 
 ¡Te deseamos mucho éxito!",0.0,,,,,,,,,,,,Aprende,,,,,,,,,,,,,True,,,,,,,,,
,,,,,,,,,,,,,,,,,,,Primer respondiente (Introducción),,,,,,,,,,,,,,,,,,,,,,,,,,,Salud,,,,,,,,,Beginner,,,,,,,,,,,,,,es,,,,,,,,,,,,,,,,,,,USD,,,,https://aprende.org/cursos/view/73,,,,,,,,,,,,https://fsvc.capacitateparaelempleo.org/CapacitateFS/coursesImages/b79a6f51-e19e-4bdd-9518-c45dd0737c5b.png,,"¡Bienvenido! 
 Adquiere las destrezas y habilidades que te permitirán brindar primeros auxilios de manera eficaz e inmediata. Aprenderás a reconocer una urgencia médica, activar el sistema de emergencias e iniciar el soporte básico de vida. 
 ¡Éxito en tu capacitación!",0.0,,,,,,,,,,,,Aprende,,,,,,,,,,,,,True,,,,,,,,,
,,,,,,,,,,,,,,,,,,,Vida Saludable,,,,,,,,,,,,,,,,,,,,,,,,,,,Salud,,,,,,,,,Beginner,,,,,,,,,,,,,,es,,,,,,,,,,,,,,,,,,,USD,,,,https://aprende.org/cursos/view/103,,,,,,,,,,,,https://fsvc.capacitateparaelempleo.org/CapacitateFS/coursesImages/3969762f-0aca-4ddb-af84-b7c3aa9813a0.png,,"¡Bienvenido! 
 En este curso aprenderás las acciones y hábitos que debes seguir para llevar una vida saludable. Una parte importante es que sepas cómo alimentarte de manera correcta y cómo puedes prevenir enfermedades crónicas.    
 También conocerás cómo puedes promover una cultura de salud en tu hogar y en tu comunidad.",0.0,,,,,,,,,,,,Aprende,,,,,,,,,,,,,True,,,,,,,,,
,,,,,,,,,,,,,,,,,,,Promotor en prevención de accidentes,,,,,,,,,,,,,,,,,,,,,,,,,,,Salud,,,,,,,,,Beginner,,,,,,,,,,,,,,es,,,,,,,,,,,,,,,,,,,USD,,,,https://aprende.org/cursos/view/145,,,,,,,,,,,,https://fsvc.capacitateparaelempleo.org/CapacitateFS/coursesImages/f3061a1d-c387-491c-b342-08682faf0bd4.png,,"¡Bienvenido! 
 Adquiere las destrezas y habilidades para enseñar a prevenir lesiones accidentales en grupos vulnerables (población infantil, adolescentes y adultos mayores). Aprenderás a identificar los principales factores de riesgo y estrategias de prevención. 
 ¡Éxito en tu capacitación! 
 El contenido de la capacitación fue proporcionado por el Secretariado Técnico del Consejo Nacional para la Prevención de Accidentes (STCONAPRA).",0.0,,,,,,,,,,,,Aprende,,,,,,,,,,,,,True,,,,,,,,,
,,,,,,,,,,,,,,,,,,,"Experto MIDO niñas, niños y adolescentes",,,,,,,,,,,,,,,,,,,,,,,,,,,Salud,,,,,,,,,Beginner,,,,,,,,,,,,,,es,,,,,,,,,,,,,,,,,,,USD,,,,https://aprende.org/cursos/view/173,,,,,,,,,,,,https://fsvc.capacitateparaelempleo.org/CapacitateFS/coursesImages/e3fb913c-2010-4e31-8b32-d3fcf24467b8.png,,"¡Bienvenido! 
 El experto MIDO niñas, niños y adolescentes, es el profesional de salud en formación o graduado, capacitado para realizar la valoración nutricional y de agudeza visual en niños en etapa escolar (6 a 12 años). Su labor consiste en contribuir a la detección de manera oportuna de enfermedades o condiciones previas a la enfermedad para promover al bienestar integral del niño. 
 ¡Éxito en tu capacitación!",0.0,,,,,,,,,,,,Aprende,,,,,,,,,,,,,True,,,,,,,,,
,,,,,,,,,,,,,,,,,,,Asesor de lactancia materna,,,,,,,,,,,,,,,,,,,,,,,,,,,Salud,,,,,,,,,Beginner,,,,,,,,,,,,,,es,,,,,,,,,,,,,,,,,,,USD,,,,https://aprende.org/cursos/view/185,,,,,,,,,,,,https://fsvc.capacitateparaelempleo.org/CapacitateFS/coursesImages/81fca4f7-0cb6-4282-96b4-5ef195746466.png,,"Asesorar en lactancia materna implica: conocer las características de la glándula mamaria y de la leche materna, promover el parto humanizado y el inicio temprano de la lactancia materna, reducir la incidencia del síndrome de muerte súbita del lactante, conocer la técnica adecuada de lactancia materna, identificar y tratar de manera oportuna problemas relacionados a la madre y al niño y favorecer la lactancia materna en el sitio de trabajo.",0.0,,,,,,,,,,,,Aprende,,,,,,,,,,,,,True,,,,,,,,,
,,,,,,,,,,,,,,,,,,,Experto MIDO adultos,,,,,,,,,,,,,,,,,,,,,,,,,,,Salud,,,,,,,,,Beginner,,,,,,,,,,,,,,es,,,,,,,,,,,,,,,,,,,USD,,,,https://aprende.org/cursos/view/200,,,,,,,,,,,,https://fsvc.capacitateparaelempleo.org/CapacitateFS/coursesImages/44c8b651-27f6-426a-b696-bf033e4c6af2.png,,"El profesional de la salud que tome este curso adquiere conocimiento sobre enfermedades crónicas que utiliza para reducir su impacto dentro de su comunidad; implementa la estrategia MIDO adultos para detectar de manera oportuna a aquellos adultos que se encuentren en riesgo de padecer obesidad, hipertensión arterial y diabetes; ofrece consejería personalizada para modificar los hábitos que son nocivos para la salud del adulto con el objetivo de prevenir el desarrollo de la enfermedad; ofrece seguimiento para salvaguardar su bienestar integral; garantiza el ingreso a tratamiento de aquellos adultos que padecen alguna enfermedad crónica; y se convierte en un agente de cambio dentro del sistema de salud pública de su país.",0.0,,,,,,,,,,,,Aprende,,,,,,,,,,,,,True,,,,,,,,,
,,,,,,,,,,,,,,,,,,,Prevención y Atención de la Diabetes Mellitus tipo 2,,,,,,,,,,,,,,,,,,,,,,,,,,,Salud,,,,,,,,,Beginner,,,,,,,,,,,,,,es,,,,,,,,,,,,,,,,,,,USD,,,,https://aprende.org/cursos/view/220,,,,,,,,,,,,https://fsvc.capacitateparaelempleo.org/CapacitateFS/coursesImages/889d17cb-3c4e-4e8d-ba62-957ee885dd62.png,,El profesional de la salud que tome este curso determinará la epidemiología de la Diabetes Mellitus tipo 2; detectará la presencia de factores de riesgo para desarrollar la enfermedad; realizará pruebas de tamizaje para detectar la presencia de la enfermedad; solicitará pruebas de laboratorio para ofrecer un diagnóstico de certeza; prevendrá el desarrollo de complicaciones agudas y crónicas; realizará modificaciones en la alimentación y actividad física del adulto para reducir su peso corporal; individualizará el esquema de tratamiento farmacológico para mantener un adecuado control glicémico; y ofrecerá seguimiento para realizar ajustes en el tratamiento.,0.0,,,,,,,,,,,,Aprende,,,,,,,,,,,,,True,,,,,,,,,
,,,,,,,,,,,,,,,,,,,¿Cómo debo cuidarme si estoy embarazada y tengo diabetes?,,,,,,,,,,,,,,,,,,,,,,,,,,,Salud,,,,,,,,,Beginner,,,,,,,,,,,,,,es,,,,,,,,,,,,,,,,,,,USD,,,,https://aprende.org/cursos/view/221,,,,,,,,,,,,https://fsvc.capacitateparaelempleo.org/CapacitateFS/coursesImages/3e1380dd-33da-4496-8ca4-ae8e63ded43a.png,,"La mujer que tome este curso comprenderá qué es la diabetes gestacional; aprenderá a alimentarse de manera correcta, a realizar actividad física y a manejar sus emociones durante el embarazo; monitoreará sus niveles de glucosa con regularidad; identificará qué hacer ante la presencia de hipo o hiperglucemia; conocerá la técnica correcta para aplicarse insulina en caso de que sea necesario; y mantendrá un estilo de vida saludable posterior a su embarazo.",0.0,,,,,,,,,,,,Aprende,,,,,,,,,,,,,True,,,,,,,,,
,,,,,,,,,,,,,,,,,,,Prevención y Atención de la Hipertensión Arterial,,,,,,,,,,,,,,,,,,,,,,,,,,,Salud,,,,,,,,,Beginner,,,,,,,,,,,,,,es,,,,,,,,,,,,,,,,,,,USD,,,,https://aprende.org/cursos/view/238,,,,,,,,,,,,https://fsvc.capacitateparaelempleo.org/CapacitateFS/coursesImages/ec5f5762-d3e2-4b61-9efa-27813aac9345.png,,El profesional de la salud que tome este curso determinará la epidemiología de la hipertensión arterial; detectará la presencia de factores de riesgo para desarrollar la enfermedad; realizará mediciones para clasificarla; realizará modificaciones en la alimentación y actividad física del adulto para reducir su peso corporal; individualizará el esquema de tratamiento farmacológico para mantener un adecuado control de la presión arterial; prevendrá el desarrollo de complicaciones agudas y crónicas; y ofrecerá seguimiento para realizar ajustes en el tratamiento.,0.0,,,,,,,,,,,,Aprende,,,,,,,,,,,,,True,,,,,,,,,
,,,,,,,,,,,,,,,,,,,Técnico auxiliar en lactancia materna,,,,,,,,,,,,,,,,,,,,,,,,,,,Salud,,,,,,,,,Beginner,,,,,,,,,,,,,,es,,,,,,,,,,,,,,,,,,,USD,,,,https://aprende.org/cursos/view/239,,,,,,,,,,,,https://fsvc.capacitateparaelempleo.org/CapacitateFS/coursesImages/1d4a9e95-d526-46d0-b6e2-549c521a9d1a.png,,Promover la práctica de lactancia materna en tu comunidad para proteger la salud de las madres y sus hijos es algo que podrás hacer si te capacitas como técnico auxiliar en lactancia materna.,0.0,,,,,,,,,,,,Aprende,,,,,,,,,,,,,True,,,,,,,,,
,,,,,,,,,,,,,,,,,,,Promotor en activación física,,,,,,,,,,,,,,,,,,,,,,,,,,,Salud,,,,,,,,,Beginner,,,,,,,,,,,,,,es,,,,,,,,,,,,,,,,,,,USD,,,,https://aprende.org/cursos/view/242,,,,,,,,,,,,https://fsvc.capacitateparaelempleo.org/CapacitateFS/coursesImages/6cb997fe-ee6f-4a3d-ba29-acd9c51c3c2b.png,,"¡Bienvenido! 
 Reduce el riesgo de que las personas desarrollen enfermedades al aplicar tus conocimientos como “Promotor en activación física”.",0.0,,,,,,,,,,,,Aprende,,,,,,,,,,,,,True,,,,,,,,,
,,,,,,,,,,,,,,,,,,,Experto MIDO embarazo,,,,,,,,,,,,,,,,,,,,,,,,,,,Salud,,,,,,,,,Beginner,,,,,,,,,,,,,,es,,,,,,,,,,,,,,,,,,,USD,,,,https://aprende.org/cursos/view/243,,,,,,,,,,,,https://fsvc.capacitateparaelempleo.org/CapacitateFS/coursesImages/660cd5c1-080a-4c0b-9337-9f256d941845.png,,El profesional de la salud que tome este curso conocerá los principales cambios anatómicos y fisiológicos que suceden durante el embarazo; detectará la presencia de factores que incrementen el riesgo de desarrollar enfermedades asociadas al embarazo para intervenir de manera oportuna; implementará la estrategia MIDO embarazo en su comunidad para mejorar el estado de salud poblacional; interpretará los resultados de la valoración para proporcionar consejería personalizada; ofrecerá seguimiento puntual a la mujer embarazada para mantener el control de su enfermedad; y reclasificará su estado de salud durante el puerperio para determinar el tipo de atención que a partir de ese momento recibirá.,0.0,,,,,,,,,,,,Aprende,,,,,,,,,,,,,True,,,,,,,,,
,,,,,,,,,,,,,,,,,,,Prevención y Atención de la Diabetes y el Embarazo,,,,,,,,,,,,,,,,,,,,,,,,,,,Salud,,,,,,,,,Beginner,,,,,,,,,,,,,,es,,,,,,,,,,,,,,,,,,,USD,,,,https://aprende.org/cursos/view/259,,,,,,,,,,,,https://fsvc.capacitateparaelempleo.org/CapacitateFS/coursesImages/470f637b-0f5a-4f01-ad3f-748f85f948be.png,,"El profesional de la salud que realice este curso, será capaz de definir la epidemiología de la diabetes y el embarazo; detectará la presencia de factores de riesgo para desarrollar la enfermedad; utilizará la estrategia de 1 o 2 pasos para diagnosticar la enfermedad; implementará cambios en el estilo de vida a través de prescripción de dietas saludables, planes de actividad física y manejo conductual de las emociones; promoverá que la paciente automonitorée los niveles de su glucosa capilar; ofrecerá tratamiento farmacológico para controlar la enfermedad; y ofrecerá seguimiento puntual a través de la reclasificación de la enfermedad.",0.0,,,,,,,,,,,,Aprende,,,,,,,,,,,,,True,,,,,,,,,
,,,,,,,,,,,,,,,,,,,Prevención y Atención de la Obesidad,,,,,,,,,,,,,,,,,,,,,,,,,,,Salud,,,,,,,,,Beginner,,,,,,,,,,,,,,es,,,,,,,,,,,,,,,,,,,USD,,,,https://aprende.org/cursos/view/260,,,,,,,,,,,,https://fsvc.capacitateparaelempleo.org/CapacitateFS/coursesImages/0bf06797-7824-438b-b7c8-fb6edba97e3a.png,,El profesional de la salud que tome este curso será capaz de explicar la fisiopatología de la obesidad para comprender la evolución de la enfermedad; calcular el índice de masa corporal para diagnosticar y clasificar su estado nutricional; realizar modificaciones en la alimentación y actividad física para reducir el peso corporal; detectar la necesidad de comenzar con el tratamiento farmacológico para prevenir el desarrollo de complicaciones; y de referir hacia el siguiente nivel de atención a quien considere necesario.,0.0,,,,,,,,,,,,Aprende,,,,,,,,,,,,,True,,,,,,,,,
,,,,,,,,,,,,,,,,,,,Abordaje no farmacológico de las enfermedades crónicas,,,,,,,,,,,,,,,,,,,,,,,,,,,Salud,,,,,,,,,Beginner,,,,,,,,,,,,,,es,,,,,,,,,,,,,,,,,,,USD,,,,https://aprende.org/cursos/view/261,,,,,,,,,,,,https://fsvc.capacitateparaelempleo.org/CapacitateFS/coursesImages/23c41443-8e4a-4fe1-8f50-d11cec66ba56.png,,"El profesional de la salud que tome este curso abordará de manera integral al paciente que padece obesidad, hipertensión arterial, diabetes, dislipidemias y/o enfermedad renal crónica a través de la prescripción de planes de alimentación saludable y actividad física regular, detección de emociones negativas y trastornos conductuales, y diagnóstico de adicciones para controlar su enfermedad y prevenir el desarrollo de complicaciones.",0.0,,,,,,,,,,,,Aprende,,,,,,,,,,,,,True,,,,,,,,,
,,,,,,,,,,,,,,,,,,,Prevención y Atención de Enfermedades Obstétricas - Prenatal,,,,,,,,,,,,,,,,,,,,,,,,,,,Salud,,,,,,,,,Beginner,,,,,,,,,,,,,,es,,,,,,,,,,,,,,,,,,,USD,,,,https://aprende.org/cursos/view/264,,,,,,,,,,,,https://fsvc.capacitateparaelempleo.org/CapacitateFS/coursesImages/fc5e5cf2-34a9-4ef6-b54d-df19f0c5ee9e.png,,Reduce la morbimortalidad materna y fetal al capacitarte a través del Curso Propedéutico en Prevención y Atención de Enfermedades Obstétricas – Prenatal.,0.0,,,,,,,,,,,,Aprende,,,,,,,,,,,,,True,,,,,,,,,
,,,,,,,,,,,,,,,,,,,Prevención y Atención de Enfermedades Obstétricas - Primer trimestre,,,,,,,,,,,,,,,,,,,,,,,,,,,Salud,,,,,,,,,Beginner,,,,,,,,,,,,,,es,,,,,,,,,,,,,,,,,,,USD,,,,https://aprende.org/cursos/view/265,,,,,,,,,,,,https://fsvc.capacitateparaelempleo.org/CapacitateFS/coursesImages/6305937a-b4ac-4da8-845a-544a1a97d1cc.png,,Reduce la morbimortalidad materna y fetal al capacitarte a través del Curso Propedéutico en Prevención y Atención de Enfermedades Obstétricas – Primer trimestre.,0.0,,,,,,,,,,,,Aprende,,,,,,,,,,,,,True,,,,,,,,,
,,,,,,,,,,,,,,,,,,,Prevención y Atención de Enfermedades Obstétricas - Segundo trimestre,,,,,,,,,,,,,,,,,,,,,,,,,,,Salud,,,,,,,,,Beginner,,,,,,,,,,,,,,es,,,,,,,,,,,,,,,,,,,USD,,,,https://aprende.org/cursos/view/266,,,,,,,,,,,,https://fsvc.capacitateparaelempleo.org/CapacitateFS/coursesImages/b3ddb015-bf92-4e72-a599-e5011a857011.png,,Reduce la morbimortalidad materna y fetal al capacitarte a través del Curso Propedéutico en Prevención y Atención de Enfermedades Obstétricas – Segundo trimestre.,0.0,,,,,,,,,,,,Aprende,,,,,,,,,,,,,True,,,,,,,,,
,,,,,,,,,,,,,,,,,,,Prevención y Atención de Enfermedades Obstétricas - Tercer trimestre,,,,,,,,,,,,,,,,,,,,,,,,,,,Salud,,,,,,,,,Beginner,,,,,,,,,,,,,,es,,,,,,,,,,,,,,,,,,,USD,,,,https://aprende.org/cursos/view/267,,,,,,,,,,,,https://fsvc.capacitateparaelempleo.org/CapacitateFS/coursesImages/f40be5e0-a6ee-40a8-950d-d600f0852af8.png,,Reduce la morbimortalidad materna y fetal al capacitarte a través del Curso Propedéutico en Prevención y Atención de Enfermedades Obstétricas – Tercer trimestre.,0.0,,,,,,,,,,,,Aprende,,,,,,,,,,,,,True,,,,,,,,,
,,,,,,,,,,,,,,,,,,,Prevención y Atención de Enfermedades Obstétricas - Puerperio,,,,,,,,,,,,,,,,,,,,,,,,,,,Salud,,,,,,,,,Beginner,,,,,,,,,,,,,,es,,,,,,,,,,,,,,,,,,,USD,,,,https://aprende.org/cursos/view/269,,,,,,,,,,,,https://fsvc.capacitateparaelempleo.org/CapacitateFS/coursesImages/af989eca-aa36-47dd-9f1b-073d6f7603f0.png,,Reduce la morbimortalidad materna y neonatal al capacitarte a través del Curso Propedéutico en Prevención y Atención de Enfermedades Obstétricas – Puerperio.,0.0,,,,,,,,,,,,Aprende,,,,,,,,,,,,,True,,,,,,,,,
,,,,,,,,,,,,,,,,,,,Experto SIC,,,,,,,,,,,,,,,,,,,,,,,,,,,Salud,,,,,,,,,Beginner,,,,,,,,,,,,,,es,,,,,,,,,,,,,,,,,,,USD,,,,https://aprende.org/cursos/view/270,,,,,,,,,,,,https://fsvc.capacitateparaelempleo.org/CapacitateFS/coursesImages/b30750bf-8caf-4a85-9796-561a1b7d45de.png,,Ofrece seguimiento al estado de salud de las personas que viven con enfermedades crónicas en nuestro país al capacitarte como Experto SIC.,0.0,,,,,,,,,,,,Aprende,,,,,,,,,,,,,True,,,,,,,,,
,,,,,,,,,,,,,,,,,,,Seguridad e Higiene en ambiente laboral,,,,,,,,,,,,,,,,,,,,,,,,,,,Salud,,,,,,,,,Beginner,,,,,,,,,,,,,,es,,,,,,,,,,,,,,,,,,,USD,,,,https://aprende.org/cursos/view/271,,,,,,,,,,,,https://fsvc.capacitateparaelempleo.org/CapacitateFS/coursesImages/68d1a346-a382-4b53-8519-6a8608c0395f.png,,Utiliza los principios de seguridad e higiene en el ambiente laboral para mejorar tu salud y desempeño en la empresa.,0.0,,,,,,,,,,,,Aprende,,,,,,,,,,,,,True,,,,,,,,,
,,,,,,,,,,,,,,,,,,,Experto MIDO Adultos y Embarazo,,,,,,,,,,,,,,,,,,,,,,,,,,,Salud,,,,,,,,,Beginner,,,,,,,,,,,,,,es,,,,,,,,,,,,,,,,,,,USD,,,,https://aprende.org/cursos/view/279,,,,,,,,,,,,https://fsvc.capacitateparaelempleo.org/CapacitateFS/coursesImages/b67c9f29-49c8-4fe9-a6cf-b5e0ea05c3de.png,,"Detecta estadios previos al de la enfermedad o, en su defecto, la presencia de enfermedades crónicas en personas que habitan en su comunidad para intervenir de manera oportuna mientras desempeña sus funciones como Experto MIDO.",0.0,,,,,,,,,,,,Aprende,,,,,,,,,,,,,True,,,,,,,,,
,,,,,,,,,,,,,,,,,,,Cuidados paliativos (familiares y voluntarios),,,,,,,,,,,,,,,,,,,,,,,,,,,Salud,,,,,,,,,Beginner,,,,,,,,,,,,,,es,,,,,,,,,,,,,,,,,,,USD,,,,https://aprende.org/cursos/view/286,,,,,,,,,,,,https://fsvc.capacitateparaelempleo.org/CapacitateFS/coursesImages/a1202d27-48b2-4970-9c04-7a6868b8adb4.png,,Alivia el sufrimiento de personas que tienen enfermedades limitantes para la vida al administrar cuidados paliativos.,0.0,,,,,,,,,,,,Aprende,,,,,,,,,,,,,True,,,,,,,,,
,,,,,,,,,,,,,,,,,,,¿Cómo cuidarme para un embarazo saludable?,,,,,,,,,,,,,,,,,,,,,,,,,,,Salud,,,,,,,,,Beginner,,,,,,,,,,,,,,es,,,,,,,,,,,,,,,,,,,USD,,,,https://aprende.org/cursos/view/287,,,,,,,,,,,,https://fsvc.capacitateparaelempleo.org/CapacitateFS/coursesImages/15b5b29b-3ae9-46df-ae90-6f3477a9a5b1.png,,En este curso se explican los temas que ayudarán a favorecer el crecimiento y desarrollo de tu bebé al implementar medidas que reduzcan el riesgo de que desarrolle enfermedades y presente complicaciones. ¡Éxito en tu capacitación!,0.0,,,,,,,,,,,,Aprende,,,,,,,,,,,,,True,,,,,,,,,
,,,,,,,,,,,,,,,,,,,¿Cómo debo cuidar mis pies si vivo con diabetes?,,,,,,,,,,,,,,,,,,,,,,,,,,,Salud,,,,,,,,,Beginner,,,,,,,,,,,,,,es,,,,,,,,,,,,,,,,,,,USD,,,,https://aprende.org/cursos/view/288,,,,,,,,,,,,https://fsvc.capacitateparaelempleo.org/CapacitateFS/coursesImages/b7306115-71e3-40e4-b8ce-bd50c9dee23d.png,,Cuida su salud al capacitarse a través del curso “¿Cómo debo cuidar mis pies si vivo con diabetes?”.,0.0,,,,,,,,,,,,Aprende,,,,,,,,,,,,,True,,,,,,,,,
,,,,,,,,,,,,,,,,,,,Prevención y Atención del Pie Diabético,,,,,,,,,,,,,,,,,,,,,,,,,,,Salud,,,,,,,,,Beginner,,,,,,,,,,,,,,es,,,,,,,,,,,,,,,,,,,USD,,,,https://aprende.org/cursos/view/289,,,,,,,,,,,,https://fsvc.capacitateparaelempleo.org/CapacitateFS/coursesImages/2f9b7205-85df-43c7-8a93-b9c2ec3abc8f.png,,Reduce las tasas de morbilidad y mortalidad que producen las complicaciones crónicas de la diabetes al capacitarse a través del curso “Prevención y Atención del Pie Diabético”.,0.0,,,,,,,,,,,,Aprende,,,,,,,,,,,,,True,,,,,,,,,
,,,,,,,,,,,,,,,,,,,Vacunación Censia,,,,,,,,,,,,,,,,,,,,,,,,,,,Salud,,,,,,,,,Beginner,,,,,,,,,,,,,,es,,,,,,,,,,,,,,,,,,,USD,,,,https://aprende.org/cursos/view/290,,,,,,,,,,,,,,,0.0,,,,,,,,,,,,Aprende,,,,,,,,,,,,,True,,,,,,,,,
,,,,,,,,,,,,,,,,,,,Ergonometría digital,,,,,,,,,,,,,,,,,,,,,,,,,,,Salud,,,,,,,,,Beginner,,,,,,,,,,,,,,es,,,,,,,,,,,,,,,,,,,USD,,,,https://aprende.org/cursos/view/309,,,,,,,,,,,,https://fsvc.capacitateparaelempleo.org/CapacitateFS/coursesImages/4eeb86f1-0104-4d0f-9eff-2f9098c34349.png,,"Bienvenido 
 Reduce la incidencia de enfermedades y lesiones al realizar el curso “Ergonometría digital”. 
 ¡Te deseamos éxito en tu capacitación!",0.0,,,,,,,,,,,,Aprende,,,,,,,,,,,,,True,,,,,,,,,
,,,,,,,,,,,,,,,,,,,Manejo manual de cargas,,,,,,,,,,,,,,,,,,,,,,,,,,,Salud,,,,,,,,,Beginner,,,,,,,,,,,,,,es,,,,,,,,,,,,,,,,,,,USD,,,,https://aprende.org/cursos/view/314,,,,,,,,,,,,https://fsvc.capacitateparaelempleo.org/CapacitateFS/coursesImages/1a7894cd-62c1-45bc-bd0c-516e46c87054.png,,Protege su salud al implementar medidas preventivas y utilizar las técnicas ergonómicas para realizar el manejo manual de cargas.,0.0,,,,,,,,,,,,Aprende,,,,,,,,,,,,,True,,,,,,,,,
,,,,,,,,,,,,,,,,,,,Juntos en la diabetes,,,,,,,,,,,,,,,,,,,,,,,,,,,Salud,,,,,,,,,Beginner,,,,,,,,,,,,,,es,,,,,,,,,,,,,,,,,,,USD,,,,https://aprende.org/cursos/view/316,,,,,,,,,,,,https://fsvc.capacitateparaelempleo.org/CapacitateFS/coursesImages/991f8078-c583-41d4-8d74-e6e02bad96bb.png,,,0.0,,,,,,,,,,,,Aprende,,,,,,,,,,,,,True,,,,,,,,,
,,,,,,,,,,,,,,,,,,,¿Cómo debo cuidarme para un embarazo saludable? (Pacientes y familia),,,,,,,,,,,,,,,,,,,,,,,,,,,Salud,,,,,,,,,Beginner,,,,,,,,,,,,,,es,,,,,,,,,,,,,,,,,,,USD,,,,https://aprende.org/cursos/view/324,,,,,,,,,,,,https://fsvc.capacitateparaelempleo.org/CapacitateFS/coursesImages/9dec0bf9-c7c3-4b1f-b797-de4bcc6b69c4.png,,,0.0,,,,,,,,,,,,Aprende,,,,,,,,,,,,,True,,,,,,,,,
,,,,,,,,,,,,,,,,,,,Nueva normalidad laboral,,,,,,,,,,,,,,,,,,,,,,,,,,,Salud,,,,,,,,,Beginner,,,,,,,,,,,,,,es,,,,,,,,,,,,,,,,,,,USD,,,,https://aprende.org/cursos/view/325,,,,,,,,,,,,https://fsvc.capacitateparaelempleo.org/CapacitateFS/coursesImages/e4bc36a4-1763-4f84-9cbd-ceba6102ba0f.png,,,0.0,,,,,,,,,,,,Aprende,,,,,,,,,,,,,True,,,,,,,,,
,,,,,,,,,,,,,,,,,,,Nueva Normalidad Laboral - Colaboradores,,,,,,,,,,,,,,,,,,,,,,,,,,,Salud,,,,,,,,,Beginner,,,,,,,,,,,,,,es,,,,,,,,,,,,,,,,,,,USD,,,,https://aprende.org/cursos/view/326,,,,,,,,,,,,https://fsvc.capacitateparaelempleo.org/CapacitateFS/coursesImages/122adbcd-452a-4a1b-9578-01e119f70c79.png,,,0.0,,,,,,,,,,,,Aprende,,,,,,,,,,,,,True,,,,,,,,,
,,,,,,,,,,,,,,,,,,,Nueva Normalidad Laboral - Supervisores / Brigadistas,,,,,,,,,,,,,,,,,,,,,,,,,,,Salud,,,,,,,,,Beginner,,,,,,,,,,,,,,es,,,,,,,,,,,,,,,,,,,USD,,,,https://aprende.org/cursos/view/327,,,,,,,,,,,,https://fsvc.capacitateparaelempleo.org/CapacitateFS/coursesImages/526d0072-28cc-41e2-a64f-b0e796525bee.png,,,0.0,,,,,,,,,,,,Aprende,,,,,,,,,,,,,True,,,,,,,,,
,,,,,,,,,,,,,,,,,,,Introducción a Primer Respondiente,,,,,,,,,,,,,,,,,,,,,,,,,,,Salud,,,,,,,,,Beginner,,,,,,,,,,,,,,es,,,,,,,,,,,,,,,,,,,USD,,,,https://aprende.org/cursos/view/342,,,,,,,,,,,,https://fsvc.capacitateparaelempleo.org/CapacitateFS/coursesImages/b18002df-81a3-41c3-8e4a-7156e9d05277.png,,"El contenido del presente curso tiene como finalidad apoyar a la formación de un Primer Respondiente en primeros auxilios para identificar una urgencia médica y actuar de forma asertiva.   
 Es responsabilidad del primer respondiente actuar ante una urgencia médica en favor de la conservación de la vida y evitando la aplicación inadecuada o errónea de protocolos y prácticas de atención.  
 Para que se complemente esta formación es importante realizar la capacitación presencial, la cual ayudará a fortalecer y poner en práctica las destrezas de atención.",0.0,,,,,,,,,,,,Aprende,,,,,,,,,,,,,True,,,,,,,,,
,,,,,,,,,,,,,,,,,,,Buenas prácticas para el uso de telemedicina,,,,,,,,,,,,,,,,,,,,,,,,,,,Salud,,,,,,,,,Beginner,,,,,,,,,,,,,,es,,,,,,,,,,,,,,,,,,,USD,,,,https://aprende.org/cursos/view/362,,,,,,,,,,,,https://fsvc.capacitateparaelempleo.org/CapacitateFS/coursesImages/07a3d329-2930-4505-985e-11b52b8e955a.png,,Ofrece atención médica a distancia implementando buenas prácticas para el uso de telemedicina.,0.0,,,,,,,,,,,,Aprende,,,,,,,,,,,,,True,,,,,,,,,
,,,,,,,,,,,,,,,,,,,"Medidas de higiene, prevención y contención de contagios",,,,,,,,,,,,,,,,,,,,,,,,,,,Salud,,,,,,,,,Beginner,,,,,,,,,,,,,,es,,,,,,,,,,,,,,,,,,,USD,,,,https://aprende.org/cursos/view/382,,,,,,,,,,,,https://fsvc.capacitateparaelempleo.org/CapacitateFS/coursesImages/747f1b82-1d97-421f-adf9-88bd3b3c93fd.png,,"¡Bienvenido! 
 Controla las enfermedades infecciosas en su comunidad al implementar medidas de higiene, prevención y contención de contagios.",0.0,,,,,,,,,,,,Aprende,,,,,,,,,,,,,True,,,,,,,,,
,,,,,,,,,,,,,,,,,,,Alimentación saludable (Edad adulta),,,,,,,,,,,,,,,,,,,,,,,,,,,Salud,,,,,,,,,Beginner,,,,,,,,,,,,,,es,,,,,,,,,,,,,,,,,,,USD,,,,https://aprende.org/cursos/view/410,,,,,,,,,,,,https://fsvc.capacitateparaelempleo.org/CapacitateFS/coursesImages/59b6d2f8-09ec-42ad-84f2-aea7fdeba390.png,,"¡Bienvenido! 
 Adquiere conocimientos y prácticas que te ayudarán a mejorar tu calidad de vida, implementando una alimentación saludable, adaptada a la edad adulta. 
 ¡Éxito en tu capacitación!",0.0,,,,,,,,,,,,Aprende,,,,,,,,,,,,,True,,,,,,,,,
,,,,,,,,,,,,,,,,,,,Proceso de donación y trasplante de órganos y tejidos,,,,,,,,,,,,,,,,,,,,,,,,,,,Salud,,,,,,,,,Beginner,,,,,,,,,,,,,,es,,,,,,,,,,,,,,,,,,,USD,,,,https://aprende.org/cursos/view/418,,,,,,,,,,,,https://fsvc.capacitateparaelempleo.org/CapacitateFS/coursesImages/75bf8e18-2917-4671-9aa2-09d477755f3f.png,,Salva la vida de las personas que tienen una falla orgánica al comprender el proceso de donación y trasplante de órganos y tejidos.,0.0,,,,,,,,,,,,Aprende,,,,,,,,,,,,,True,,,,,,,,,
,,,,,,,,,,,,,,,,,,,Buenas prácticas para el uso de dispositivos electrónicos,,,,,,,,,,,,,,,,,,,,,,,,,,,Salud,,,,,,,,,Beginner,,,,,,,,,,,,,,es,,,,,,,,,,,,,,,,,,,USD,,,,https://aprende.org/cursos/view/100004,,,,,,,,,,,,https://fsvc.capacitateparaelempleo.org/CapacitateFS/coursesImages/9bc1622c-098a-437b-8cb9-368e2894f892.png,,"En esta capacitación consultarás los elementos que son necesarios para que cuides tu salud mientras utilizas dispositivos electrónicos. 
 ¡Mucho éxito!",0.0,,,,,,,,,,,,Aprende,,,,,,,,,,,,,True,,,,,,,,,
,,,,,,,,,,,,,,,,,,,Medidas para evitar contagios,,,,,,,,,,,,,,,,,,,,,,,,,,,Salud,,,,,,,,,Beginner,,,,,,,,,,,,,,es,,,,,,,,,,,,,,,,,,,USD,,,,https://aprende.org/cursos/view/100060,,,,,,,,,,,,https://fsvc.capacitateparaelempleo.org/CapacitateFS/coursesImages/77017cec-ae5d-4548-880a-bc0ed6fd4fff.png,,Conoce la trascendencia que tiene implementar medidas para evitar contagios.,0.0,,,,,,,,,,,,Aprende,,,,,,,,,,,,,True,,,,,,,,,
,,,,,,,,,,,,,,,,,,,Vacante | Medico Dictaminador,,,,,,,,,,,,,,,,,,,,,,,,,,,Salud,,,,,,,,,Beginner,,,,,,,,,,,,,,es,,,,,,,,,,,,,,,,,,,USD,,,,https://aprende.org/cursos/view/100117,,,,,,,,,,,,https://fsvc.capacitateparaelempleo.org/CapacitateFS/coursesImages/f3b9865c-b0d1-400e-a2ac-b37284564648.png,,"Medico Dictaminador  
  GRUPO FINANCIERO INBURSA  
  ------------/  REQUISITOS  /------------  
  Escolaridad:  
 Lic. Medicina con Título y Cédula Profesional 
  Experiencia:  
 Dictamen medico administrativo de siniestros 
  Conocimientos:  
 Siniestros Gastos Medicos 
  Zona trabajo:  
 CDMX Zona Sur 
  Disponibilidad:  
 Lunes a Viernes 
  Horario:  
 De 8:00 a 18:00 hrs. 
  Contacto:  
 Enviar CV a correo seleccionsistemas@inbursa.com 
  ------------/  OFRECEMOS  /------------  
 Sueldo base Mensual 
 Prestaciones superiores a la Ley 
 Desarrollo Profesional 
 Sueldo: De $17,000 a  $20,800",0.0,,,,,,,,,,,,Aprende,,,,,,,,,,,,,True,,,,,,,,,
,,,,,,,,,,,,,,,,,,,Mente analítica y salud digital,,,,,,,,,,,,,,,,,,,,,,,,,,,Salud,,,,,,,,,Intermediate,,,,,,,,,,,,,,es,,,,,,,,,,,,,,,,,,,USD,,,,https://aprende.org/cursos/view/100136,,,,,,,,,,,,https://fsvc.capacitateparaelempleo.org/CapacitateFS/coursesImages/4ab3e1c0-80d1-4af1-a01c-73bf35047b33.png,,En esta capacitación es posible consultar los elementos que te permitirán analizar e interpretar datos e información para decidir cuáles son las estrategias de salud que beneficiarán a las personas que acuden a tu clínica u hospital.,0.0,,,,,,,,,,,,Aprende,,,,,,,,,,,,,True,,,,,,,,,
,,,,,,,,,,,,,,,,,,,Pausas activas,,,,,,,,,,,,,,,,,,,,,,,,,,,Salud,,,,,,,,,Intermediate,,,,,,,,,,,,,,es,,,,,,,,,,,,,,,,,,,USD,,,,https://aprende.org/cursos/view/100832,,,,,,,,,,,,https://fsvc.capacitateparaelempleo.org/CapacitateFS/coursesImages/5f8cf269-d356-4157-b81f-c01fa40495ae.png,,"Bienvenido. 
   Realiza pausas activas sencillas para reducir la tensión muscular, cuidar tus articulaciones y recuperar energía durante tu jornada.  Aprende 365, contigo siempre.",0.0,,,,,,,,,,,,Aprende,,,,,,,,,,,,,True,,,,,,,,,
,,,,,,,,,,,,,,,,,,,Ejercicios de relajación corporal,,,,,,,,,,,,,,,,,,,,,,,,,,,Salud,,,,,,,,,Intermediate,,,,,,,,,,,,,,es,,,,,,,,,,,,,,,,,,,USD,,,,https://aprende.org/cursos/view/100833,,,,,,,,,,,,https://fsvc.capacitateparaelempleo.org/CapacitateFS/coursesImages/64338d58-7473-47f7-9ac9-68372e8f7cfc.png,,Practica ejercicios de relajación para restablecer los signos vitales ocasionados por la actividad física o el estrés.,0.0,,,,,,,,,,,,Aprende,,,,,,,,,,,,,True,,,,,,,,,
,,,,,,,,,,,,,,,,,,,Acondicionamiento físico general,,,,,,,,,,,,,,,,,,,,,,,,,,,Salud,,,,,,,,,Intermediate,,,,,,,,,,,,,,es,,,,,,,,,,,,,,,,,,,USD,,,,https://aprende.org/cursos/view/100835,,,,,,,,,,,,https://fsvc.capacitateparaelempleo.org/CapacitateFS/coursesImages/c6bf4617-503a-440c-8bac-d23c597969ce.png,,"Realiza ejercicios de acondicionamiento físico general para promover un estilo de vida saludable y activo, y mejorar tu bienestar físico y mental.",0.0,,,,,,,,,,,,Aprende,,,,,,,,,,,,,True,,,,,,,,,
,,,,,,,,,,,,,,,,,,,Calentamiento antes del ejercicio,,,,,,,,,,,,,,,,,,,,,,,,,,,Salud,,,,,,,,,Intermediate,,,,,,,,,,,,,,es,,,,,,,,,,,,,,,,,,,USD,,,,https://aprende.org/cursos/view/100837,,,,,,,,,,,,https://fsvc.capacitateparaelempleo.org/CapacitateFS/coursesImages/89095184-7543-4ffe-a6f2-fb84a839fea8.png,,Realiza ejercicios de calentamiento para promover una práctica deportiva segura y efectiva.,0.0,,,,,,,,,,,,Aprende,,,,,,,,,,,,,True,,,,,,,,,
,,,,,,,,,,,,,,,,,,,Ansiedad: Claves para recuperar la calma,,,,,,,,,,,,,,,,,,,,,,,,,,,Salud,,,,,,,,,Intermediate,,,,,,,,,,,,,,es,,,,,,,,,,,,,,,,,,,USD,,,,https://aprende.org/cursos/view/100839,,,,,,,,,,,,https://fsvc.capacitateparaelempleo.org/CapacitateFS/coursesImages/d71e1f78-6f3c-4220-b9b9-302c18500101.png,,"¡Bienvenido! En este curso podrás identificar qué es la ansiedad, sus signos y síntomas, así como aplicar estrategias para manejarla y promover el autocuidado.",0.0,,,,,,,,,,,,Aprende,,,,,,,,,,,,,True,,,,,,,,,
,,,,,,,,,,,,,,,,,,,Estrés,,,,,,,,,,,,,,,,,,,,,,,,,,,Salud,,,,,,,,,Intermediate,,,,,,,,,,,,,,es,,,,,,,,,,,,,,,,,,,USD,,,,https://aprende.org/cursos/view/100864,,,,,,,,,,,,https://fsvc.capacitateparaelempleo.org/CapacitateFS/coursesImages/d4572295-86f0-458b-85b8-23d1e68d69e3.png,,¡Bienvenido! En esta formación encontrarás técnicas para manejar el estrés y los posibles conflictos que pueden provocarlo.,0.0,,,,,,,,,,,,Aprende,,,,,,,,,,,,,True,,,,,,,,,
,,,,,,,,,,,,,,,,,,,¿Primero tú o el celular?,,,,,,,,,,,,,,,,,,,,,,,,,,,Salud,,,,,,,,,Intermediate,,,,,,,,,,,,,,es,,,,,,,,,,,,,,,,,,,USD,,,,https://aprende.org/cursos/view/100897,,,,,,,,,,,,https://fsvc.capacitateparaelempleo.org/CapacitateFS/coursesImages/5597788e-92bf-41d1-bdeb-7c4637abab06.png,,"El celular es útil, pero usarlo por mucho tiempo tiene consecuencias. En este complemento conocerás los efectos de usarlo de manera prolongada, acciones para usarlo con responsabilidad, cómo cuidarlo y qué hacer cuando ya no funciona. ¡Bienvenido!",0.0,,,,,,,,,,,,Aprende,,,,,,,,,,,,,True,,,,,,,,,
,,,,,,,,,,,,,,,,,,,Cruz Roja,,,,,,,,,,,,,,,,,,,,,,,,,,,Alianzas,,,,,,,,,Beginner,,,,,,,,,,,,,,es,,,,,,,,,,,,,,,,,,,USD,,,,https://aprende.org/cursos/view/68,,,,,,,,,,,,https://fsvc.capacitateparaelempleo.org/CapacitateFS/coursesImages/87cc1e06-0742-4ffd-9a07-0cf16e064705.png,,,0.0,,,,,,,,,,,,Aprende,,,,,,,,,,,,,True,,,,,,,,,
,,,,,,,,,,,,,,,,,,,Solicitud de apoyo para tu proyecto productivo: Fomento a la economía social,,,,,,,,,,,,,,,,,,,,,,,,,,,Alianzas,,,,,,,,,Beginner,,,,,,,,,,,,,,es,,,,,,,,,,,,,,,,,,,USD,,,,https://aprende.org/cursos/view/91,,,,,,,,,,,,https://fsvc.capacitateparaelempleo.org/CapacitateFS/coursesImages/0bed0f16-1aa4-4850-8242-d5a589fec089.png,,"Bienvenido, este curso tiene como misión apoyar a la población objetivo del Programa de Fomento a la Economía Social, para que conozcan la operación y puedan ser candidatos a obtener el apoyo productivo.",0.0,,,,,,,,,,,,Aprende,,,,,,,,,,,,,True,,,,,,,,,
,,,,,,,,,,,,,,,,,,,Oportunidades que  SEDESOL te brinda: Inducción a la economía social,,,,,,,,,,,,,,,,,,,,,,,,,,,Alianzas,,,,,,,,,Beginner,,,,,,,,,,,,,,es,,,,,,,,,,,,,,,,,,,USD,,,,https://aprende.org/cursos/view/92,,,,,,,,,,,,https://fsvc.capacitateparaelempleo.org/CapacitateFS/coursesImages/ae456ccd-5842-4beb-afeb-27a0019e9afa.png,,,0.0,,,,,,,,,,,,Aprende,,,,,,,,,,,,,True,,,,,,,,,
,,,,,,,,,,,,,,,,,,,Proyectos Productivos,,,,,,,,,,,,,,,,,,,,,,,,,,,Alianzas,,,,,,,,,Beginner,,,,,,,,,,,,,,es,,,,,,,,,,,,,,,,,,,USD,,,,https://aprende.org/cursos/view/94,,,,,,,,,,,,https://fsvc.capacitateparaelempleo.org/CapacitateFS/coursesImages/03bd5ae9-1d62-4768-8052-6794dee0f895.png,,"Bienvenido! 
 Realiza lo necesario para adquirir el apoyo de una institución como SEDESOL, que te permita tener una mejor calidad de vida y favorecer a tu comunidad con la creación de proyectos productivos.",0.0,,,,,,,,,,,,Aprende,,,,,,,,,,,,,True,,,,,,,,,
,,,,,,,,,,,,,,,,,,,Responsable Tienda Diconsa,,,,,,,,,,,,,,,,,,,,,,,,,,,Alianzas,,,,,,,,,Beginner,,,,,,,,,,,,,,es,,,,,,,,,,,,,,,,,,,USD,,,,https://aprende.org/cursos/view/119,,,,,,,,,,,,https://fsvc.capacitateparaelempleo.org/CapacitateFS/coursesImages/f5fa5c83-b33d-4fb9-a579-36635c0d30a3.png,,,0.0,,,,,,,,,,,,Aprende,,,,,,,,,,,,,True,,,,,,,,,
,,,,,,,,,,,,,,,,,,,Videos,,,,,,,,,,,,,,,,,,,,,,,,,,,Alianzas,,,,,,,,,Beginner,,,,,,,,,,,,,,es,,,,,,,,,,,,,,,,,,,USD,,,,https://aprende.org/cursos/view/278,,,,,,,,,,,,,,,0.0,,,,,,,,,,,,Aprende,,,,,,,,,,,,,True,,,,,,,,,
,,,,,,,,,,,,,,,,,,,Zjuntos,,,,,,,,,,,,,,,,,,,,,,,,,,,Alianzas,,,,,,,,,Beginner,,,,,,,,,,,,,,es,,,,,,,,,,,,,,,,,,,USD,,,,https://aprende.org/cursos/view/396,,,,,,,,,,,,,,,0.0,,,,,,,,,,,,Aprende,,,,,,,,,,,,,True,,,,,,,,,
,,,,,,,,,,,,,,,,,,,Z Ver para Prever,,,,,,,,,,,,,,,,,,,,,,,,,,,Alianzas,,,,,,,,,Beginner,,,,,,,,,,,,,,es,,,,,,,,,,,,,,,,,,,USD,,,,https://aprende.org/cursos/view/400,,,,,,,,,,,,,,,0.0,,,,,,,,,,,,Aprende,,,,,,,,,,,,,True,,,,,,,,,
,,,,,,,,,,,,,,,,,,,Movilidad motorizada,,,,,,,,,,,,,,,,,,,,,,,,,,,Sociedad global,,,,,,,,,Beginner,,,,,,,,,,,,,,es,,,,,,,,,,,,,,,,,,,USD,,,,https://aprende.org/cursos/view/79,,,,,,,,,,,,https://fsvc.capacitateparaelempleo.org/CapacitateFS/coursesImages/c5d3ab15-7d22-4a34-b015-1f75842a18b9.png,,"Utilizar un vehículo facilita tus traslados y actividades cotidianas, siempre y cuando éste sea rápido y seguro. Capacítate en Movilidad motorizada y descubre qué puedes hacer para mejorar tus traslados.",0.0,,,,,,,,,,,,Aprende,,,,,,,,,,,,,True,,,,,,,,,
,,,,,,,,,,,,,,,,,,,Movilidad No Motorizada,,,,,,,,,,,,,,,,,,,,,,,,,,,Sociedad global,,,,,,,,,Beginner,,,,,,,,,,,,,,es,,,,,,,,,,,,,,,,,,,USD,,,,https://aprende.org/cursos/view/80,,,,,,,,,,,,https://fsvc.capacitateparaelempleo.org/CapacitateFS/coursesImages/0671d7f6-1f16-4414-a2c8-df06574b0bcf.png,,"¡Bienvenido! 
 Aprende a desplazarte por las calles de la ciudad, de manera segura, responsable y amigable con el medio ambiente. Podrás identificar a los actores del espacio público, los medios de transporte y aquellas acciones que provocan accidentes. 
 ¡Exito en tu capacitación!",0.0,,,,,,,,,,,,Aprende,,,,,,,,,,,,,True,,,,,,,,,
,,,,,,,,,,,,,,,,,,,Servidor público,,,,,,,,,,,,,,,,,,,,,,,,,,,Sociedad global,,,,,,,,,Beginner,,,,,,,,,,,,,,es,,,,,,,,,,,,,,,,,,,USD,,,,https://aprende.org/cursos/view/96,,,,,,,,,,,,https://fsvc.capacitateparaelempleo.org/CapacitateFS/coursesImages/d12152b6-8af8-4ff2-8aac-63e143ac1e74.png,,"La mejora integral permanente del ejercicio de la función pública en cualquier nivel de autoridad, representa un acto de reciprocidad a la confianza que los ciudadanos han depositado en él.  
 Esta capacitación representa una contribución al tronco común de formación para el servidor público de cualquier área y nivel de gobierno.",0.0,,,,,,,,,,,,Aprende,,,,,,,,,,,,,True,,,,,,,,,
,,,,,,,,,,,,,,,,,,,Tecnologías de la Información para servidor público,,,,,,,,,,,,,,,,,,,,,,,,,,,Sociedad global,,,,,,,,,Beginner,,,,,,,,,,,,,,es,,,,,,,,,,,,,,,,,,,USD,,,,https://aprende.org/cursos/view/110,,,,,,,,,,,,https://fsvc.capacitateparaelempleo.org/CapacitateFS/coursesImages/b99a785e-f9fe-4f6e-874d-11bf0b9a5dcd.png,,Implementa tecnologías de la información para tu trabajo en el serivicio público,0.0,,,,,,,,,,,,Aprende,,,,,,,,,,,,,True,,,,,,,,,
,,,,,,,,,,,,,,,,,,,Derechos Humanos para el Servidor Público,,,,,,,,,,,,,,,,,,,,,,,,,,,Sociedad global,,,,,,,,,Beginner,,,,,,,,,,,,,,es,,,,,,,,,,,,,,,,,,,USD,,,,https://aprende.org/cursos/view/115,,,,,,,,,,,,https://fsvc.capacitateparaelempleo.org/CapacitateFS/coursesImages/9b225404-720b-433b-be3e-da615b3bb73a.png,,"Esta capacitación representa una contribución al tronco común de formación para el servidor público de cualquier área y nivel de gobierno. El objetivo es reforzar el enfoque de Derechos Humanos en la gestión pública para encaminar las acciones del servidor público al bien común de la sociedad, reconociendo la dignidad que poseen todas las personas sin excepción.",0.0,,,,,,,,,,,,Aprende,,,,,,,,,,,,,True,,,,,,,,,
,,,,,,,,,,,,,,,,,,,Consumo responsable,,,,,,,,,,,,,,,,,,,,,,,,,,,Sociedad global,,,,,,,,,Beginner,,,,,,,,,,,,,,es,,,,,,,,,,,,,,,,,,,USD,,,,https://aprende.org/cursos/view/141,,,,,,,,,,,,https://fsvc.capacitateparaelempleo.org/CapacitateFS/coursesImages/c92d707d-6fd9-4a5a-b261-b2300aabd2ca.png,,"¡Bienvenido! 
 Aprende buenos hábitos de compra que te permitan obtener un consumo responsable en tu vida cotidiana, ajústalos a tus necesidades y contribuye a aminorar el impacto en el medio ambiente. 
 ¡Exito en tu capacitación!",0.0,,,,,,,,,,,,Aprende,,,,,,,,,,,,,True,,,,,,,,,
,,,,,,,,,,,,,,,,,,,Ciudadano global,,,,,,,,,,,,,,,,,,,,,,,,,,,Sociedad global,,,,,,,,,Beginner,,,,,,,,,,,,,,es,,,,,,,,,,,,,,,,,,,USD,,,,https://aprende.org/cursos/view/142,,,,,,,,,,,,https://fsvc.capacitateparaelempleo.org/CapacitateFS/coursesImages/2c1da307-ada1-466c-a4fd-61ebd3ee21f7.png,,"¡Bienvenido! En esta capacitación identificarás el impacto que tienes como individuo en tu sociedad, reconocerás la importancia de la existencia de la diversidad social y la forma en que influyen las personas en el desarrollo de la comunidad. Conocerás los principales valores y derechos que podrás fomentar para favorecer una sana y armónica convivencia entre los demás individuos. ¡Éxito en tu capacitación!",0.0,,,,,,,,,,,,Aprende,,,,,,,,,,,,,True,,,,,,,,,
,,,,,,,,,,,,,,,,,,,Servidor Público (Colombia),,,,,,,,,,,,,,,,,,,,,,,,,,,Sociedad global,,,,,,,,,Beginner,,,,,,,,,,,,,,es,,,,,,,,,,,,,,,,,,,USD,,,,https://aprende.org/cursos/view/176,,,,,,,,,,,,https://fsvc.capacitateparaelempleo.org/CapacitateFS/coursesImages/1bd22c20-2b47-4a24-b9dd-38d605d9541b.png,,"Bienvenido, en este curso entenderás la estructura y las funciones del Estado Colombiano.",0.0,,,,,,,,,,,,Aprende,,,,,,,,,,,,,True,,,,,,,,,
,,,,,,,,,,,,,,,,,,,Voluntario,,,,,,,,,,,,,,,,,,,,,,,,,,,Sociedad global,,,,,,,,,Beginner,,,,,,,,,,,,,,es,,,,,,,,,,,,,,,,,,,USD,,,,https://aprende.org/cursos/view/276,,,,,,,,,,,,https://fsvc.capacitateparaelempleo.org/CapacitateFS/coursesImages/62de1a69-ea05-4e57-9710-89e96e184c1c.png,,"¡Bienvenido! 
 En este curso comprenderás el papel e importancia de la participación solidaria de los voluntarios, así como el grado de responsabilidad y compromiso que se debe tener si deseas participar.",0.0,,,,,,,,,,,,Aprende,,,,,,,,,,,,,True,,,,,,,,,
,,,,,,,,,,,,,,,,,,,Constructor de paz,,,,,,,,,,,,,,,,,,,,,,,,,,,Sociedad global,,,,,,,,,Beginner,,,,,,,,,,,,,,es,,,,,,,,,,,,,,,,,,,USD,,,,https://aprende.org/cursos/view/298,,,,,,,,,,,,https://fsvc.capacitateparaelempleo.org/CapacitateFS/coursesImages/fb7c8270-2de9-4a22-8506-e22289cda5e4.png,,"Conoce la forma en la que la paz positiva construye mejores sociedades y la forma en la que puedes aplicarla a tu vida para tener relaciones de calidad, cooperativas y constructivas.",0.0,,,,,,,,,,,,Aprende,,,,,,,,,,,,,True,,,,,,,,,
,,,,,,,,,,,,,,,,,,,Cultura urbana,,,,,,,,,,,,,,,,,,,,,,,,,,,Sociedad global,,,,,,,,,Beginner,,,,,,,,,,,,,,es,,,,,,,,,,,,,,,,,,,USD,,,,https://aprende.org/cursos/view/299,,,,,,,,,,,,https://fsvc.capacitateparaelempleo.org/CapacitateFS/coursesImages/cd1dc712-a5f1-4e9f-9e27-9a22f82f4f8a.png,,"Mejora las condiciones de seguridad, habitabilidad y calidad ambiental reconociendo el potencial de los espacios que tienes a tu alrededor y transformándolos en espacios agradables y seguros.",0.0,,,,,,,,,,,,Aprende,,,,,,,,,,,,,True,,,,,,,,,
,,,,,,,,,,,,,,,,,,,Seguridad para todas y todos,,,,,,,,,,,,,,,,,,,,,,,,,,,Sociedad global,,,,,,,,,Beginner,,,,,,,,,,,,,,es,,,,,,,,,,,,,,,,,,,USD,,,,https://aprende.org/cursos/view/348,,,,,,,,,,,,https://fsvc.capacitateparaelempleo.org/CapacitateFS/coursesImages/cc6d56ac-b777-407f-99dc-5996b059f945.png,,"¡Te damos la bienvenida a este curso! 
 ¿Sabías que la Seguridad Ciudadana, a diferencia de otras formas de seguridad, pone en el centro de su atención a las personas y sus necesidades? 
 Saber esto es importante porque promueve tu participación para que tú, tu familia y tu entorno logren una convivencia sana entre todas y todos. 
 En este curso compartiremos algunas ideas que esperamos te inviten a la acción para construir la seguridad ciudadana que necesitamos.",0.0,,,,,,,,,,,,Aprende,,,,,,,,,,,,,True,,,,,,,,,
,,,,,,,,,,,,,,,,,,,Nueva interacción urbana,,,,,,,,,,,,,,,,,,,,,,,,,,,Sociedad global,,,,,,,,,Beginner,,,,,,,,,,,,,,es,,,,,,,,,,,,,,,,,,,USD,,,,https://aprende.org/cursos/view/351,,,,,,,,,,,,https://fsvc.capacitateparaelempleo.org/CapacitateFS/coursesImages/f9ac3842-f851-45e2-8fe3-56faa3482479.png,,Adopta los hábitos de convivencia e interacción urbana que constituyen los nuevos paradigmas.,0.0,,,,,,,,,,,,Aprende,,,,,,,,,,,,,True,,,,,,,,,
,,,,,,,,,,,,,,,,,,,Movilidad de baja densidad,,,,,,,,,,,,,,,,,,,,,,,,,,,Sociedad global,,,,,,,,,Beginner,,,,,,,,,,,,,,es,,,,,,,,,,,,,,,,,,,USD,,,,https://aprende.org/cursos/view/352,,,,,,,,,,,,https://fsvc.capacitateparaelempleo.org/CapacitateFS/coursesImages/4836ea84-a226-4207-9d3e-352909fab025.png,,"La movilidad en las ciudades nunca se detiene, conoce las medidas de la nueva normalidad que debes implementar para que tus traslados sean seguros y con menor riesgo de contagio.",0.0,,,,,,,,,,,,Aprende,,,,,,,,,,,,,True,,,,,,,,,
,,,,,,,,,,,,,,,,,,,Yo prevengo la violencia,,,,,,,,,,,,,,,,,,,,,,,,,,,Sociedad global,,,,,,,,,Beginner,,,,,,,,,,,,,,es,,,,,,,,,,,,,,,,,,,USD,,,,https://aprende.org/cursos/view/391,,,,,,,,,,,,https://fsvc.capacitateparaelempleo.org/CapacitateFS/coursesImages/01678b19-fe6f-478b-a3aa-f780c2609b15.png,,"¡Bienvenida y bienvenido al curso Yo Prevengo la Violencia! ¿Sabías que la violencia tiene múltiples rostros y que todas y todos estamos expuestos a ella? En este curso identificarás distintos tipos de violencia y cómo puedes hacer para evitar que se presenten. 
  Nadie quiere vivir con violencia, porque la violencia afecta nuestra salud física y emocional, perjudica nuestras relaciones, y lacera los lazos de nuestra comunidad. 
  Aquí conocerás herramientas para enfrentar algunas violencias que se manifiestan en la vida cotidiana. ¡Enhorabuena!",0.0,,,,,,,,,,,,Aprende,,,,,,,,,,,,,True,,,,,,,,,
,,,,,,,,,,,,,,,,,,,Constructor de paz digital,,,,,,,,,,,,,,,,,,,,,,,,,,,Sociedad global,,,,,,,,,Intermediate,,,,,,,,,,,,,,es,,,,,,,,,,,,,,,,,,,USD,,,,https://aprende.org/cursos/view/100097,,,,,,,,,,,,https://fsvc.capacitateparaelempleo.org/CapacitateFS/coursesImages/2a2cbf43-f14f-42df-bdc7-352ac069e4b0.png,,"¡Bienvenido! 
 Dar voz a las causas sociales que no son tan visibles es un compromiso que tenemos como ciudadanos, velar por el bienestar colectivo es una responsabilidad social en la que debemos participar. Si te interesa saber más al respecto, dale clic e inicia esta capacitación.",0.0,,,,,,,,,,,,Aprende,,,,,,,,,,,,,True,,,,,,,,,
,,,,,,,,,,,,,,,,,,,Formación para conductores,,,,,,,,,,,,,,,,,,,,,,,,,,,Sociedad global,,,,,,,,,Beginner,,,,,,,,,,,,,,es,,,,,,,,,,,,,,,,,,,USD,,,,https://aprende.org/cursos/view/100207,,,,,,,,,,,,https://fsvc.capacitateparaelempleo.org/CapacitateFS/coursesImages/fc840a91-3732-4547-89b3-bd4f810ac9fd.png,,,0.0,,,,,,,,,,,,Aprende,,,,,,,,,,,,,True,,,,,,,,,
,,,,,,,,,,,,,,,,,,,Responsabilidad digital,,,,,,,,,,,,,,,,,,,,,,,,,,,Sociedad global,,,,,,,,,Beginner,,,,,,,,,,,,,,es,,,,,,,,,,,,,,,,,,,USD,,,,https://aprende.org/cursos/view/100209,,,,,,,,,,,,https://fsvc.capacitateparaelempleo.org/CapacitateFS/coursesImages/d537b9d5-aa26-4974-ab61-18899f397e67.png,,,0.0,,,,,,,,,,,,Aprende,,,,,,,,,,,,,True,,,,,,,,,
,,,,,,,,,,,,,,,,,,,Cuidados para el día a día,,,,,,,,,,,,,,,,,,,,,,,,,,,Sociedad global,,,,,,,,,Intermediate,,,,,,,,,,,,,,es,,,,,,,,,,,,,,,,,,,USD,,,,https://aprende.org/cursos/view/100900,,,,,,,,,,,,https://fsvc.capacitateparaelempleo.org/CapacitateFS/coursesImages/a53a7968-8280-4a75-82b6-121701b4aaba.png,,Cada día hay mucho que hacer y no siempre es claro por dónde empezar. En este curso verás qué atender primero y cómo cuidar lo que ya tienes. ¡Comienza aquí!,0.0,,,,,,,,,,,,Aprende,,,,,,,,,,,,,True,,,,,,,,,
,,,,,,,,,,,,,,,,,,,"Tu espacio, tu salud",,,,,,,,,,,,,,,,,,,,,,,,,,,Sociedad global,,,,,,,,,Intermediate,,,,,,,,,,,,,,es,,,,,,,,,,,,,,,,,,,USD,,,,https://aprende.org/cursos/view/100918,,,,,,,,,,,,https://fsvc.capacitateparaelempleo.org/CapacitateFS/coursesImages/aa6749fa-7045-48ab-ac8c-433d0d68144e.png,,Reconoce cómo las características físicas de tu vivienda que pueden influir en tu salud y seguridad para tomar decisiones que te ayuden a cuidar tu bienestar y el de quienes viven contigo.   ¡Bienvenido!,0.0,,,,,,,,,,,,Aprende,,,,,,,,,,,,,True,,,,,,,,,
,,,,,,,,,,,,,,,,,,,Steward,,,,,,,,,,,,,,,,,,,,,,,,,,,Turismo,,,,,,,,,Beginner,,,,,,,,,,,,,,es,,,,,,,,,,,,,,,,,,,USD,,,,https://aprende.org/cursos/view/97,,,,,,,,,,,,https://fsvc.capacitateparaelempleo.org/CapacitateFS/coursesImages/bfe848ff-8898-4d78-b62c-b8f2cef3311f.png,,"¡Bienvenido!  
  En esta capacitación obtendrás las herramientas básicas que te permitirán desempeñarte como Steward al realizar las actividades generales de limpieza de las diversas áreas, equipos y utensilios empleados en establecimientos turísticos y de alimentos y bebidas como hoteles, restaurantes y cruceros.  
  Aprende y actualiza tus conocimientos con los más altos estándares de servicio existentes en el sector turístico.  
  ¡Te deseamos éxito!",0.0,,,,,,,,,,,,Aprende,,,,,,,,,,,,,True,,,,,,,,,
,,,,,,,,,,,,,,,,,,,Anfitrión Turístico,,,,,,,,,,,,,,,,,,,,,,,,,,,Turismo,,,,,,,,,Beginner,,,,,,,,,,,,,,es,,,,,,,,,,,,,,,,,,,USD,,,,https://aprende.org/cursos/view/144,,,,,,,,,,,,https://fsvc.capacitateparaelempleo.org/CapacitateFS/coursesImages/0d9d8d50-7a30-467d-86f6-8e9d0be72377.png,,Conoce las características generales de un anfitrión de turismo.,0.0,,,,,,,,,,,,Aprende,,,,,,,,,,,,,True,,,,,,,,,
,,,,,,,,,,,,,,,,,,,Diseñador de oferta turística,,,,,,,,,,,,,,,,,,,,,,,,,,,Turismo,,,,,,,,,Beginner,,,,,,,,,,,,,,es,,,,,,,,,,,,,,,,,,,USD,,,,https://aprende.org/cursos/view/183,,,,,,,,,,,,https://fsvc.capacitateparaelempleo.org/CapacitateFS/coursesImages/8b77d569-0a70-45ff-922e-6c07eb911728.png,,"Aprende a planificar un negocio turístico, emprende y genera valor para tu comunidad con esta capacitación. ¡Bienvenido!",0.0,,,,,,,,,,,,Aprende,,,,,,,,,,,,,True,,,,,,,,,
,,,,,,,,,,,,,,,,,,,Promotor turístico,,,,,,,,,,,,,,,,,,,,,,,,,,,Turismo,,,,,,,,,Beginner,,,,,,,,,,,,,,es,,,,,,,,,,,,,,,,,,,USD,,,,https://aprende.org/cursos/view/188,,,,,,,,,,,,https://fsvc.capacitateparaelempleo.org/CapacitateFS/coursesImages/7a93a800-9b27-4b32-9ee3-03ced00ed18c.png,,"¡Bienvenido al curso! 
 Aquí aprenderás a construir actividades y recorridos turísticos, tomando en consideración las necesidades del turista y los lineamientos de seguridad. 
 ¡Éxito en tu capacitación!",0.0,,,,,,,,,,,,Aprende,,,,,,,,,,,,,True,,,,,,,,,
,,,,,,,,,,,,,,,,,,,Introducción al ecoturismo,,,,,,,,,,,,,,,,,,,,,,,,,,,Turismo,,,,,,,,,Beginner,,,,,,,,,,,,,,es,,,,,,,,,,,,,,,,,,,USD,,,,https://aprende.org/cursos/view/245,,,,,,,,,,,,https://fsvc.capacitateparaelempleo.org/CapacitateFS/coursesImages/198edcc2-d247-42be-96c6-ade9109c035e.png,,"El ecoturismo es una práctica sostenible que promueve la admiración y disfrute de la naturaleza a partir del conocimiento de la importancia de su conservación, si vives en un lugar rodeado de naturaleza, aprende a aprovechar los recursos para generar ingresos económicos sin poner en riesgo la biodiversidad. ¡Empieza ya tu capacitación!",0.0,,,,,,,,,,,,Aprende,,,,,,,,,,,,,True,,,,,,,,,
,,,,,,,,,,,,,,,,,,,Bodeguero (Restaurante),,,,,,,,,,,,,,,,,,,,,,,,,,,Turismo,,,,,,,,,Beginner,,,,,,,,,,,,,,es,,,,,,,,,,,,,,,,,,,USD,,,,https://aprende.org/cursos/view/100106,,,,,,,,,,,,https://fsvc.capacitateparaelempleo.org/CapacitateFS/coursesImages/44039e95-f20d-44cf-b5e8-647d532dcadf.png,,,0.0,,,,,,,,,,,,Aprende,,,,,,,,,,,,,True,,,,,,,,,
,,,,,,,,,,,,,,,,,,,Cocinero,,,,,,,,,,,,,,,,,,,,,,,,,,,Turismo,,,,,,,,,Beginner,,,,,,,,,,,,,,es,,,,,,,,,,,,,,,,,,,USD,,,,https://aprende.org/cursos/view/100107,,,,,,,,,,,,https://fsvc.capacitateparaelempleo.org/CapacitateFS/coursesImages/03bdaa83-d3cf-4c59-ad1e-3306c9a02503.png,,,0.0,,,,,,,,,,,,Aprende,,,,,,,,,,,,,True,,,,,,,,,
,,,,,,,,,,,,,,,,,,,Académica Labs,,,,,,,,,,,,,,,,,,,,,,,,,,,Turismo,,,,,,,,,Beginner,,,,,,,,,,,,,,es,,,,,,,,,,,,,,,,,,,USD,,,,https://aprende.org/cursos/view/100852,,,,,,,,,,,,,,,0.0,,,,,,,,,,,,Aprende,,,,,,,,,,,,,True,,,,,,,,,
,,,,,,,,,,,,,,,,,,,Cosecha y cultivo de agua,,,,,,,,,,,,,,,,,,,,,,,,,,,Sustentabilidad,,,,,,,,,Beginner,,,,,,,,,,,,,,es,,,,,,,,,,,,,,,,,,,USD,,,,https://aprende.org/cursos/view/95,,,,,,,,,,,,https://fsvc.capacitateparaelempleo.org/CapacitateFS/coursesImages/98acc325-9c04-4eac-bfbc-140247b55bac.png,,"¡Bienvenido! 
 Aprende a instalar sistemas de captación de agua.",0.0,,,,,,,,,,,,Aprende,,,,,,,,,,,,,True,,,,,,,,,
,,,,,,,,,,,,,,,,,,,Técnico en manejo de residuos sólidos urbanos,,,,,,,,,,,,,,,,,,,,,,,,,,,Sustentabilidad,,,,,,,,,Beginner,,,,,,,,,,,,,,es,,,,,,,,,,,,,,,,,,,USD,,,,https://aprende.org/cursos/view/128,,,,,,,,,,,,https://fsvc.capacitateparaelempleo.org/CapacitateFS/coursesImages/dd680030-0b0a-4669-8b48-5a20c9f37758.png,,"¡Bienvenido! 
 En esta capacitación adquirirás las herramientas necesarias para dar disposición a los residuos, desde su recolección hasta su disposición final en rellenos sanitarios, granjas o industria y así aminorar el impacto que estos generan en el medio ambiente.  
 ¡Éxito en tu capacitación!",0.0,,,,,,,,,,,,Aprende,,,,,,,,,,,,,True,,,,,,,,,
,,,,,,,,,,,,,,,,,,,Técnico en reciclaje,,,,,,,,,,,,,,,,,,,,,,,,,,,Sustentabilidad,,,,,,,,,Beginner,,,,,,,,,,,,,,es,,,,,,,,,,,,,,,,,,,USD,,,,https://aprende.org/cursos/view/130,,,,,,,,,,,,https://fsvc.capacitateparaelempleo.org/CapacitateFS/coursesImages/10398b6e-8f95-4c0f-b3c2-df27df668f0c.png,,"¡Bienvenido! 
 Ser un técnico en reciclaje es una gran responsabilidad, ya que no solo tiene un impacto en tu economía, sino que además, te permitirá propiciar un cambio en tu entorno, en tu estilo de vida y en el medio ambiente. 
 ¡Éxito en tu capacitación!",0.0,,,,,,,,,,,,Aprende,,,,,,,,,,,,,True,,,,,,,,,
,,,,,,,,,,,,,,,,,,,Instalador de techos verdes,,,,,,,,,,,,,,,,,,,,,,,,,,,Sustentabilidad,,,,,,,,,Beginner,,,,,,,,,,,,,,es,,,,,,,,,,,,,,,,,,,USD,,,,https://aprende.org/cursos/view/131,,,,,,,,,,,,https://fsvc.capacitateparaelempleo.org/CapacitateFS/coursesImages/92cb5ea6-41bf-44a5-96bc-039c3ccac6b5.png,,"Aprende los diversos beneficios que podrás generar a tus clientes al capacitarte como instalador de techos verdes. 
 ¡Bienvenido!",0.0,,,,,,,,,,,,Aprende,,,,,,,,,,,,,True,,,,,,,,,
,,,,,,,,,,,,,,,,,,,Cálculo de huella de carbono,,,,,,,,,,,,,,,,,,,,,,,,,,,Sustentabilidad,,,,,,,,,Beginner,,,,,,,,,,,,,,es,,,,,,,,,,,,,,,,,,,USD,,,,https://aprende.org/cursos/view/217,,,,,,,,,,,,https://fsvc.capacitateparaelempleo.org/CapacitateFS/coursesImages/2a940ec7-ad73-499f-8d0f-17f9bd4c909e.png,,Aprende sobre las consecuencias que tienen tus actividades diarias para el planeta y cómo disminuir tus emisiones de carbono que contribuyen en el cambio climático.,0.0,,,,,,,,,,,,Aprende,,,,,,,,,,,,,True,,,,,,,,,
,,,,,,,,,,,,,,,,,,,Cálculo de huella ecológica,,,,,,,,,,,,,,,,,,,,,,,,,,,Sustentabilidad,,,,,,,,,Beginner,,,,,,,,,,,,,,es,,,,,,,,,,,,,,,,,,,USD,,,,https://aprende.org/cursos/view/218,,,,,,,,,,,,https://fsvc.capacitateparaelempleo.org/CapacitateFS/coursesImages/b0112fe8-2c83-4802-84b8-d64f3ad6ccfb.png,,"Conoce las consecuencias que tiene tu consumo actual de recursos como agua, energía, alimentos, ropa, entre otros para el planeta con el cálculo de huella ecológica.",0.0,,,,,,,,,,,,Aprende,,,,,,,,,,,,,True,,,,,,,,,
,,,,,,,,,,,,,,,,,,,Cálculo de huella hídrica,,,,,,,,,,,,,,,,,,,,,,,,,,,Sustentabilidad,,,,,,,,,Beginner,,,,,,,,,,,,,,es,,,,,,,,,,,,,,,,,,,USD,,,,https://aprende.org/cursos/view/233,,,,,,,,,,,,https://fsvc.capacitateparaelempleo.org/CapacitateFS/coursesImages/98d2775b-f823-4c28-9e49-6cc285aeb3e2.png,,Determina tu consumo actual de agua y las consecuencias que tiene a gran escala con el cálculo de huella hídrica.,0.0,,,,,,,,,,,,Aprende,,,,,,,,,,,,,True,,,,,,,,,
,,,,,,,,,,,,,,,,,,,Auxiliar en la calidad del aire en interiores,,,,,,,,,,,,,,,,,,,,,,,,,,,Sustentabilidad,,,,,,,,,Beginner,,,,,,,,,,,,,,es,,,,,,,,,,,,,,,,,,,USD,,,,https://aprende.org/cursos/view/235,,,,,,,,,,,,https://fsvc.capacitateparaelempleo.org/CapacitateFS/coursesImages/5038e308-d235-4e69-a20e-8d2d6d56b36f.png,,"¡Bienvenido! En esta capacitación aprenderás los elementos indispensables para monitorear y mejorar la calidad del aire en ambientes cerrados; además, aprenderás a emplear buenas prácticas y acciones que te permitan minimizar tu exposición a contaminantes del aire para mejorar tu calidad de vida.  ¡Te deseamos mucho éxito!",0.0,,,,,,,,,,,,Aprende,,,,,,,,,,,,,True,,,,,,,,,
,,,,,,,,,,,,,,,,,,,Gobernanza del aire,,,,,,,,,,,,,,,,,,,,,,,,,,,Sustentabilidad,,,,,,,,,Beginner,,,,,,,,,,,,,,es,,,,,,,,,,,,,,,,,,,USD,,,,https://aprende.org/cursos/view/236,,,,,,,,,,,,https://fsvc.capacitateparaelempleo.org/CapacitateFS/coursesImages/eac3cd87-9cd4-42ba-95e6-c1fa9c0d86be.png,,Conoce las consecuencias que tiene la calidad del aire que respiras para tu salud y cómo cuidarte.,0.0,,,,,,,,,,,,Aprende,,,,,,,,,,,,,True,,,,,,,,,
,,,,,,,,,,,,,,,,,,,Gobernanza del agua,,,,,,,,,,,,,,,,,,,,,,,,,,,Sustentabilidad,,,,,,,,,Beginner,,,,,,,,,,,,,,es,,,,,,,,,,,,,,,,,,,USD,,,,https://aprende.org/cursos/view/274,,,,,,,,,,,,https://fsvc.capacitateparaelempleo.org/CapacitateFS/coursesImages/f9f8e2c2-e0dd-4aca-b3e7-41aafac045fb.png,,"Bienvenido 
 En este curso aprenderás cómo fluye el agua de manera cíclica, qué significa que el agua sea un derecho fundamental, cómo saber si el agua es de calidad, cómo las plantas de tratamiento purifican agua y qué acciones puedes realizar para cuidarla. 
 ¡Éxito en tu capacitación!",0.0,,,,,,,,,,,,Aprende,,,,,,,,,,,,,True,,,,,,,,,
,,,,,,,,,,,,,,,,,,,Cultura ambiental,,,,,,,,,,,,,,,,,,,,,,,,,,,Sustentabilidad,,,,,,,,,Beginner,,,,,,,,,,,,,,es,,,,,,,,,,,,,,,,,,,USD,,,,https://aprende.org/cursos/view/275,,,,,,,,,,,,https://fsvc.capacitateparaelempleo.org/CapacitateFS/coursesImages/8b5af7a9-9434-4a94-88dc-1d67da019235.png,,¡Bienvenido! En este curso aprenderás los elementos indispensables para identificar la problemática en el medio ambiente debido a los factores humanos y cómo puedes participar para reducirlos.   ¡Te deseamos mucho éxito!,0.0,,,,,,,,,,,,Aprende,,,,,,,,,,,,,True,,,,,,,,,
,,,,,,,,,,,,,,,,,,,Concentración de agentes contaminantes en el aire,,,,,,,,,,,,,,,,,,,,,,,,,,,Sustentabilidad,,,,,,,,,Beginner,,,,,,,,,,,,,,es,,,,,,,,,,,,,,,,,,,USD,,,,https://aprende.org/cursos/view/310,,,,,,,,,,,,https://fsvc.capacitateparaelempleo.org/CapacitateFS/coursesImages/39bf5038-85f9-4eae-a3bc-60b17ce58a08.png,,"Da clic sobre la imagen para descargar el documento.  
   
  Si no puedes ver la imagen da clic en este enlace   ""Concentración de agentes contaminantes en el aire""",0.0,,,,,,,,,,,,Aprende,,,,,,,,,,,,,True,,,,,,,,,
,,,,,,,,,,,,,,,,,,,Asesor de generación de residuos cero,,,,,,,,,,,,,,,,,,,,,,,,,,,Sustentabilidad,,,,,,,,,Beginner,,,,,,,,,,,,,,es,,,,,,,,,,,,,,,,,,,USD,,,,https://aprende.org/cursos/view/322,,,,,,,,,,,,https://fsvc.capacitateparaelempleo.org/CapacitateFS/coursesImages/d0989902-fdfe-4261-802b-bb15fe5d8201.png,,¡Bienvenido! En este curso aprenderás a crear programas a la medida para instituciones públicas y privadas para migrar a un modelo de Residuos Cero.,0.0,,,,,,,,,,,,Aprende,,,,,,,,,,,,,True,,,,,,,,,
,,,,,,,,,,,,,,,,,,,Economía circular,,,,,,,,,,,,,,,,,,,,,,,,,,,Sustentabilidad,,,,,,,,,Beginner,,,,,,,,,,,,,,es,,,,,,,,,,,,,,,,,,,USD,,,,https://aprende.org/cursos/view/323,,,,,,,,,,,,https://fsvc.capacitateparaelempleo.org/CapacitateFS/coursesImages/45ebc584-31b4-42b9-88f0-8a6f7f7650d0.png,,"¡Bienvenido! 
 En esta capacitación aprenderás los elementos básicos para entender qué es la economía circular y qué alternativas y acciones se deben aplicar. 
 ¡Te deseamos mucho éxito!",0.0,,,,,,,,,,,,Aprende,,,,,,,,,,,,,True,,,,,,,,,
,,,,,,,,,,,,,,,,,,,Consumo sostenible,,,,,,,,,,,,,,,,,,,,,,,,,,,Sustentabilidad,,,,,,,,,Beginner,,,,,,,,,,,,,,es,,,,,,,,,,,,,,,,,,,USD,,,,https://aprende.org/cursos/view/347,,,,,,,,,,,,https://fsvc.capacitateparaelempleo.org/CapacitateFS/coursesImages/c5fb77ac-4101-408f-a4aa-89d0f96acc07.png,,Iniciar un consumo responsable y sostenible es necesario para contribuir individualmente en la lucha contra la contaminación y cambio climático. Aprende cómo mejorar tus hábitos para apoyar esta iniciativa.,0.0,,,,,,,,,,,,Aprende,,,,,,,,,,,,,True,,,,,,,,,
,,,,,,,,,,,,,,,,,,,Potabilización del agua,,,,,,,,,,,,,,,,,,,,,,,,,,,Sustentabilidad,,,,,,,,,Beginner,,,,,,,,,,,,,,es,,,,,,,,,,,,,,,,,,,USD,,,,https://aprende.org/cursos/view/354,,,,,,,,,,,,https://fsvc.capacitateparaelempleo.org/CapacitateFS/coursesImages/3fcd8771-550d-49ff-9389-000f373e58e0.png,,"¡Bienvenido! En esta capacitación aprenderás a crear y diseñar tu propio sistema de purificación de agua, apegándote a la normatividad vigente en tu país y garantizar así la calidad del agua.",0.0,,,,,,,,,,,,Aprende,,,,,,,,,,,,,True,,,,,,,,,
,,,,,,,,,,,,,,,,,,,Técnico en agua residual (doméstico),,,,,,,,,,,,,,,,,,,,,,,,,,,Sustentabilidad,,,,,,,,,Beginner,,,,,,,,,,,,,,es,,,,,,,,,,,,,,,,,,,USD,,,,https://aprende.org/cursos/view/361,,,,,,,,,,,,https://fsvc.capacitateparaelempleo.org/CapacitateFS/coursesImages/884098e3-fa24-4082-b492-03c0b03432b5.png,,"¡Bienvenido! 
 Con este curso, aprenderás el proceso de trabajo, equipo y medidas de seguridad que debes acatar para asegurar tu salud e integridad física durante los trabajos de instalación de sistemas de tratamiento de agua residual en una vivienda. 
 ¡Te deseamos mucho éxito!",0.0,,,,,,,,,,,,Aprende,,,,,,,,,,,,,True,,,,,,,,,
,,,,,,,,,,,,,,,,,,,Decisiones inteligentes para la protección del medio ambiente,,,,,,,,,,,,,,,,,,,,,,,,,,,Sustentabilidad,,,,,,,,,Beginner,,,,,,,,,,,,,,es,,,,,,,,,,,,,,,,,,,USD,,,,https://aprende.org/cursos/view/364,,,,,,,,,,,,https://fsvc.capacitateparaelempleo.org/CapacitateFS/coursesImages/1eb1da92-a8f2-4e86-89ae-62f626084c8b.png,,¡Bienvenido! En este curso podrás aprender a tomar decisiones encaminadas al cuidado del ambiente.,0.0,,,,,,,,,,,,Aprende,,,,,,,,,,,,,True,,,,,,,,,
,,,,,,,,,,,,,,,,,,,Buenas prácticas para el ahorro de agua,,,,,,,,,,,,,,,,,,,,,,,,,,,Sustentabilidad,,,,,,,,,Beginner,,,,,,,,,,,,,,es,,,,,,,,,,,,,,,,,,,USD,,,,https://aprende.org/cursos/view/387,,,,,,,,,,,,https://fsvc.capacitateparaelempleo.org/CapacitateFS/coursesImages/c588b88a-4e5d-4747-ae5b-4647daedcfaf.png,,"¡Bienvenido! 
 Aprende todas las pequeñas acciones que puedes implementar que tienen un gran impacto positivo en la disminución del calentamiento global, al aplicar buenas prácticas para el ahorro del agua.",0.0,,,,,,,,,,,,Aprende,,,,,,,,,,,,,True,,,,,,,,,
,,,,,,,,,,,,,,,,,,,Recuperación de cuerpos de agua,,,,,,,,,,,,,,,,,,,,,,,,,,,Sustentabilidad,,,,,,,,,Beginner,,,,,,,,,,,,,,es,,,,,,,,,,,,,,,,,,,USD,,,,https://aprende.org/cursos/view/388,,,,,,,,,,,,https://fsvc.capacitateparaelempleo.org/CapacitateFS/coursesImages/2992710f-658f-4ce5-b7c7-09b7e088e745.png,,"La recuperación de cuerpos de agua es una labor multidisciplinaria que involucra el estudio y evaluación de las condiciones hídricas, geográficas, climáticas y antropogénicas que influyen en el desarrollo y ciclo natural del agua para ofrecer intervenciones de conservación, restauración o recuperación de los ecosistemas acuáticos.",0.0,,,,,,,,,,,,Aprende,,,,,,,,,,,,,True,,,,,,,,,
,,,,,,,,,,,,,,,,,,,Diseño de embalajes sostenibles,,,,,,,,,,,,,,,,,,,,,,,,,,,Sustentabilidad,,,,,,,,,Beginner,,,,,,,,,,,,,,es,,,,,,,,,,,,,,,,,,,USD,,,,https://aprende.org/cursos/view/100074,,,,,,,,,,,,https://fsvc.capacitateparaelempleo.org/CapacitateFS/coursesImages/02953283-23f8-4693-b980-c289b70bd30a.png,,"¡Bienvenido! 
 En este curso podrás encontrar los elementos que necesitas para cambiar tus embalajes a unos sostenibles que impacten de manera positiva en tus ventas y en el medio ambiente.",0.0,,,,,,,,,,,,Aprende,,,,,,,,,,,,,True,,,,,,,,,
,,,,,,,,,,,,,,,,,,,Contaminación acústica,,,,,,,,,,,,,,,,,,,,,,,,,,,Sustentabilidad,,,,,,,,,Intermediate,,,,,,,,,,,,,,es,,,,,,,,,,,,,,,,,,,USD,,,,https://aprende.org/cursos/view/100099,,,,,,,,,,,,https://fsvc.capacitateparaelempleo.org/CapacitateFS/coursesImages/1d3109d4-afe7-4af5-ad54-a72513340a14.png,,"¡Bienvenido! 
 La contaminación acústica es un problema que cada vez crece más. Por ello, es importante tomar conciencia sobre los efectos negativos que este tipo de contaminación tiene sobre la salud. Al cursar este complemento, podrás identificar qué es la contaminación acústica, sus causas, consecuencias, las medidas de prevención y posibles soluciones. Con ello, podrás fomentar una cultura de respeto que permita disminuir la contaminación acústica en tu entorno.",0.0,,,,,,,,,,,,Aprende,,,,,,,,,,,,,True,,,,,,,,,
,,,,,,,,,,,,,,,,,,,Huella digital,,,,,,,,,,,,,,,,,,,,,,,,,,,Sustentabilidad,,,,,,,,,Beginner,,,,,,,,,,,,,,es,,,,,,,,,,,,,,,,,,,USD,,,,https://aprende.org/cursos/view/100208,,,,,,,,,,,,https://fsvc.capacitateparaelempleo.org/CapacitateFS/coursesImages/3d276de5-7a31-4073-8ece-d266fb79dea6.png,,,0.0,,,,,,,,,,,,Aprende,,,,,,,,,,,,,True,,,,,,,,,
,,,,,,,,,,,,,,,,,,,Controlador de plagas en espacios urbanos,,,,,,,,,,,,,,,,,,,,,,,,,,,Sustentabilidad,,,,,,,,,Intermediate,,,,,,,,,,,,,,es,,,,,,,,,,,,,,,,,,,USD,,,,https://aprende.org/cursos/view/100214,,,,,,,,,,,,https://fsvc.capacitateparaelempleo.org/CapacitateFS/coursesImages/18635e61-15d4-4794-8e70-81c99a4ca7b7.png,,¡Bienvenido! En esta capacitación aprenderás técnicas eficaces y seguras para desarrollarte como un controlador de plagas en espacios urbanos. ¡Te deseamos mucho éxito!,0.0,,,,,,,,,,,,Aprende,,,,,,,,,,,,,True,,,,,,,,,
,,,,,,,,,,,,,,,,,,,Ahorro de energía (casa y oficina),,,,,,,,,,,,,,,,,,,,,,,,,,,Energía,,,,,,,,,Beginner,,,,,,,,,,,,,,es,,,,,,,,,,,,,,,,,,,USD,,,,https://aprende.org/cursos/view/129,,,,,,,,,,,,https://fsvc.capacitateparaelempleo.org/CapacitateFS/coursesImages/1140d192-60b5-447d-b73a-3d95e62f7ff9.png,,"Adquiere hábitos sencillos pero trascendentales para implementar una cultura del ahorro y el uso eficiente de la energía en tu vida cotidiana, tanto en casa como en el trabajo.",0.0,,,,,,,,,,,,Aprende,,,,,,,,,,,,,True,,,,,,,,,
,,,,,,,,,,,,,,,,,,,Asesor de energías renovables,,,,,,,,,,,,,,,,,,,,,,,,,,,Energía,,,,,,,,,Beginner,,,,,,,,,,,,,,es,,,,,,,,,,,,,,,,,,,USD,,,,https://aprende.org/cursos/view/136,,,,,,,,,,,,https://fsvc.capacitateparaelempleo.org/CapacitateFS/coursesImages/248888ba-1e5e-4d87-8e77-6c39c45eae5c.png,,En esta capacitación aprenderás los elementos indispensables para  asesorar a los clientes cuando deseen adquirir un sistema de generación de energía renovable  para uso residencial.  ¡Te deseamos mucho éxito!,0.0,,,,,,,,,,,,Aprende,,,,,,,,,,,,,True,,,,,,,,,
,,,,,,,,,,,,,,,,,,,Instalador de paneles solares,,,,,,,,,,,,,,,,,,,,,,,,,,,Energía,,,,,,,,,Beginner,,,,,,,,,,,,,,es,,,,,,,,,,,,,,,,,,,USD,,,,https://aprende.org/cursos/view/140,,,,,,,,,,,,https://fsvc.capacitateparaelempleo.org/CapacitateFS/coursesImages/055d7219-2905-4bd7-92fe-204f98399443.png,,"El instalador de paneles solares es un profesional preparado para ayudar en la resolución de las crecientes demandas energéticas mediante la implementación de dispositivos que aprovechan las energías renovables en entornos rurales y urbanos. 
 Logra un desempeño satisfactorio de su trabajo aplicando conocimientos del área de la electricidad  ( Electricista ) y en otras técnicas involucradas en la construcción ( Albañil ,  Instalador de tejados ,  Plomero  y  Soldador ).",0.0,,,,,,,,,,,,Aprende,,,,,,,,,,,,,True,,,,,,,,,
,,,,,,,,,,,,,,,,,,,Técnico en instalación de energía eólica,,,,,,,,,,,,,,,,,,,,,,,,,,,Energía,,,,,,,,,Beginner,,,,,,,,,,,,,,es,,,,,,,,,,,,,,,,,,,USD,,,,https://aprende.org/cursos/view/237,,,,,,,,,,,,https://fsvc.capacitateparaelempleo.org/CapacitateFS/coursesImages/7736a148-b02c-4674-a2f9-3b90489390f0.png,,El técnico en instalación de energía eólica es un profesional preparado para ayudar en la resolución de las crecientes demandas energéticas mediante la implementación de energías renovables en entornos rurales y urbanos. Logra un desempeño satisfactorio de su trabajo aplicando conocimientos en el área de la  electricidad  y otras materias relacionadas con la construcción.,0.0,,,,,,,,,,,,Aprende,,,,,,,,,,,,,True,,,,,,,,,
,,,,,,,,,,,,,,,,,,,Técnico en instalación de calentadores solares,,,,,,,,,,,,,,,,,,,,,,,,,,,Energía,,,,,,,,,Beginner,,,,,,,,,,,,,,es,,,,,,,,,,,,,,,,,,,USD,,,,https://aprende.org/cursos/view/244,,,,,,,,,,,,https://fsvc.capacitateparaelempleo.org/CapacitateFS/coursesImages/69631486-e517-4d5b-a905-f20419c65f5b.png,,"El técnico en instalación de calentadores solares es un profesional preparado para resolver las demandas de agua caliente mediante la implementación de energías alternativas en entornos rurales y urbanos. Las cuales permiten que sus clientes recuperen la inversión después de 3 o 4 años, gracias al ahorro que representa en el gasto de energía eléctrica o gas.",0.0,,,,,,,,,,,,Aprende,,,,,,,,,,,,,True,,,,,,,,,
,,,,,,,,,,,,,,,,,,,Almacenamiento de energías renovables en baterías,,,,,,,,,,,,,,,,,,,,,,,,,,,Energía,,,,,,,,,Beginner,,,,,,,,,,,,,,es,,,,,,,,,,,,,,,,,,,USD,,,,https://aprende.org/cursos/view/300,,,,,,,,,,,,https://fsvc.capacitateparaelempleo.org/CapacitateFS/coursesImages/a65635ae-ab68-4590-be3a-03c832f1b9d1.png,,"¡Bienvenido! 
 En este curso adquirirás las herramientas necesarias para calcular y diseñar un sistema de almacenamiento aplicable a algunos sistemas de producción de energía renovable utilizando baterías.",0.0,,,,,,,,,,,,Aprende,,,,,,,,,,,,,True,,,,,,,,,
,,,,,,,,,,,,,,,,,,,Energía hidroeléctrica para autoconsumo,,,,,,,,,,,,,,,,,,,,,,,,,,,Energía,,,,,,,,,Intermediate,,,,,,,,,,,,,,es,,,,,,,,,,,,,,,,,,,USD,,,,https://aprende.org/cursos/view/100094,,,,,,,,,,,,https://fsvc.capacitateparaelempleo.org/CapacitateFS/coursesImages/7cb85ffc-1f16-4116-ad07-ccf6efcd40a6.png,,"¡Bienvenido! 
 En esta capacitación aprenderás las bases para diseñar e instalar un sistema hidroeléctrico para energizar una vivienda. 
 ¡Te deseamos mucho éxito!",0.0,,,,,,,,,,,,Aprende,,,,,,,,,,,,,True,,,,,,,,,
,,,,,,,,,,,,,,,,,,,Productor de cultivos energéticos,,,,,,,,,,,,,,,,,,,,,,,,,,,Energía,,,,,,,,,Intermediate,,,,,,,,,,,,,,es,,,,,,,,,,,,,,,,,,,USD,,,,https://aprende.org/cursos/view/100095,,,,,,,,,,,,https://fsvc.capacitateparaelempleo.org/CapacitateFS/coursesImages/4627ca18-3b19-4f27-b131-89ab49088d7c.png,,"¡Bienvenido! 
 En este curso encontrarás las bases para formar un cultivo energético de primera generación. Descubre cuáles son las especies más utilizadas y cómo se transforman en biocombustibles. Te deseamos mucho éxito en tu capacitación.",0.0,,,,,,,,,,,,Aprende,,,,,,,,,,,,,True,,,,,,,,,
,,,,,,,,,,,,,,,,,,,Productor de biomasa,,,,,,,,,,,,,,,,,,,,,,,,,,,Energía,,,,,,,,,Intermediate,,,,,,,,,,,,,,es,,,,,,,,,,,,,,,,,,,USD,,,,https://aprende.org/cursos/view/100324,,,,,,,,,,,,https://fsvc.capacitateparaelempleo.org/CapacitateFS/coursesImages/b652774b-9e24-4749-b4d2-67f026f7401e.png,,"¡Bienvenido!  
 La biomasa es una fuente de energía con una gran cantidad de aplicaciones tanto a nivel residencial como industrial, además, genera diversos beneficios a la sociedad y al medio ambiente.  ¡Mucho éxito en tu capacitación!.",0.0,,,,,,,,,,,,Aprende,,,,,,,,,,,,,True,,,,,,,,,
,,,,,,,,,,,,,,,,,,,Tu negocio en Internet,,,,,,,,,,,,,,,,,,,,,,,,,,,Digitalízate,,,,,,,,,Beginner,,,,,,,,,,,,,,es,,,,,,,,,,,,,,,,,,,USD,,,,https://aprende.org/cursos/view/343,,,,,,,,,,,,https://fsvc.capacitateparaelempleo.org/CapacitateFS/coursesImages/d98770c6-278c-4959-b112-24f1e9a28ba5.png,,"Las nuevas tendencias en el mercado son las ventas en línea, las cuales requieren distintas plataformas y estrategias para llegar a los clientes, descubre todo lo necesario para crear tu negocio en internet.",0.0,,,,,,,,,,,,Aprende,,,,,,,,,,,,,True,,,,,,,,,
,,,,,,,,,,,,,,,,,,,Tus Clientes en Internet,,,,,,,,,,,,,,,,,,,,,,,,,,,Digitalízate,,,,,,,,,Beginner,,,,,,,,,,,,,,es,,,,,,,,,,,,,,,,,,,USD,,,,https://aprende.org/cursos/view/344,,,,,,,,,,,,https://fsvc.capacitateparaelempleo.org/CapacitateFS/coursesImages/5a07a534-149f-4ade-8ed2-26010d6a82a5.png,,¡Bienvenido! En este complemento aprenderás a dar publicidad y manejar a los clientes potenciales al brindar un buen servicio siguiendo protocolos para su atención.,0.0,,,,,,,,,,,,Aprende,,,,,,,,,,,,,True,,,,,,,,,
,,,,,,,,,,,,,,,,,,,Transacciones electrónicas,,,,,,,,,,,,,,,,,,,,,,,,,,,Digitalízate,,,,,,,,,Beginner,,,,,,,,,,,,,,es,,,,,,,,,,,,,,,,,,,USD,,,,https://aprende.org/cursos/view/345,,,,,,,,,,,,https://fsvc.capacitateparaelempleo.org/CapacitateFS/coursesImages/f5cad500-4624-4d3d-b253-11a1e11e4666.png,,"Las tendencias de pago y cobro requieren el uso de aplicaciones y dispositivos de cobro electrónico, descubre cómo mantener e incluso incrementar las ventas de tu negocio físico o digital.",0.0,,,,,,,,,,,,Aprende,,,,,,,,,,,,,True,,,,,,,,,
,,,,,,,,,,,,,,,,,,,¿Trabajo remoto?,,,,,,,,,,,,,,,,,,,,,,,,,,,Digitalízate,,,,,,,,,Beginner,,,,,,,,,,,,,,es,,,,,,,,,,,,,,,,,,,USD,,,,https://aprende.org/cursos/view/346,,,,,,,,,,,,https://fsvc.capacitateparaelempleo.org/CapacitateFS/coursesImages/2f7115a3-50f6-4b20-a9b9-09413908f19e.png,,El trabajo estará donde estés tú o tú estarás donde esté el trabajo. Es tu decisión.,0.0,,,,,,,,,,,,Aprende,,,,,,,,,,,,,True,,,,,,,,,
,,,,,,,,,,,,,,,,,,,Analista en mercadotecnia de motores de búsqueda (SEM),,,,,,,,,,,,,,,,,,,,,,,,,,,Digitalízate,,,,,,,,,Beginner,,,,,,,,,,,,,,es,,,,,,,,,,,,,,,,,,,USD,,,,https://aprende.org/cursos/view/360,,,,,,,,,,,,https://fsvc.capacitateparaelempleo.org/CapacitateFS/coursesImages/2a941dbb-c7e3-4ca0-b928-e14e449ed40f.png,,"¡Bienvenido! 
 Explica la importancia y el contexto de la metodología SEM  para crear publicidad digital patrocinada en el entorno web.",0.0,,,,,,,,,,,,Aprende,,,,,,,,,,,,,True,,,,,,,,,
,,,,,,,,,,,,,,,,,,,Trámites por internet,,,,,,,,,,,,,,,,,,,,,,,,,,,Digitalízate,,,,,,,,,Intermediate,,,,,,,,,,,,,,es,,,,,,,,,,,,,,,,,,,USD,,,,https://aprende.org/cursos/view/100003,,,,,,,,,,,,https://fsvc.capacitateparaelempleo.org/CapacitateFS/coursesImages/f047a422-0e54-4503-8d73-9aa8774a3602.png,,"¡Bienvenido! 
 Los trámites burocráticos se han modernizado. Ahora puedes expedir documentos oficiales, hacer pagos o agendar citas en línea para ahorrar tiempo y filas. Toma esta capacitación y aprovecha las herramientas digitales para facilitar tu vida.",0.0,,,,,,,,,,,,Aprende,,,,,,,,,,,,,True,,,,,,,,,
,,,,,,,,,,,,,,,,,,,Uso de asistentes virtuales,,,,,,,,,,,,,,,,,,,,,,,,,,,Digitalízate,,,,,,,,,Beginner,,,,,,,,,,,,,,es,,,,,,,,,,,,,,,,,,,USD,,,,https://aprende.org/cursos/view/100065,,,,,,,,,,,,https://fsvc.capacitateparaelempleo.org/CapacitateFS/coursesImages/dcfe0a34-373e-4754-8965-7301d9bb9941.png,,"¡Bienvenido! 
 En esta capacitación podrás identificar las tareas que puedes realizar con los asistentes virtuales y configurarlos para que faciliten tus actividades diarias.   
 ¡Te deseamos mucho éxito!",0.0,,,,,,,,,,,,Aprende,,,,,,,,,,,,,True,,,,,,,,,
,,,,,,,,,,,,,,,,,,,Analista de optimización en motores de búsqueda (SEO),,,,,,,,,,,,,,,,,,,,,,,,,,,Digitalízate,,,,,,,,,Beginner,,,,,,,,,,,,,,es,,,,,,,,,,,,,,,,,,,USD,,,,https://aprende.org/cursos/view/100210,,,,,,,,,,,,https://fsvc.capacitateparaelempleo.org/CapacitateFS/coursesImages/04d476ad-eb1e-496a-8092-28483130cd9c.png,,,0.0,,,,,,,,,,,,Aprende,,,,,,,,,,,,,True,,,,,,,,,
,,,,,,,,,,,,,,,,,,,Mejora de procesos,,,,,,,,,,,,,,,,,,,,,,,,,,,Formación para personas con discapacidad intelectual,,,,,,,,,Beginner,,,,,,,,,,,,,,es,,,,,,,,,,,,,,,,,,,USD,,,,https://aprende.org/cursos/view/172,,,,,,,,,,,,https://fsvc.capacitateparaelempleo.org/CapacitateFS/coursesImages/62e82a74-52b7-4d10-be0a-69f305ceb942.png,,,0.0,,,,,,,,,,,,Aprende,,,,,,,,,,,,,True,,,,,,,,,
,,,,,,,,,,,,,,,,,,,Elaboración de CV,,,,,,,,,,,,,,,,,,,,,,,,,,,Formación para personas con discapacidad intelectual,,,,,,,,,Beginner,,,,,,,,,,,,,,es,,,,,,,,,,,,,,,,,,,USD,,,,https://aprende.org/cursos/view/179,,,,,,,,,,,,https://fsvc.capacitateparaelempleo.org/CapacitateFS/coursesImages/b35a315d-ead6-430a-8531-f9579bde0c08.png,,[PDF]https://capacitateparaelempleo.org/assets/zp0ae2m.pdf[/PDF],0.0,,,,,,,,,,,,Aprende,,,,,,,,,,,,,True,,,,,,,,,
,,,,,,,,,,,,,,,,,,,Medidas generales de higiene,,,,,,,,,,,,,,,,,,,,,,,,,,,Formación para personas con discapacidad intelectual,,,,,,,,,Beginner,,,,,,,,,,,,,,es,,,,,,,,,,,,,,,,,,,USD,,,,https://aprende.org/cursos/view/328,,,,,,,,,,,,https://fsvc.capacitateparaelempleo.org/CapacitateFS/coursesImages/a3528d5a-a9da-46b9-bb08-062b45ff66a7.png,,Conocerás las medidas de prevención que debes seguir en tu trabajo en la nueva normalidad.,0.0,,,,,,,,,,,,Aprende,,,,,,,,,,,,,True,,,,,,,,,
,,,,,,,,,,,,,,,,,,,Guía para entrevistas de trabajo,,,,,,,,,,,,,,,,,,,,,,,,,,,Formación para personas con discapacidad intelectual,,,,,,,,,Beginner,,,,,,,,,,,,,,es,,,,,,,,,,,,,,,,,,,USD,,,,https://aprende.org/cursos/view/329,,,,,,,,,,,,https://fsvc.capacitateparaelempleo.org/CapacitateFS/coursesImages/cd83d059-7d17-4baf-9fb7-7fa2b6382951.png,,"En este curso aprenderás lo que debes hacer antes, durante y después de una entrevista de trabajo.",0.0,,,,,,,,,,,,Aprende,,,,,,,,,,,,,True,,,,,,,,,
,,,,,,,,,,,,,,,,,,,Disciplina en el trabajo,,,,,,,,,,,,,,,,,,,,,,,,,,,Formación para personas con discapacidad intelectual,,,,,,,,,Beginner,,,,,,,,,,,,,,es,,,,,,,,,,,,,,,,,,,USD,,,,https://aprende.org/cursos/view/330,,,,,,,,,,,,https://fsvc.capacitateparaelempleo.org/CapacitateFS/coursesImages/97690bc6-6471-4e15-9b41-bbdd83bdc365.png,,Para que seas más organizado y productivo.,0.0,,,,,,,,,,,,Aprende,,,,,,,,,,,,,True,,,,,,,,,
,,,,,,,,,,,,,,,,,,,Prácticas de cortesía,,,,,,,,,,,,,,,,,,,,,,,,,,,Formación para personas con discapacidad intelectual,,,,,,,,,Beginner,,,,,,,,,,,,,,es,,,,,,,,,,,,,,,,,,,USD,,,,https://aprende.org/cursos/view/331,,,,,,,,,,,,https://fsvc.capacitateparaelempleo.org/CapacitateFS/coursesImages/d6aceffa-e4de-456e-8938-8fbfd10f9eed.png,,"Estas prácticas son mejorar tus relaciones con otras personas.   
  Gracias por elegir este tema.",0.0,,,,,,,,,,,,Aprende,,,,,,,,,,,,,True,,,,,,,,,
,,,,,,,,,,,,,,,,,,,Estructura de un C.V.,,,,,,,,,,,,,,,,,,,,,,,,,,,Formación para personas con discapacidad intelectual,,,,,,,,,Beginner,,,,,,,,,,,,,,es,,,,,,,,,,,,,,,,,,,USD,,,,https://aprende.org/cursos/view/332,,,,,,,,,,,,https://fsvc.capacitateparaelempleo.org/CapacitateFS/coursesImages/2156c248-da92-4075-b983-f24f9929e9e6.png,,Para postularte a un empleo.,0.0,,,,,,,,,,,,Aprende,,,,,,,,,,,,,True,,,,,,,,,
,,,,,,,,,,,,,,,,,,,Trabajo en equipo,,,,,,,,,,,,,,,,,,,,,,,,,,,Formación para personas con discapacidad intelectual,,,,,,,,,Beginner,,,,,,,,,,,,,,es,,,,,,,,,,,,,,,,,,,USD,,,,https://aprende.org/cursos/view/333,,,,,,,,,,,,https://fsvc.capacitateparaelempleo.org/CapacitateFS/coursesImages/d3845461-72e5-41f8-9bb8-b7500836bf71.png,,Reconoce las habilidades básicas de participación e interacción en un entorno laboral para lograr un buen trabajo en equipo.,0.0,,,,,,,,,,,,Aprende,,,,,,,,,,,,,True,,,,,,,,,
,,,,,,,,,,,,,,,,,,,Habilidades de presentación,,,,,,,,,,,,,,,,,,,,,,,,,,,Formación para personas con discapacidad intelectual,,,,,,,,,Beginner,,,,,,,,,,,,,,es,,,,,,,,,,,,,,,,,,,USD,,,,https://aprende.org/cursos/view/334,,,,,,,,,,,,https://fsvc.capacitateparaelempleo.org/CapacitateFS/coursesImages/13179a99-1be0-4d6b-9e3b-fec0cba8eac3.png,,"Aquí aprenderás a crear un discurso y a seguir técnicas para presentarlo ante un público.   
   
   Tómate tu tiempo y ve cada clase las veces que lo necesites.",0.0,,,,,,,,,,,,Aprende,,,,,,,,,,,,,True,,,,,,,,,
,,,,,,,,,,,,,,,,,,,Empaquetador,,,,,,,,,,,,,,,,,,,,,,,,,,,Formación para personas con discapacidad intelectual,,,,,,,,,Beginner,,,,,,,,,,,,,,es,,,,,,,,,,,,,,,,,,,USD,,,,https://aprende.org/cursos/view/335,,,,,,,,,,,,https://fsvc.capacitateparaelempleo.org/CapacitateFS/coursesImages/9ec32688-3f76-4092-8ae8-de712e9057cc.png,,"De productos para protegerlos y que sea más fácil cargarlos, acomodarlos y guardarlos.",0.0,,,,,,,,,,,,Aprende,,,,,,,,,,,,,True,,,,,,,,,
,,,,,,,,,,,,,,,,,,,Embalador,,,,,,,,,,,,,,,,,,,,,,,,,,,Formación para personas con discapacidad intelectual,,,,,,,,,Beginner,,,,,,,,,,,,,,es,,,,,,,,,,,,,,,,,,,USD,,,,https://aprende.org/cursos/view/336,,,,,,,,,,,,https://fsvc.capacitateparaelempleo.org/CapacitateFS/coursesImages/cd85f227-ab39-4fd0-849f-75e70a596848.png,,"Aprende a embalar productos para que no se dañen al cargarlos, moverlos o guardarlos.",0.0,,,,,,,,,,,,Aprende,,,,,,,,,,,,,True,,,,,,,,,
,,,,,,,,,,,,,,,,,,,Ayudante de elaboración de composta,,,,,,,,,,,,,,,,,,,,,,,,,,,Formación para personas con discapacidad intelectual,,,,,,,,,Beginner,,,,,,,,,,,,,,es,,,,,,,,,,,,,,,,,,,USD,,,,https://aprende.org/cursos/view/337,,,,,,,,,,,,https://fsvc.capacitateparaelempleo.org/CapacitateFS/coursesImages/b3441aba-4380-494b-a6ea-0fb9653953a3.png,,Aquí aprenderás a preparar abonos orgánicos para que tus plantas crezcan sanas y fuertes.,0.0,,,,,,,,,,,,Aprende,,,,,,,,,,,,,True,,,,,,,,,
,,,,,,,,,,,,,,,,,,,Ayudante de lavaplatos,,,,,,,,,,,,,,,,,,,,,,,,,,,Formación para personas con discapacidad intelectual,,,,,,,,,Beginner,,,,,,,,,,,,,,es,,,,,,,,,,,,,,,,,,,USD,,,,https://aprende.org/cursos/view/338,,,,,,,,,,,,https://fsvc.capacitateparaelempleo.org/CapacitateFS/coursesImages/38b91bc5-c222-44e9-9106-b50174abd860.png,,"Aquí vas a aprender a lavar adecuadamente vajillas, plaqué, cristalería, ollas y sartenes.",0.0,,,,,,,,,,,,Aprende,,,,,,,,,,,,,True,,,,,,,,,
,,,,,,,,,,,,,,,,,,,Ayudante de reciclaje,,,,,,,,,,,,,,,,,,,,,,,,,,,Formación para personas con discapacidad intelectual,,,,,,,,,Beginner,,,,,,,,,,,,,,es,,,,,,,,,,,,,,,,,,,USD,,,,https://aprende.org/cursos/view/339,,,,,,,,,,,,https://fsvc.capacitateparaelempleo.org/CapacitateFS/coursesImages/b6c1e225-1d3e-44ba-a807-2b3925300b77.png,,Aprende cómo ayudar a reciclar los desechos que se producen en casas y comercios.,0.0,,,,,,,,,,,,Aprende,,,,,,,,,,,,,True,,,,,,,,,
,,,,,,,,,,,,,,,,,,,Ayudante en siembra y riego de plantas,,,,,,,,,,,,,,,,,,,,,,,,,,,Formación para personas con discapacidad intelectual,,,,,,,,,Beginner,,,,,,,,,,,,,,es,,,,,,,,,,,,,,,,,,,USD,,,,https://aprende.org/cursos/view/340,,,,,,,,,,,,https://fsvc.capacitateparaelempleo.org/CapacitateFS/coursesImages/6f510dc7-c26d-4c44-bc11-f99cfd7d4691.png,,"Aprende cómo cuidar pasto, árboles, arbustos, helechos y cactáceas para que crezcan fuertes y sanas.",0.0,,,,,,,,,,,,Aprende,,,,,,,,,,,,,True,,,,,,,,,
,,,,,,,,,,,,,,,,,,,Protocolos de atención y servicio,,,,,,,,,,,,,,,,,,,,,,,,,,,Formación para personas con discapacidad intelectual,,,,,,,,,Beginner,,,,,,,,,,,,,,es,,,,,,,,,,,,,,,,,,,USD,,,,https://aprende.org/cursos/view/341,,,,,,,,,,,,https://fsvc.capacitateparaelempleo.org/CapacitateFS/coursesImages/1ae6506d-5ce7-4be8-b3db-2ee8c9b71a81.png,,¡Bienvenido! Con este curso sabrás cómo debes atender a tus clientes y ofrecer tus productos para poder aumentar tus ventas.,0.0,,,,,,,,,,,,Aprende,,,,,,,,,,,,,True,,,,,,,,,
,,,,,,,,,,,,,,,,,,,Introducción al liderazgo deportivo,,,,,,,,,,,,,,,,,,,,,,,,,,,Formación para personas con discapacidad intelectual,,,,,,,,,Beginner,,,,,,,,,,,,,,es,,,,,,,,,,,,,,,,,,,USD,,,,https://aprende.org/cursos/view/365,,,,,,,,,,,,https://fsvc.capacitateparaelempleo.org/CapacitateFS/coursesImages/d130670e-ce52-4dbf-a964-6a7adc21b991.png,,"¡Bienvenido!   
 En este curso aprenderás qué son las Olimpiadas Especiales y la importancia de la participación de un líder en los deportes.  ¡Te deseamos mucho éxito!",0.0,,,,,,,,,,,,Aprende,,,,,,,,,,,,,True,,,,,,,,,
,,,,,,,,,,,,,,,,,,,Comprendiendo al liderazgo,,,,,,,,,,,,,,,,,,,,,,,,,,,Formación para personas con discapacidad intelectual,,,,,,,,,Beginner,,,,,,,,,,,,,,es,,,,,,,,,,,,,,,,,,,USD,,,,https://aprende.org/cursos/view/381,,,,,,,,,,,,https://fsvc.capacitateparaelempleo.org/CapacitateFS/coursesImages/caf64077-03f7-4808-bb13-ec9569399f44.png,,,0.0,,,,,,,,,,,,Aprende,,,,,,,,,,,,,True,,,,,,,,,
,,,,,,,,,,,,,,,,,,,Habilidades de presentación SO,,,,,,,,,,,,,,,,,,,,,,,,,,,Formación para personas con discapacidad intelectual,,,,,,,,,Beginner,,,,,,,,,,,,,,es,,,,,,,,,,,,,,,,,,,USD,,,,https://aprende.org/cursos/view/100920,,,,,,,,,,,,https://fsvc.capacitateparaelempleo.org/CapacitateFS/coursesImages/975c1b3b-9042-4358-99bc-c7e56bfc3140.png,,"¡Bienvenido! 
 Presentar un tema es una forma de compartir lo que sabes con otras personas. En este curso verás cómo preparar una presentación, hablar con claridad y usar tu voz y tus movimientos para explicar tus ideas. 
 ¡Comienza hoy!",0.0,,,,,,,,,,,,Aprende,,,,,,,,,,,,,True,,,,,,,,,
,,,,,,,,,,,,,,,,,,,Facilitador ASUME,,,,,,,,,,,,,,,,,,,,,,,,,,,Formación humana,,,,,,,,,Beginner,,,,,,,,,,,,,,es,,,,,,,,,,,,,,,,,,,USD,,,,https://aprende.org/cursos/view/232,,,,,,,,,,,,https://fsvc.capacitateparaelempleo.org/CapacitateFS/coursesImages/795d15e9-7831-4980-a251-3d2e8780833b.png,,"La Asociación para la Superación de México, ASUME, cuenta con un Programa de Desarrollo Humano que permite sensibilizar a las personas interesadas en su superación, aportando las herramientas para la búsqueda del crecimiento personal, familiar, laboral y social. 
 El facilitador ASUME, mediante su participación voluntaria y decidida, nos ayuda a multiplicar el impacto de la filosofía ASUME mediante la creación de un espacio para la reflexión y el aprendizaje.",0.0,,,,,,,,,,,,Aprende,,,,,,,,,,,,,True,,,,,,,,,
,,,,,,,,,,,,,,,,,,,ASUME para voluntarios,,,,,,,,,,,,,,,,,,,,,,,,,,,Formación humana,,,,,,,,,Beginner,,,,,,,,,,,,,,es,,,,,,,,,,,,,,,,,,,USD,,,,https://aprende.org/cursos/view/317,,,,,,,,,,,,https://fsvc.capacitateparaelempleo.org/CapacitateFS/coursesImages/0a516299-0e95-4818-a780-5f7671956ea2.png,,"Bienvenido, este curso se basa en tres puntos:   
     1.  Superación constante.  
     2.  Competencia conmigo mismo.  
     3.  Superación equilibrada en ocho aspectos: Físico, Afectivo, Social, Económico, Estético, Intelectual, Moral y Espiritual.  
  Nuestro fin:   
 Supérate a ti mismo para superar tu entorno.  
  Nuestra meta:   
 El cambio de la sociedad a través del cambio del hombre.",0.0,,,,,,,,,,,,Aprende,,,,,,,,,,,,,True,,,,,,,,,
,,,,,,,,,,,,,,,,,,,La virtud de servir,,,,,,,,,,,,,,,,,,,,,,,,,,,Formación humana,,,,,,,,,Intermediate,,,,,,,,,,,,,,es,,,,,,,,,,,,,,,,,,,USD,,,,https://aprende.org/cursos/view/100098,,,,,,,,,,,,https://fsvc.capacitateparaelempleo.org/CapacitateFS/coursesImages/acbd205c-edeb-43e3-b126-6fcd0d996e6b.png,,"¡Bienvenido! 
 En esta capacitación se explican conceptos que ayudan a comprender la importancia de ayudar al otro, de tomar con seriedad la labor voluntaria.",0.0,,,,,,,,,,,,Aprende,,,,,,,,,,,,,True,,,,,,,,,
,,,,,,,,,,,,,,,,,,,Ideas para crecer tu negocio,,,,,,,,,,,,,,,,,,,,,,,,,,,Autoempléate,,,,,,,,,Beginner,,,,,,,,,,,,,,es,,,,,,,,,,,,,,,,,,,USD,,,,https://aprende.org/cursos/view/66,,,,,,,,,,,,https://fsvc.capacitateparaelempleo.org/CapacitateFS/coursesImages/31f7b9f6-5854-4f7f-b453-80bf5af5d872.png,,"¡Bienvenido! 
 En este curso aprenderás a hacer crecer tu negocio, con la mejora de aspectos que van desde la atención al cliente, hasta implementación de herramientas de comunicación y de venta para tu negocio. 
 ¡Éxito en tu capacitación!",0.0,,,,,,,,,,,,Aprende,,,,,,,,,,,,,True,,,,,,,,,
,,,,,,,,,,,,,,,,,,,Conoce el micromenudeo,,,,,,,,,,,,,,,,,,,,,,,,,,,Autoempléate,,,,,,,,,Beginner,,,,,,,,,,,,,,es,,,,,,,,,,,,,,,,,,,USD,,,,https://aprende.org/cursos/view/93,,,,,,,,,,,,https://fsvc.capacitateparaelempleo.org/CapacitateFS/coursesImages/d266bd07-5100-4c4a-86e7-fe57d86524a9.png,,¡Bienvenido!,0.0,,,,,,,,,,,,Aprende,,,,,,,,,,,,,True,,,,,,,,,
,,,,,,,,,,,,,,,,,,,Evaluación de ideas de negocios,,,,,,,,,,,,,,,,,,,,,,,,,,,Autoempléate,,,,,,,,,Beginner,,,,,,,,,,,,,,es,,,,,,,,,,,,,,,,,,,USD,,,,https://aprende.org/cursos/view/156,,,,,,,,,,,,https://fsvc.capacitateparaelempleo.org/CapacitateFS/coursesImages/5cfab772-5458-4d76-bd10-16203530ad9e.png,,"El emprendimiento es un conjunto de habilidades que te permitirán impulsar un proyecto, con está capacitación aprenderás a analizar cuáles de tus ideas de negocio son viables.  
 ¡Mucho éxito!",0.0,,,,,,,,,,,,Aprende,,,,,,,,,,,,,True,,,,,,,,,
,,,,,,,,,,,,,,,,,,,Estrategia formal de autoempleo,,,,,,,,,,,,,,,,,,,,,,,,,,,Autoempléate,,,,,,,,,Beginner,,,,,,,,,,,,,,es,,,,,,,,,,,,,,,,,,,USD,,,,https://aprende.org/cursos/view/157,,,,,,,,,,,,https://fsvc.capacitateparaelempleo.org/CapacitateFS/coursesImages/328fb067-6c0a-48ce-ab41-a66b2ca05f70.png,,"Bienvenido! 
 Sigue cada uno de los pasos sugeridos para formalizar tu propio negocio. 
 ¡Te deseamos mucho éxito!",0.0,,,,,,,,,,,,Aprende,,,,,,,,,,,,,True,,,,,,,,,
,,,,,,,,,,,,,,,,,,,Formulación y evaluación de proyectos,,,,,,,,,,,,,,,,,,,,,,,,,,,Autoempléate,,,,,,,,,Beginner,,,,,,,,,,,,,,es,,,,,,,,,,,,,,,,,,,USD,,,,https://aprende.org/cursos/view/158,,,,,,,,,,,,https://fsvc.capacitateparaelempleo.org/CapacitateFS/coursesImages/fcf4ee0d-d686-46d5-92d8-6821eb97aa5f.png,,"¡Bienvenido! En esta capacitación aprenderás los elementos indispensables para formular un proyecto cuya finalidad sea emprender una PyME; además, aprenderás a emplear métodos analíticos para evaluar de manera cuantitativa y cualitativa si una idea de negocio es viable.  ¡Te deseamos mucho éxito!",0.0,,,,,,,,,,,,Aprende,,,,,,,,,,,,,True,,,,,,,,,
,,,,,,,,,,,,,,,,,,,Cómo calcular tu inversión,,,,,,,,,,,,,,,,,,,,,,,,,,,Autoempléate,,,,,,,,,Beginner,,,,,,,,,,,,,,es,,,,,,,,,,,,,,,,,,,USD,,,,https://aprende.org/cursos/view/159,,,,,,,,,,,,https://fsvc.capacitateparaelempleo.org/CapacitateFS/coursesImages/5eb51bc1-536d-4c71-ad6a-271a59c1554e.png,,"¡Bienvenido! 
 En este curso aprenderás a calcular la inversión inicial para emprender tu negocio. 
 ¡Éxito en tu capacitación!",0.0,,,,,,,,,,,,Aprende,,,,,,,,,,,,,True,,,,,,,,,
,,,,,,,,,,,,,,,,,,,Estándares de calidad,,,,,,,,,,,,,,,,,,,,,,,,,,,Autoempléate,,,,,,,,,Beginner,,,,,,,,,,,,,,es,,,,,,,,,,,,,,,,,,,USD,,,,https://aprende.org/cursos/view/160,,,,,,,,,,,,https://fsvc.capacitateparaelempleo.org/CapacitateFS/coursesImages/b5306d78-a28a-44dd-af6e-f91b988b02ee.png,,"Establecer estándares certifica la calidad del producto final. Capacítate para implementarlos en los procesos, optimizando los recursos con los que cuentas. ¡Éxito en tu capacitación!",0.0,,,,,,,,,,,,Aprende,,,,,,,,,,,,,True,,,,,,,,,
,,,,,,,,,,,,,,,,,,,Ecología industrial,,,,,,,,,,,,,,,,,,,,,,,,,,,Autoempléate,,,,,,,,,Beginner,,,,,,,,,,,,,,es,,,,,,,,,,,,,,,,,,,USD,,,,https://aprende.org/cursos/view/161,,,,,,,,,,,,https://fsvc.capacitateparaelempleo.org/CapacitateFS/coursesImages/35323ed5-c787-4ba4-8f26-83474030771a.png,,En esta capacitación aprenderás el conocimiento y las destrezas requeridas para promover e implementar prácticas de ecoeficiencia y sostenibilidad en Mi-PyMEs.,0.0,,,,,,,,,,,,Aprende,,,,,,,,,,,,,True,,,,,,,,,
,,,,,,,,,,,,,,,,,,,Diseño de indicadores,,,,,,,,,,,,,,,,,,,,,,,,,,,Autoempléate,,,,,,,,,Beginner,,,,,,,,,,,,,,es,,,,,,,,,,,,,,,,,,,USD,,,,https://aprende.org/cursos/view/162,,,,,,,,,,,,https://fsvc.capacitateparaelempleo.org/CapacitateFS/coursesImages/e1ba1799-26bc-4b5d-9320-6c223300fa3f.png,,"¡Bienvenido! En esta capacitación aprenderás a generar mayor productividad y eficiencia en las funciones generales de una administración, al diseñar, implementar y ajustar tus propios indicadores de gestión. Con ellos podrás medir el nivel de desempeño de cada proceso operativo o productivo para mantener los factores de éxito con los que ya cuenta tu empresa, o bien, tomar decisiones y crear nuevas estrategias. 
 ¡Éxito en tu capacitación!",0.0,,,,,,,,,,,,Aprende,,,,,,,,,,,,,True,,,,,,,,,
,,,,,,,,,,,,,,,,,,,Plan de producción,,,,,,,,,,,,,,,,,,,,,,,,,,,Autoempléate,,,,,,,,,Beginner,,,,,,,,,,,,,,es,,,,,,,,,,,,,,,,,,,USD,,,,https://aprende.org/cursos/view/163,,,,,,,,,,,,https://fsvc.capacitateparaelempleo.org/CapacitateFS/coursesImages/8ad42b9e-ff92-4d22-95e2-9d08326e8637.png,,"¡Bienvenido! 
 Al concluir este curso serás capaz de diseñar un plan de producción a partir de la comprensión de las relaciones interfuncionales que existen entre los elementos materiales y humanos tanto externos como internos que influyen en el comportamiento de una empresa para dirigirla con paso firme y sostenido hacia el éxito.",0.0,,,,,,,,,,,,Aprende,,,,,,,,,,,,,True,,,,,,,,,
,,,,,,,,,,,,,,,,,,,Bienestar ocupacional,,,,,,,,,,,,,,,,,,,,,,,,,,,Autoempléate,,,,,,,,,Beginner,,,,,,,,,,,,,,es,,,,,,,,,,,,,,,,,,,USD,,,,https://aprende.org/cursos/view/164,,,,,,,,,,,,https://fsvc.capacitateparaelempleo.org/CapacitateFS/coursesImages/a63dcb6b-69ef-4bf1-9878-f94a0f7dba0a.png,,Conoce las medidas preventivas para cuidar tu salud en tu entorno de trabajo para promover el bienestar integral.,0.0,,,,,,,,,,,,Aprende,,,,,,,,,,,,,True,,,,,,,,,
,,,,,,,,,,,,,,,,,,,Relaciones profesionales,,,,,,,,,,,,,,,,,,,,,,,,,,,Autoempléate,,,,,,,,,Beginner,,,,,,,,,,,,,,es,,,,,,,,,,,,,,,,,,,USD,,,,https://aprende.org/cursos/view/165,,,,,,,,,,,,https://fsvc.capacitateparaelempleo.org/CapacitateFS/coursesImages/efa62a07-dd8a-4929-9068-bb771272624e.png,,"Bienvenido a relaciones profesionales.  
 Este complemento te mostrará las pautas que debes seguir para mantener un ambiente saludable de trabajo con tus compañeros y mejorar la comunicación para alcanzar una meta en común.  
 ¡Éxito!",0.0,,,,,,,,,,,,Aprende,,,,,,,,,,,,,True,,,,,,,,,
,,,,,,,,,,,,,,,,,,,Relaciones comerciales,,,,,,,,,,,,,,,,,,,,,,,,,,,Autoempléate,,,,,,,,,Beginner,,,,,,,,,,,,,,es,,,,,,,,,,,,,,,,,,,USD,,,,https://aprende.org/cursos/view/166,,,,,,,,,,,,https://fsvc.capacitateparaelempleo.org/CapacitateFS/coursesImages/3fa976a2-f39c-41e6-95e9-f7c09feea95a.png,,"¡Bienvenidos al curso de Relaciones Comerciales! 
 El usuario aprenderá los pasos y procesos para lograr que su empresa tenga relaciones comerciales exitosas.",0.0,,,,,,,,,,,,Aprende,,,,,,,,,,,,,True,,,,,,,,,
,,,,,,,,,,,,,,,,,,,Contabilidad empresarial,,,,,,,,,,,,,,,,,,,,,,,,,,,Autoempléate,,,,,,,,,Beginner,,,,,,,,,,,,,,es,,,,,,,,,,,,,,,,,,,USD,,,,https://aprende.org/cursos/view/167,,,,,,,,,,,,https://fsvc.capacitateparaelempleo.org/CapacitateFS/coursesImages/d844524f-2eda-407e-8558-b53d9b975da0.png,,"¡Bienvenido! 
 Este complemento es una guía que te permitirá identificar los pasos a seguir para implementar un Sistema de Información Contable que se adecúe a las necesidades de información de tu empresa. 
 De esta manera, serás capaz de obtener información precisa sobre la composición de su patrimonio así como de sus operaciones, lo cual facilitará la toma de decisiones de la dirección.",0.0,,,,,,,,,,,,Aprende,,,,,,,,,,,,,True,,,,,,,,,
,,,,,,,,,,,,,,,,,,,Formalización de tu negocio,,,,,,,,,,,,,,,,,,,,,,,,,,,Autoempléate,,,,,,,,,Beginner,,,,,,,,,,,,,,es,,,,,,,,,,,,,,,,,,,USD,,,,https://aprende.org/cursos/view/168,,,,,,,,,,,,https://fsvc.capacitateparaelempleo.org/CapacitateFS/coursesImages/f3814e39-74fd-4585-8466-9ce496222248.png,,"¡Bienvenido! En esta capacitación aprenderás a utilizar diferentes herramientas que te ofrece el Servicio de Administración Tributaria (SAT) en su portal de internet para que puedas operar tu negocio de manera formal. Obtendrás herramientas que te permitan llevar los registros contables, inscribirte a las instituciones con las que tendrás relación en tu andar empresarial, diferenciar los tipos de impuestos que hay y distinguir los que te corresponde declarar como contribuidor. 
 Con todos estos conocimientos favoreces la consolidación y el sano desarrollo de tu negocio. ¡Éxito en tu capacitación!",0.0,,,,,,,,,,,,Aprende,,,,,,,,,,,,,True,,,,,,,,,
,,,,,,,,,,,,,,,,,,,Comercialización y distribución,,,,,,,,,,,,,,,,,,,,,,,,,,,Autoempléate,,,,,,,,,Beginner,,,,,,,,,,,,,,es,,,,,,,,,,,,,,,,,,,USD,,,,https://aprende.org/cursos/view/169,,,,,,,,,,,,https://fsvc.capacitateparaelempleo.org/CapacitateFS/coursesImages/e35e9e3c-b074-40cb-97e3-cfb75cf2ec7e.png,,"¡Bienvenido! 
 En este curso aprenderás a comercializar y distribuir tus productos de manera eficiente sin importar la ubicación de tus clientes. 
 ¡Éxito en tu capacitación!",0.0,,,,,,,,,,,,Aprende,,,,,,,,,,,,,True,,,,,,,,,
,,,,,,,,,,,,,,,,,,,Comercio digital,,,,,,,,,,,,,,,,,,,,,,,,,,,Autoempléate,,,,,,,,,Beginner,,,,,,,,,,,,,,es,,,,,,,,,,,,,,,,,,,USD,,,,https://aprende.org/cursos/view/170,,,,,,,,,,,,https://fsvc.capacitateparaelempleo.org/CapacitateFS/coursesImages/4dfd2354-91c9-4975-854c-293f0fd722b9.png,,Aprovecha las herramientas digitales en internet para expandir las fronteras de tu negocio a través del comercio digital.,0.0,,,,,,,,,,,,Aprende,,,,,,,,,,,,,True,,,,,,,,,
,,,,,,,,,,,,,,,,,,,Plan de exportación,,,,,,,,,,,,,,,,,,,,,,,,,,,Autoempléate,,,,,,,,,Beginner,,,,,,,,,,,,,,es,,,,,,,,,,,,,,,,,,,USD,,,,https://aprende.org/cursos/view/171,,,,,,,,,,,,https://fsvc.capacitateparaelempleo.org/CapacitateFS/coursesImages/62a1ebbc-a1cb-4e83-98ba-110f3753f373.png,,"Bienvenido,  
 En esta capacitación obtendrás las herramientas que te permitirán planificar la exportación de tu empresa, para poder extender tu mercado, cumpliendo con las normas y regulaciones de calidad. También, te familiarizarás con los términos internacionales de comercio, seleccionarás el mercado más conveniente para tu producto, los tipos de transporte, contratos y definirás el precio de ti producto a exportación. 
 ¡Te deseamos éxito en tu capacitación!",0.0,,,,,,,,,,,,Aprende,,,,,,,,,,,,,True,,,,,,,,,
,,,,,,,,,,,,,,,,,,,Cómo integrar el perfil de un cliente,,,,,,,,,,,,,,,,,,,,,,,,,,,Autoempléate,,,,,,,,,Beginner,,,,,,,,,,,,,,es,,,,,,,,,,,,,,,,,,,USD,,,,https://aprende.org/cursos/view/180,,,,,,,,,,,,https://fsvc.capacitateparaelempleo.org/CapacitateFS/coursesImages/66d7a34c-bf7a-4400-8e41-c26756e16e26.png,,"¡Bienvenido! En esta capacitación identificarás las  herramientas y técnicas que te permitirán determinar las necesidades de tus clientes para ofrecerles el producto o servicio adecuado, además de establecer el tipo de investigación que debes desarrollar de acuerdo a tu mercado objetivo. ¡Éxito en tu capacitación!",0.0,,,,,,,,,,,,Aprende,,,,,,,,,,,,,True,,,,,,,,,
,,,,,,,,,,,,,,,,,,,Mejora de procesos,,,,,,,,,,,,,,,,,,,,,,,,,,,Autoempléate,,,,,,,,,Beginner,,,,,,,,,,,,,,es,,,,,,,,,,,,,,,,,,,USD,,,,https://aprende.org/cursos/view/100037,,,,,,,,,,,,https://fsvc.capacitateparaelempleo.org/CapacitateFS/coursesImages/62e82a74-52b7-4d10-be0a-69f305ceb942.png,,,0.0,,,,,,,,,,,,Aprende,,,,,,,,,,,,,True,,,,,,,,,
,,,,,,,,,,,,,,,,,,,Crea la propuesta de valor para tu negocio,,,,,,,,,,,,,,,,,,,,,,,,,,,Autoempléate,,,,,,,,,Intermediate,,,,,,,,,,,,,,es,,,,,,,,,,,,,,,,,,,USD,,,,https://aprende.org/cursos/view/100160,,,,,,,,,,,,https://fsvc.capacitateparaelempleo.org/CapacitateFS/coursesImages/c7761788-7824-45b2-81d8-b2ab4f4989d3.png,,,0.0,,,,,,,,,,,,Aprende,,,,,,,,,,,,,True,,,,,,,,,
,,,,,,,,,,,,,,,,,,,Estrategia de precios,,,,,,,,,,,,,,,,,,,,,,,,,,,Autoempléate,,,,,,,,,Intermediate,,,,,,,,,,,,,,es,,,,,,,,,,,,,,,,,,,USD,,,,https://aprende.org/cursos/view/100309,,,,,,,,,,,,https://fsvc.capacitateparaelempleo.org/CapacitateFS/coursesImages/97631114-d14f-4727-88d8-145ad0e2fdee.png,,,0.0,,,,,,,,,,,,Aprende,,,,,,,,,,,,,True,,,,,,,,,
,,,,,,,,,,,,,,,,,,,Plan de negocios,,,,,,,,,,,,,,,,,,,,,,,,,,,Autoempléate,,,,,,,,,Intermediate,,,,,,,,,,,,,,es,,,,,,,,,,,,,,,,,,,USD,,,,https://aprende.org/cursos/view/100327,,,,,,,,,,,,https://fsvc.capacitateparaelempleo.org/CapacitateFS/coursesImages/720a77be-ba7a-4e2b-b819-4f1e62373221.png,,"¡Bienvenido! 
 En este curso encontrarás las herramientas necesarias para estructurar un plan de negocios al identificar las características únicas de tu proyecto, comprender las necesidades reales de tus clientes y diseñar estrategias efectivas de mercadotecnia para aumentar tus ventas. Te deseamos mucho éxito.",0.0,,,,,,,,,,,,Aprende,,,,,,,,,,,,,True,,,,,,,,,
,,,,,,,,,,,,,,,,,,,Guía para entrevistas de trabajo,,,,,,,,,,,,,,,,,,,,,,,,,,,Profesionalización,,,,,,,,,Beginner,,,,,,,,,,,,,,es,,,,,,,,,,,,,,,,,,,USD,,,,https://aprende.org/cursos/view/67,,,,,,,,,,,,https://fsvc.capacitateparaelempleo.org/CapacitateFS/coursesImages/8fb4ef1a-5d72-4af0-8ac7-f3aa9b0d8d93.png,,"Da clic sobre la imagen para descargar el documento. 
 Si no puedes ver la imagen da clic en este enlace   ""Guía para entrevistas de trabajo""",0.0,,,,,,,,,,,,Aprende,,,,,,,,,,,,,True,,,,,,,,,
,,,,,,,,,,,,,,,,,,,Mejora de procesos,,,,,,,,,,,,,,,,,,,,,,,,,,,Profesionalización,,,,,,,,,Beginner,,,,,,,,,,,,,,es,,,,,,,,,,,,,,,,,,,USD,,,,https://aprende.org/cursos/view/101,,,,,,,,,,,,https://fsvc.capacitateparaelempleo.org/CapacitateFS/coursesImages/62e82a74-52b7-4d10-be0a-69f305ceb942.png,,"Realizar mejoras facilita el desempeño de tus actividades. Capacítate para implementarlas en los procesos, optimizando los recursos con los que cuentas. ¡Éxito en tu capacitación!",0.0,,,,,,,,,,,,Aprende,,,,,,,,,,,,,True,,,,,,,,,
,,,,,,,,,,,,,,,,,,,Liderazgo,,,,,,,,,,,,,,,,,,,,,,,,,,,Profesionalización,,,,,,,,,Beginner,,,,,,,,,,,,,,es,,,,,,,,,,,,,,,,,,,USD,,,,https://aprende.org/cursos/view/151,,,,,,,,,,,,https://fsvc.capacitateparaelempleo.org/CapacitateFS/coursesImages/26f9eabb-8830-48bd-a929-1ab05c765c66.png,,"Esta capacitación te brinda una visión integral de los elementos que constituyen el liderazgo a nivel organizacional.  
 Conocerás los diferentes tipos de liderazgo que existen y las pautas de trabajo en equipo para alcanzar una cultura de excelencia y una visión estratégica.  
 ¡Mucho éxito!",0.0,,,,,,,,,,,,Aprende,,,,,,,,,,,,,True,,,,,,,,,
,,,,,,,,,,,,,,,,,,,Mejora tu ortografía y redacción,,,,,,,,,,,,,,,,,,,,,,,,,,,Profesionalización,,,,,,,,,Beginner,,,,,,,,,,,,,,es,,,,,,,,,,,,,,,,,,,USD,,,,https://aprende.org/cursos/view/211,,,,,,,,,,,,https://fsvc.capacitateparaelempleo.org/CapacitateFS/coursesImages/a5949d43-b949-4442-9ef3-e4b84550d873.png,,"¡Bienvenido! 
 En esta capacitación conocerás las reglas básicas de ortografía y puntuación para que mejores tu comunicación escrita. Además, podrás identificar los elementos indispensables que forman una oración, para que logres desarrollar ideas claras y organizadas, de manera que puedas redactar cualquier tipo de texto.",0.0,,,,,,,,,,,,Aprende,,,,,,,,,,,,,True,,,,,,,,,
,,,,,,,,,,,,,,,,,,,Disciplina en el trabajo,,,,,,,,,,,,,,,,,,,,,,,,,,,Profesionalización,,,,,,,,,Beginner,,,,,,,,,,,,,,es,,,,,,,,,,,,,,,,,,,USD,,,,https://aprende.org/cursos/view/212,,,,,,,,,,,,https://fsvc.capacitateparaelempleo.org/CapacitateFS/coursesImages/ef92fd7a-2721-40bd-b01e-29bc19487247.png,,¡Bienvenido/a al curso Disciplina en el trabajo!,0.0,,,,,,,,,,,,Aprende,,,,,,,,,,,,,True,,,,,,,,,
,,,,,,,,,,,,,,,,,,,Investigación empresarial,,,,,,,,,,,,,,,,,,,,,,,,,,,Profesionalización,,,,,,,,,Beginner,,,,,,,,,,,,,,es,,,,,,,,,,,,,,,,,,,USD,,,,https://aprende.org/cursos/view/216,,,,,,,,,,,,https://fsvc.capacitateparaelempleo.org/CapacitateFS/coursesImages/0d6ede6d-7651-4e7f-81b5-50a394e10fe7.png,,"¡Bienvenido! 
 En esta capacitación identificarás los perfiles de contratación que se requieren en el mundo empresarial, así como las herramientas para realizar una investigación interna y externa de la empresa en la que estas interesado con información confiable, para aumentar las posibilidades de ser contratado. 
 ¡Éxito en tu capacitación!",0.0,,,,,,,,,,,,Aprende,,,,,,,,,,,,,True,,,,,,,,,
,,,,,,,,,,,,,,,,,,,Razones por las que te elige o descarta una empresa,,,,,,,,,,,,,,,,,,,,,,,,,,,Profesionalización,,,,,,,,,Beginner,,,,,,,,,,,,,,es,,,,,,,,,,,,,,,,,,,USD,,,,https://aprende.org/cursos/view/227,,,,,,,,,,,,https://fsvc.capacitateparaelempleo.org/CapacitateFS/coursesImages/a286ec10-2844-4dfc-adf2-610c4df0b2df.png,,"¡Bienvenido! Con este elemento, ampliarás tu formación profesional para enfrentar los procesos de selección de las empresas cuando éstas ofertan una vacante. Adquirirás las habilidades que te ayudarán a diferenciarte de los demás candidatos y ganarte un empleo. 
 ¡Éxito!",0.0,,,,,,,,,,,,Aprende,,,,,,,,,,,,,True,,,,,,,,,
,,,,,,,,,,,,,,,,,,,Estructura de un CV,,,,,,,,,,,,,,,,,,,,,,,,,,,Profesionalización,,,,,,,,,Beginner,,,,,,,,,,,,,,es,,,,,,,,,,,,,,,,,,,USD,,,,https://aprende.org/cursos/view/228,,,,,,,,,,,,https://fsvc.capacitateparaelempleo.org/CapacitateFS/coursesImages/c52aa113-dca2-43e0-a2b0-b20e4846b8ad.png,,"Organiza la información de tu perfil profesional para que, según su tipo, sepas cómo crear adecuadamente la estructura de un CV.",0.0,,,,,,,,,,,,Aprende,,,,,,,,,,,,,True,,,,,,,,,
,,,,,,,,,,,,,,,,,,,Protocolos de atención y servicio,,,,,,,,,,,,,,,,,,,,,,,,,,,Profesionalización,,,,,,,,,Beginner,,,,,,,,,,,,,,es,,,,,,,,,,,,,,,,,,,USD,,,,https://aprende.org/cursos/view/234,,,,,,,,,,,,https://fsvc.capacitateparaelempleo.org/CapacitateFS/coursesImages/b452984a-d651-49ae-a230-1cd3bf72af83.png,,"¡Bienvenido! 
 Con este curso aplicarás los principios que rigen las relaciones cotidianas de colaboración e interacción en un ambiente de trabajo. Su fundamento es el respeto y su alcance es tanto vertical con cualquier jerarquía, como horizontal con cualquier compañero de trabajo y hacia afuera con clientes y proveedores o con cualquier otro para el cumplimiento de metas de la Organización.",0.0,,,,,,,,,,,,Aprende,,,,,,,,,,,,,True,,,,,,,,,
,,,,,,,,,,,,,,,,,,,Cómo dar indicaciones,,,,,,,,,,,,,,,,,,,,,,,,,,,Profesionalización,,,,,,,,,Beginner,,,,,,,,,,,,,,es,,,,,,,,,,,,,,,,,,,USD,,,,https://aprende.org/cursos/view/262,,,,,,,,,,,,https://fsvc.capacitateparaelempleo.org/CapacitateFS/coursesImages/13c52e17-9364-4ecf-979d-a17a435093b3.png,,"¡Bienvenido! 
 En esta capacitación conocerás las habilidades de comunicación necesarias para dar instrucciones claras y precisas, con el objetivo de dar la información necesaria para lograr las metas de una organización.",0.0,,,,,,,,,,,,Aprende,,,,,,,,,,,,,True,,,,,,,,,
,,,,,,,,,,,,,,,,,,,Trabajo en equipo,,,,,,,,,,,,,,,,,,,,,,,,,,,Profesionalización,,,,,,,,,Beginner,,,,,,,,,,,,,,es,,,,,,,,,,,,,,,,,,,USD,,,,https://aprende.org/cursos/view/263,,,,,,,,,,,,https://fsvc.capacitateparaelempleo.org/CapacitateFS/coursesImages/4d15f4b6-f3f9-4183-aa67-e9e68250ecb5.png,,"¡Bienvenido! En esta capacitación conocerás el concepto del trabajo en equipo, lo distinguirás de los grupos y aprenderás todas las etapas que debes cumplir para constituir uno donde cada miembro desempeñe su rol, trabajando bajo el liderazgo para cumplir los objetivos que los hacen ser un equipo. 
 ¡Éxito en tu capacitación!",0.0,,,,,,,,,,,,Aprende,,,,,,,,,,,,,True,,,,,,,,,
,,,,,,,,,,,,,,,,,,,Manejo de juntas de trabajo,,,,,,,,,,,,,,,,,,,,,,,,,,,Profesionalización,,,,,,,,,Beginner,,,,,,,,,,,,,,es,,,,,,,,,,,,,,,,,,,USD,,,,https://aprende.org/cursos/view/273,,,,,,,,,,,,https://fsvc.capacitateparaelempleo.org/CapacitateFS/coursesImages/142f50ec-1876-4777-83b4-a02125eece9f.png,,"Las juntas son una práctica común dentro de las empresas y proyectos, sin embargo, realizarlas mal se traduce en pérdidas económicas para la organización y de tiempo para los asistentes. Evita que las juntas se conviertan en una mala experiencia. 
 ¡Dale clic a este curso y aprende a eficientar tus reuniones!",0.0,,,,,,,,,,,,Aprende,,,,,,,,,,,,,True,,,,,,,,,
,,,,,,,,,,,,,,,,,,,Informes ejecutivos,,,,,,,,,,,,,,,,,,,,,,,,,,,Profesionalización,,,,,,,,,Beginner,,,,,,,,,,,,,,es,,,,,,,,,,,,,,,,,,,USD,,,,https://aprende.org/cursos/view/283,,,,,,,,,,,,https://fsvc.capacitateparaelempleo.org/CapacitateFS/coursesImages/053b7bd8-238c-48ef-b646-586c87eafb93.png,,¡Bienvenido!,0.0,,,,,,,,,,,,Aprende,,,,,,,,,,,,,True,,,,,,,,,
,,,,,,,,,,,,,,,,,,,Habilidades de presentación,,,,,,,,,,,,,,,,,,,,,,,,,,,Profesionalización,,,,,,,,,Beginner,,,,,,,,,,,,,,es,,,,,,,,,,,,,,,,,,,USD,,,,https://aprende.org/cursos/view/284,,,,,,,,,,,,https://fsvc.capacitateparaelempleo.org/CapacitateFS/coursesImages/49f71418-4481-4dd1-81c3-89ba4a47325b.png,,"¡Bienvenido! En esta capacitación aprenderás todas las habilidades que necesitas para estructurar y dar una presentación a un grupo de trabajo, tu jefe o un público en general, donde tendrás la capacidad de controlar la información y el protocolo de presentación en el tiempo indicado para lograr que todos presten atención a tu discurso y comprendan la información que planteas brindar. 
 ¡Éxito en tu capacitación!",0.0,,,,,,,,,,,,Aprende,,,,,,,,,,,,,True,,,,,,,,,
,,,,,,,,,,,,,,,,,,,Prácticas de mecanografía,,,,,,,,,,,,,,,,,,,,,,,,,,,Profesionalización,,,,,,,,,Beginner,,,,,,,,,,,,,,es,,,,,,,,,,,,,,,,,,,USD,,,,https://aprende.org/cursos/view/285,,,,,,,,,,,,https://fsvc.capacitateparaelempleo.org/CapacitateFS/coursesImages/edaa5c63-bcc9-4c69-a576-d8f7a0e34f8e.png,,"¡Bienvenido! 
 Si buscas aumentar la velocidad en la que redactas un texto y disminuir la cantidad de errores al hacerlo, este curso es para ti. Aquí encontrarás los ejercicios que te permitirán conocer la posición correcta de cada dedo. Así con dedicación y práctica podrás ser cada vez más rápido y efectivo al escribir.",0.0,,,,,,,,,,,,Aprende,,,,,,,,,,,,,True,,,,,,,,,
,,,,,,,,,,,,,,,,,,,Prácticas de cortesía,,,,,,,,,,,,,,,,,,,,,,,,,,,Profesionalización,,,,,,,,,Beginner,,,,,,,,,,,,,,es,,,,,,,,,,,,,,,,,,,USD,,,,https://aprende.org/cursos/view/297,,,,,,,,,,,,https://fsvc.capacitateparaelempleo.org/CapacitateFS/coursesImages/cd8e9174-a97d-4259-aca0-c5ec4c0ab792.png,,"¡Bienvenido! 
 En este complemento aprenderás las principales pautas que representa aplicar un protocolo de cortesía para conducirte en la sociedad y todas sus esferas, contribuyendo a generar un ambiente de convivencia sana donde todos sean tratados con respeto y dignidad. 
 ¡Éxito en tu capacitación!",0.0,,,,,,,,,,,,Aprende,,,,,,,,,,,,,True,,,,,,,,,
,,,,,,,,,,,,,,,,,,,Prácticas de cortesía,,,,,,,,,,,,,,,,,,,,,,,,,,,Profesionalización,,,,,,,,,Beginner,,,,,,,,,,,,,,es,,,,,,,,,,,,,,,,,,,USD,,,,https://aprende.org/cursos/view/305,,,,,,,,,,,,https://fsvc.capacitateparaelempleo.org/CapacitateFS/coursesImages/fe095972-6a61-4388-9e39-2ff3c1acc5e0.png,,"Gracias por elegir este tema, su propósito es contribuir a favorecer la calidad de las relaciones interpersonales.",0.0,,,,,,,,,,,,Aprende,,,,,,,,,,,,,True,,,,,,,,,
,,,,,,,,,,,,,,,,,,,Retroalimentación en el trabajo,,,,,,,,,,,,,,,,,,,,,,,,,,,Profesionalización,,,,,,,,,Beginner,,,,,,,,,,,,,,es,,,,,,,,,,,,,,,,,,,USD,,,,https://aprende.org/cursos/view/308,,,,,,,,,,,,https://fsvc.capacitateparaelempleo.org/CapacitateFS/coursesImages/16769781-2dc1-4d98-8f0f-37c79969e03d.png,,https://capacitateparaelempleo.org/assets/bhp5nf7.pdf,0.0,,,,,,,,,,,,Aprende,,,,,,,,,,,,,True,,,,,,,,,
,,,,,,,,,,,,,,,,,,,Habilidades de negociación,,,,,,,,,,,,,,,,,,,,,,,,,,,Profesionalización,,,,,,,,,Beginner,,,,,,,,,,,,,,es,,,,,,,,,,,,,,,,,,,USD,,,,https://aprende.org/cursos/view/395,,,,,,,,,,,,https://fsvc.capacitateparaelempleo.org/CapacitateFS/coursesImages/a3d075ca-8bc1-4dac-85da-9fedc323dad1.png,,"¡Bienvenido! 
 En esta capacitación se explican los elementos indispensables para desarrollar habilidades de negociación y a prepararte para que puedas aumentar la posibilidad de éxito en tus objetivos al momento de hacer acuerdos.  
 ¡Te deseamos mucho éxito!",0.0,,,,,,,,,,,,Aprende,,,,,,,,,,,,,True,,,,,,,,,
,,,,,,,,,,,,,,,,,,,Responsabilidad social,,,,,,,,,,,,,,,,,,,,,,,,,,,Profesionalización,,,,,,,,,Beginner,,,,,,,,,,,,,,es,,,,,,,,,,,,,,,,,,,USD,,,,https://aprende.org/cursos/view/100059,,,,,,,,,,,,https://fsvc.capacitateparaelempleo.org/CapacitateFS/coursesImages/138d01b1-3cb0-4668-a93c-c29395006512.png,,"Identifica cómo los aspectos social, económico, tecnológico y ambiental contribuyen a la aspiración de la responsabilidad social.",0.0,,,,,,,,,,,,Aprende,,,,,,,,,,,,,True,,,,,,,,,
,,,,,,,,,,,,,,,,,,,Mérito,,,,,,,,,,,,,,,,,,,,,,,,,,,Profesionalización,,,,,,,,,Beginner,,,,,,,,,,,,,,es,,,,,,,,,,,,,,,,,,,USD,,,,https://aprende.org/cursos/view/100061,,,,,,,,,,,,https://fsvc.capacitateparaelempleo.org/CapacitateFS/coursesImages/dacc3943-6f4d-4738-9d7e-8c4bdb531058.png,,Distingue que hacer lo correcto es un deber y no se hace para obtener reconocimiento.,0.0,,,,,,,,,,,,Aprende,,,,,,,,,,,,,True,,,,,,,,,
,,,,,,,,,,,,,,,,,,,Decisiones complejas,,,,,,,,,,,,,,,,,,,,,,,,,,,Profesionalización,,,,,,,,,Beginner,,,,,,,,,,,,,,es,,,,,,,,,,,,,,,,,,,USD,,,,https://aprende.org/cursos/view/100062,,,,,,,,,,,,https://fsvc.capacitateparaelempleo.org/CapacitateFS/coursesImages/a51f0203-cdb6-45e9-a673-59796adafa59.png,,Distingue las características de las decisiones complejas y qué criterios debe asegurar cualquier decisión.,0.0,,,,,,,,,,,,Aprende,,,,,,,,,,,,,True,,,,,,,,,
,,,,,,,,,,,,,,,,,,,Solidaridad,,,,,,,,,,,,,,,,,,,,,,,,,,,Profesionalización,,,,,,,,,Beginner,,,,,,,,,,,,,,es,,,,,,,,,,,,,,,,,,,USD,,,,https://aprende.org/cursos/view/100063,,,,,,,,,,,,https://fsvc.capacitateparaelempleo.org/CapacitateFS/coursesImages/a0663881-129d-4252-8076-0c12125e0636.png,,Sensibilizar al usuario sobre el efecto positivo que tiene este valor en su entorno.,0.0,,,,,,,,,,,,Aprende,,,,,,,,,,,,,True,,,,,,,,,
,,,,,,,,,,,,,,,,,,,Actitud de servicio,,,,,,,,,,,,,,,,,,,,,,,,,,,Profesionalización,,,,,,,,,Beginner,,,,,,,,,,,,,,es,,,,,,,,,,,,,,,,,,,USD,,,,https://aprende.org/cursos/view/100064,,,,,,,,,,,,https://fsvc.capacitateparaelempleo.org/CapacitateFS/coursesImages/e466669d-d3b8-48df-b65f-5a3f07c7821a.png,,Entender las necesidades de los demás y ayudar a alcanzarlas sin poner obstáculos ni dañar a otros en el proceso.,0.0,,,,,,,,,,,,Aprende,,,,,,,,,,,,,True,,,,,,,,,
,,,,,,,,,,,,,,,,,,,Empatía,,,,,,,,,,,,,,,,,,,,,,,,,,,Profesionalización,,,,,,,,,Beginner,,,,,,,,,,,,,,es,,,,,,,,,,,,,,,,,,,USD,,,,https://aprende.org/cursos/view/100066,,,,,,,,,,,,https://fsvc.capacitateparaelempleo.org/CapacitateFS/coursesImages/accb16df-0a44-4dbd-9bc7-e26a6197b5bc.png,,Comprender los motivos del otro antes de emitir un juicio sobre su conducta.,0.0,,,,,,,,,,,,Aprende,,,,,,,,,,,,,True,,,,,,,,,
,,,,,,,,,,,,,,,,,,,Juego limpio,,,,,,,,,,,,,,,,,,,,,,,,,,,Profesionalización,,,,,,,,,Beginner,,,,,,,,,,,,,,es,,,,,,,,,,,,,,,,,,,USD,,,,https://aprende.org/cursos/view/100070,,,,,,,,,,,,https://fsvc.capacitateparaelempleo.org/CapacitateFS/coursesImages/35919c71-7a6e-44f5-84a8-ab82eeda7c20.png,,Crear ambientes respetuosos.,0.0,,,,,,,,,,,,Aprende,,,,,,,,,,,,,True,,,,,,,,,
,,,,,,,,,,,,,,,,,,,Autogestión,,,,,,,,,,,,,,,,,,,,,,,,,,,Profesionalización,,,,,,,,,Beginner,,,,,,,,,,,,,,es,,,,,,,,,,,,,,,,,,,USD,,,,https://aprende.org/cursos/view/100102,,,,,,,,,,,,https://fsvc.capacitateparaelempleo.org/CapacitateFS/coursesImages/f73fe938-d75e-4f73-a69f-e0d342baaec3.png,,"Impulsar a las personas a buscar una mejora contínua, que desemboque en un crecimiento individual y consecuentemente social.",0.0,,,,,,,,,,,,Aprende,,,,,,,,,,,,,True,,,,,,,,,
,,,,,,,,,,,,,,,,,,,Administración del tiempo,,,,,,,,,,,,,,,,,,,,,,,,,,,Profesionalización,,,,,,,,,Intermediate,,,,,,,,,,,,,,es,,,,,,,,,,,,,,,,,,,USD,,,,https://aprende.org/cursos/view/100135,,,,,,,,,,,,https://fsvc.capacitateparaelempleo.org/CapacitateFS/coursesImages/dd965d85-3b3f-476d-b779-5fbebe5348f5.png,,"¡Bienvenido! 
 La gestión del tiempo es el proceso que consiste en definir tus objetivos, priorizarlos y planificarlos, para después realizarlos con tu mayor concentración. Las acciones que encontrarás en esta capacitación te ayudarán a organizar mejor tu tiempo y tus tareas para que puedas cumplir tus metas laborales y personales.",0.0,,,,,,,,,,,,Aprende,,,,,,,,,,,,,True,,,,,,,,,
,,,,,,,,,,,,,,,,,,,Autoridad,,,,,,,,,,,,,,,,,,,,,,,,,,,Profesionalización,,,,,,,,,Intermediate,,,,,,,,,,,,,,es,,,,,,,,,,,,,,,,,,,USD,,,,https://aprende.org/cursos/view/100139,,,,,,,,,,,,https://fsvc.capacitateparaelempleo.org/CapacitateFS/coursesImages/7e03089b-01b0-4de0-9c37-f9d295714ddb.png,,Distinguir que la Autoridad debe ser utilizada con inteligencia emocional y para crear hábitos sanos para edificar.,0.0,,,,,,,,,,,,Aprende,,,,,,,,,,,,,True,,,,,,,,,
,,,,,,,,,,,,,,,,,,,Versatilidad,,,,,,,,,,,,,,,,,,,,,,,,,,,Profesionalización,,,,,,,,,Beginner,,,,,,,,,,,,,,es,,,,,,,,,,,,,,,,,,,USD,,,,https://aprende.org/cursos/view/100140,,,,,,,,,,,,https://fsvc.capacitateparaelempleo.org/CapacitateFS/coursesImages/9acaeda2-8e1a-4dd4-a39d-1bc0943e90a1.png,,"Afrontar cualquier reto sin conflicto, con efectividad y con disposición para aprender nuevos conocimientos, procedimientos y métodos.",0.0,,,,,,,,,,,,Aprende,,,,,,,,,,,,,True,,,,,,,,,
,,,,,,,,,,,,,,,,,,,Manejo de contingencias,,,,,,,,,,,,,,,,,,,,,,,,,,,Profesionalización,,,,,,,,,Intermediate,,,,,,,,,,,,,,es,,,,,,,,,,,,,,,,,,,USD,,,,https://aprende.org/cursos/view/100150,,,,,,,,,,,,https://fsvc.capacitateparaelempleo.org/CapacitateFS/coursesImages/31f8b0e0-0a78-4647-b06f-7237b06a49a2.png,,"Responder ante una crisis, incertidumbre, adversidad o donde no hay control de ninguna variable, sin perder rumbo, objetividad y precisión.",0.0,,,,,,,,,,,,Aprende,,,,,,,,,,,,,True,,,,,,,,,
,,,,,,,,,,,,,,,,,,,Manejo de riesgos,,,,,,,,,,,,,,,,,,,,,,,,,,,Profesionalización,,,,,,,,,Beginner,,,,,,,,,,,,,,es,,,,,,,,,,,,,,,,,,,USD,,,,https://aprende.org/cursos/view/100155,,,,,,,,,,,,https://fsvc.capacitateparaelempleo.org/CapacitateFS/coursesImages/623d20cb-ad8e-42af-9f8f-2596693b7155.png,,Tener la capacidad de evaluar toda decisión para conocer su alcance y efectos antes de ser ejecutada.,0.0,,,,,,,,,,,,Aprende,,,,,,,,,,,,,True,,,,,,,,,
,,,,,,,,,,,,,,,,,,,Integridad,,,,,,,,,,,,,,,,,,,,,,,,,,,Profesionalización,,,,,,,,,Intermediate,,,,,,,,,,,,,,es,,,,,,,,,,,,,,,,,,,USD,,,,https://aprende.org/cursos/view/100158,,,,,,,,,,,,https://fsvc.capacitateparaelempleo.org/CapacitateFS/coursesImages/e5f023fc-f7cd-4585-a37d-067dea6bd71f.png,,La integridad es la clave. En esta cápsula te guiaremos en el camino para convertirte en una persona más íntegra y alcanzar tus metas de forma ética y responsable.   ¡Empieza a construir tu integridad hoy mismo!,0.0,,,,,,,,,,,,Aprende,,,,,,,,,,,,,True,,,,,,,,,
,,,,,,,,,,,,,,,,,,,Uso de lenguaje corporal,,,,,,,,,,,,,,,,,,,,,,,,,,,Profesionalización,,,,,,,,,Intermediate,,,,,,,,,,,,,,es,,,,,,,,,,,,,,,,,,,USD,,,,https://aprende.org/cursos/view/100317,,,,,,,,,,,,https://fsvc.capacitateparaelempleo.org/CapacitateFS/coursesImages/663e503a-821d-48c9-a726-68e990d50662.png,,"¡Bienvenido! 
 En este curso encontrarás las expresiones necesarias para mejorar tu comunicación no verbal. Te deseamos mucho éxito.",0.0,,,,,,,,,,,,Aprende,,,,,,,,,,,,,True,,,,,,,,,
,,,,,,,,,,,,,,,,,,,Búsqueda de empleo en internet,,,,,,,,,,,,,,,,,,,,,,,,,,,Profesionalización,,,,,,,,,Intermediate,,,,,,,,,,,,,,es,,,,,,,,,,,,,,,,,,,USD,,,,https://aprende.org/cursos/view/100853,,,,,,,,,,,,https://fsvc.capacitateparaelempleo.org/CapacitateFS/coursesImages/e93031f1-93cd-469e-96b6-237dc1e64abc.png,,Desarrolla estrategias efectivas de búsqueda en línea para encontrar oportunidades laborales que se ajusten a tus habilidades e intereses.,0.0,,,,,,,,,,,,Aprende,,,,,,,,,,,,,True,,,,,,,,,
,,,,,,,,,,,,,,,,,,,Herramientas para solucionar problemas,,,,,,,,,,,,,,,,,,,,,,,,,,,Profesionalización,,,,,,,,,Intermediate,,,,,,,,,,,,,,es,,,,,,,,,,,,,,,,,,,USD,,,,https://aprende.org/cursos/view/100859,,,,,,,,,,,,https://fsvc.capacitateparaelempleo.org/CapacitateFS/coursesImages/ffd3ce63-51aa-43d5-b51a-4d28acfedcd7.png,,"¡Bienvenido!  
 En este curso adquirirás herramientas para identificar, analizar y resolver diferentes problemas, desarrollando habilidades que te permitan enfrentarlos con eficacia y alcanzar resultados óptimos.  
 ¡Éxito en tu capacitación!",0.0,,,,,,,,,,,,Aprende,,,,,,,,,,,,,True,,,,,,,,,
,,,,,,,,,,,,,,,,,,,Delegación de tareas,,,,,,,,,,,,,,,,,,,,,,,,,,,Profesionalización,,,,,,,,,Intermediate,,,,,,,,,,,,,,es,,,,,,,,,,,,,,,,,,,USD,,,,https://aprende.org/cursos/view/100922,,,,,,,,,,,,https://fsvc.capacitateparaelempleo.org/CapacitateFS/coursesImages/5dad5c88-f37b-4ccf-9883-29cf5234280b.png,,"¿""Si quiero que salga bien, lo tengo que hacer yo""?  
 Si eres líder de equipo o simplemente tienes a alguien a tu cargo y esta frase es tu día a día, estás limitando tu potencial y el de tu gente. Mantener el control absoluto por miedo a perder calidad sólo te garantiza una cosa:  trabajar de más.  
 Repartir actividades al primero que veas libre no funciona; eso no es delegar. Delegar de verdad es un arte que empodera a tu equipo y te libera a ti. 
 En este curso descubrirás cómo soltar el control de manera estratégica.  
 
 Liderar con éxito es resolver los retos junto con tu equipo, no cargar con todo el peso tú solo. 
 
  Deja de ser el cuello de botella de tu propia operación.  
  Cursa este contenido, sin costo, a tu ritmo y a cualquier hora del día y transforma tu forma de liderar.",0.0,,,,,,,,,,,,Aprende,,,,,,,,,,,,,True,,,,,,,,,
,,,,,,,,,,,,,,,,,,,¿Qué es aprender?,,,,,,,,,,,,,,,,,,,,,,,,,,,¿Qué es aprender?,,,,,,,,,Beginner,,,,,,,,,,,,,,es,,,,,,,,,,,,,,,,,,,USD,,,,https://aprende.org/cursos/view/419,,,,,,,,,,,,,,,0.0,,,,,,,,,,,,Aprende,,,,,,,,,,,,,True,,,,,,,,,
,,,,,,,,,,,,,,,,,,,Aprende Assets,,,,,,,,,,,,,,,,,,,,,,,,,,,¿Qué es aprender?,,,,,,,,,Beginner,,,,,,,,,,,,,,es,,,,,,,,,,,,,,,,,,,USD,,,,https://aprende.org/cursos/view/100076,,,,,,,,,,,,https://fsvc.capacitateparaelempleo.org/CapacitateFS/coursesImages/ddca66a9-6fdd-4433-8716-c2126a79376f.png,,,0.0,,,,,,,,,,,,Aprende,,,,,,,,,,,,,True,,,,,,,,,
,,,,,,,,,,,,,,,,,,,dddummy,,,,,,,,,,,,,,,,,,,,,,,,,,,¿Qué es aprender?,,,,,,,,,Beginner,,,,,,,,,,,,,,es,,,,,,,,,,,,,,,,,,,USD,,,,https://aprende.org/cursos/view/100739,,,,,,,,,,,,,,,0.0,,,,,,,,,,,,Aprende,,,,,,,,,,,,,True,,,,,,,,,
,,,,,,,,,,,,,,,,,,,dummy13,,,,,,,,,,,,,,,,,,,,,,,,,,,¿Qué es aprender?,,,,,,,,,Beginner,,,,,,,,,,,,,,es,,,,,,,,,,,,,,,,,,,USD,,,,https://aprende.org/cursos/view/100894,,,,,,,,,,,,https://fsvc.capacitateparaelempleo.org/CapacitateFS/coursesImages/4f8d7d91-d97b-4fca-92a8-4f39c7838a83.png,,lalalala,0.0,,,,,,,,,,,,Aprende,,,,,,,,,,,,,True,,,,,,,,,
,,,,,,,,,,,,,,,,,,,Educación inicial,,,,,,,,,,,,,,,,,,,,,,,,,,,Inicial,,,,,,,,,Beginner,,,,,,,,,,,,,,es,,,,,,,,,,,,,,,,,,,USD,,,,https://aprende.org/cursos/view/420,,,,,,,,,,,,,,,0.0,,,,,,,,,,,,Aprende,,,,,,,,,,,,,True,,,,,,,,,
,,,,,,,,,,,,,,,,,,,Mario Molina Premio Nobel,,,,,,,,,,,,,,,,,,,,,,,,,,,Mario Molina Premio Nobel,,,,,,,,,Beginner,,,,,,,,,,,,,,es,,,,,,,,,,,,,,,,,,,USD,,,,https://aprende.org/cursos/view/421,,,,,,,,,,,,,,,0.0,,,,,,,,,,,,Aprende,,,,,,,,,,,,,True,,,,,,,,,
,,,,,,,,,,,,,,,,,,,Cálculo de huella de carbono,,,,,,,,,,,,,,,,,,,,,,,,,,,Mario Molina Premio Nobel,,,,,,,,,Beginner,,,,,,,,,,,,,,es,,,,,,,,,,,,,,,,,,,USD,,,,https://aprende.org/cursos/view/100009,,,,,,,,,,,,https://fsvc.capacitateparaelempleo.org/CapacitateFS/coursesImages/2a940ec7-ad73-499f-8d0f-17f9bd4c909e.png,,,0.0,,,,,,,,,,,,Aprende,,,,,,,,,,,,,True,,,,,,,,,
,,,,,,,,,,,,,,,,,,,Concentración de agentes contaminantes en el aire,,,,,,,,,,,,,,,,,,,,,,,,,,,Mario Molina Premio Nobel,,,,,,,,,Beginner,,,,,,,,,,,,,,es,,,,,,,,,,,,,,,,,,,USD,,,,https://aprende.org/cursos/view/100010,,,,,,,,,,,,https://fsvc.capacitateparaelempleo.org/CapacitateFS/coursesImages/39bf5038-85f9-4eae-a3bc-60b17ce58a08.png,,,0.0,,,,,,,,,,,,Aprende,,,,,,,,,,,,,True,,,,,,,,,
,,,,,,,,,,,,,,,,,,,Gobernanza del aire,,,,,,,,,,,,,,,,,,,,,,,,,,,Mario Molina Premio Nobel,,,,,,,,,Beginner,,,,,,,,,,,,,,es,,,,,,,,,,,,,,,,,,,USD,,,,https://aprende.org/cursos/view/100011,,,,,,,,,,,,https://fsvc.capacitateparaelempleo.org/CapacitateFS/coursesImages/eac3cd87-9cd4-42ba-95e6-c1fa9c0d86be.png,,,0.0,,,,,,,,,,,,Aprende,,,,,,,,,,,,,True,,,,,,,,,
,,,,,,,,,,,,,,,,,,,Cónicas,,,,,,,,,,,,,,,,,,,,,,,,,,,Matemáticas,,,,,,,,,Beginner,,,,,,,,,,,,,,es,,,,,,,,,,,,,,,,,,,USD,,,,https://aprende.org/cursos/view/422,,,,,,,,,,,,https://fsvc.capacitateparaelempleo.org/CapacitateFS/assetsAprende/pbzfv0i.png,,,0.0,,,,,,,,,,,,Aprende,,,,,,,,,,,,,True,,,,,,,,,
,,,,,,,,,,,,,,,,,,,Coordenadas,,,,,,,,,,,,,,,,,,,,,,,,,,,Matemáticas,,,,,,,,,Beginner,,,,,,,,,,,,,,es,,,,,,,,,,,,,,,,,,,USD,,,,https://aprende.org/cursos/view/423,,,,,,,,,,,,https://fsvc.capacitateparaelempleo.org/CapacitateFS/assetsAprende/kfijruw.png,,,0.0,,,,,,,,,,,,Aprende,,,,,,,,,,,,,True,,,,,,,,,
,,,,,,,,,,,,,,,,,,,Divisiones,,,,,,,,,,,,,,,,,,,,,,,,,,,Matemáticas,,,,,,,,,Beginner,,,,,,,,,,,,,,es,,,,,,,,,,,,,,,,,,,USD,,,,https://aprende.org/cursos/view/424,,,,,,,,,,,,https://fsvc.capacitateparaelempleo.org/CapacitateFS/assetsAprende/b56ucuq.png,,,0.0,,,,,,,,,,,,Aprende,,,,,,,,,,,,,True,,,,,,,,,
,,,,,,,,,,,,,,,,,,,Ecuaciones,,,,,,,,,,,,,,,,,,,,,,,,,,,Matemáticas,,,,,,,,,Beginner,,,,,,,,,,,,,,es,,,,,,,,,,,,,,,,,,,USD,,,,https://aprende.org/cursos/view/425,,,,,,,,,,,,https://fsvc.capacitateparaelempleo.org/CapacitateFS/assetsAprende/wu5amoc.png,,,0.0,,,,,,,,,,,,Aprende,,,,,,,,,,,,,True,,,,,,,,,
,,,,,,,,,,,,,,,,,,,El azar,,,,,,,,,,,,,,,,,,,,,,,,,,,Matemáticas,,,,,,,,,Beginner,,,,,,,,,,,,,,es,,,,,,,,,,,,,,,,,,,USD,,,,https://aprende.org/cursos/view/426,,,,,,,,,,,,https://fsvc.capacitateparaelempleo.org/CapacitateFS/assetsAprende/juhc7pt.png,,,0.0,,,,,,,,,,,,Aprende,,,,,,,,,,,,,True,,,,,,,,,
,,,,,,,,,,,,,,,,,,,El porqué de las fórmulas,,,,,,,,,,,,,,,,,,,,,,,,,,,Matemáticas,,,,,,,,,Beginner,,,,,,,,,,,,,,es,,,,,,,,,,,,,,,,,,,USD,,,,https://aprende.org/cursos/view/427,,,,,,,,,,,,https://fsvc.capacitateparaelempleo.org/CapacitateFS/assetsAprende/ufx0w23.png,,,0.0,,,,,,,,,,,,Aprende,,,,,,,,,,,,,True,,,,,,,,,
,,,,,,,,,,,,,,,,,,,Fracciones,,,,,,,,,,,,,,,,,,,,,,,,,,,Matemáticas,,,,,,,,,Beginner,,,,,,,,,,,,,,es,,,,,,,,,,,,,,,,,,,USD,,,,https://aprende.org/cursos/view/428,,,,,,,,,,,,https://fsvc.capacitateparaelempleo.org/CapacitateFS/assetsAprende/ghb6im9.png,,,0.0,,,,,,,,,,,,Aprende,,,,,,,,,,,,,True,,,,,,,,,
,,,,,,,,,,,,,,,,,,,Fracciones y decimales,,,,,,,,,,,,,,,,,,,,,,,,,,,Matemáticas,,,,,,,,,Beginner,,,,,,,,,,,,,,es,,,,,,,,,,,,,,,,,,,USD,,,,https://aprende.org/cursos/view/429,,,,,,,,,,,,https://fsvc.capacitateparaelempleo.org/CapacitateFS/assetsAprende/kx5rymh.png,,,0.0,,,,,,,,,,,,Aprende,,,,,,,,,,,,,True,,,,,,,,,
,,,,,,,,,,,,,,,,,,,Geometría,,,,,,,,,,,,,,,,,,,,,,,,,,,Matemáticas,,,,,,,,,Beginner,,,,,,,,,,,,,,es,,,,,,,,,,,,,,,,,,,USD,,,,https://aprende.org/cursos/view/430,,,,,,,,,,,,https://fsvc.capacitateparaelempleo.org/CapacitateFS/assetsAprende/kbtmldo.png,,,0.0,,,,,,,,,,,,Aprende,,,,,,,,,,,,,True,,,,,,,,,
,,,,,,,,,,,,,,,,,,,Gráficas y funciones,,,,,,,,,,,,,,,,,,,,,,,,,,,Matemáticas,,,,,,,,,Beginner,,,,,,,,,,,,,,es,,,,,,,,,,,,,,,,,,,USD,,,,https://aprende.org/cursos/view/431,,,,,,,,,,,,https://fsvc.capacitateparaelempleo.org/CapacitateFS/assetsAprende/kgjwbv4.png,,,0.0,,,,,,,,,,,,Aprende,,,,,,,,,,,,,True,,,,,,,,,
,,,,,,,,,,,,,,,,,,,Integrales,,,,,,,,,,,,,,,,,,,,,,,,,,,Matemáticas,,,,,,,,,Beginner,,,,,,,,,,,,,,es,,,,,,,,,,,,,,,,,,,USD,,,,https://aprende.org/cursos/view/432,,,,,,,,,,,,https://fsvc.capacitateparaelempleo.org/CapacitateFS/assetsAprende/e1kb3ms.png,,,0.0,,,,,,,,,,,,Aprende,,,,,,,,,,,,,True,,,,,,,,,
,,,,,,,,,,,,,,,,,,,Interpretación de datos,,,,,,,,,,,,,,,,,,,,,,,,,,,Matemáticas,,,,,,,,,Beginner,,,,,,,,,,,,,,es,,,,,,,,,,,,,,,,,,,USD,,,,https://aprende.org/cursos/view/433,,,,,,,,,,,,https://fsvc.capacitateparaelempleo.org/CapacitateFS/assetsAprende/oimjast.png,,,0.0,,,,,,,,,,,,Aprende,,,,,,,,,,,,,True,,,,,,,,,
,,,,,,,,,,,,,,,,,,,La historia de los números,,,,,,,,,,,,,,,,,,,,,,,,,,,Matemáticas,,,,,,,,,Beginner,,,,,,,,,,,,,,es,,,,,,,,,,,,,,,,,,,USD,,,,https://aprende.org/cursos/view/434,,,,,,,,,,,,https://fsvc.capacitateparaelempleo.org/CapacitateFS/assetsAprende/asjyhpr.png,,,0.0,,,,,,,,,,,,Aprende,,,,,,,,,,,,,True,,,,,,,,,
,,,,,,,,,,,,,,,,,,,Leyes de signos,,,,,,,,,,,,,,,,,,,,,,,,,,,Matemáticas,,,,,,,,,Beginner,,,,,,,,,,,,,,es,,,,,,,,,,,,,,,,,,,USD,,,,https://aprende.org/cursos/view/435,,,,,,,,,,,,https://fsvc.capacitateparaelempleo.org/CapacitateFS/assetsAprende/sxj5kcx.png,,,0.0,,,,,,,,,,,,Aprende,,,,,,,,,,,,,True,,,,,,,,,
,,,,,,,,,,,,,,,,,,,Líneas y ángulos,,,,,,,,,,,,,,,,,,,,,,,,,,,Matemáticas,,,,,,,,,Beginner,,,,,,,,,,,,,,es,,,,,,,,,,,,,,,,,,,USD,,,,https://aprende.org/cursos/view/436,,,,,,,,,,,,https://fsvc.capacitateparaelempleo.org/CapacitateFS/assetsAprende/o8e68z6.png,,,0.0,,,,,,,,,,,,Aprende,,,,,,,,,,,,,True,,,,,,,,,
,,,,,,,,,,,,,,,,,,,Los números,,,,,,,,,,,,,,,,,,,,,,,,,,,Matemáticas,,,,,,,,,Beginner,,,,,,,,,,,,,,es,,,,,,,,,,,,,,,,,,,USD,,,,https://aprende.org/cursos/view/437,,,,,,,,,,,,https://fsvc.capacitateparaelempleo.org/CapacitateFS/assetsAprende/rmfarff.png,,,0.0,,,,,,,,,,,,Aprende,,,,,,,,,,,,,True,,,,,,,,,
,,,,,,,,,,,,,,,,,,,Mayor o menor que,,,,,,,,,,,,,,,,,,,,,,,,,,,Matemáticas,,,,,,,,,Beginner,,,,,,,,,,,,,,es,,,,,,,,,,,,,,,,,,,USD,,,,https://aprende.org/cursos/view/438,,,,,,,,,,,,https://fsvc.capacitateparaelempleo.org/CapacitateFS/assetsAprende/j398247.png,,,0.0,,,,,,,,,,,,Aprende,,,,,,,,,,,,,True,,,,,,,,,
,,,,,,,,,,,,,,,,,,,Multiplicación y división de fracciones,,,,,,,,,,,,,,,,,,,,,,,,,,,Matemáticas,,,,,,,,,Beginner,,,,,,,,,,,,,,es,,,,,,,,,,,,,,,,,,,USD,,,,https://aprende.org/cursos/view/439,,,,,,,,,,,,https://fsvc.capacitateparaelempleo.org/CapacitateFS/assetsAprende/8hkhoua.png,,,0.0,,,,,,,,,,,,Aprende,,,,,,,,,,,,,True,,,,,,,,,
,,,,,,,,,,,,,,,,,,,Multiplicaciones,,,,,,,,,,,,,,,,,,,,,,,,,,,Matemáticas,,,,,,,,,Beginner,,,,,,,,,,,,,,es,,,,,,,,,,,,,,,,,,,USD,,,,https://aprende.org/cursos/view/440,,,,,,,,,,,,https://fsvc.capacitateparaelempleo.org/CapacitateFS/assetsAprende/wze6lw5.png,,,0.0,,,,,,,,,,,,Aprende,,,,,,,,,,,,,True,,,,,,,,,
,,,,,,,,,,,,,,,,,,,Operaciones con propiedad,,,,,,,,,,,,,,,,,,,,,,,,,,,Matemáticas,,,,,,,,,Beginner,,,,,,,,,,,,,,es,,,,,,,,,,,,,,,,,,,USD,,,,https://aprende.org/cursos/view/441,,,,,,,,,,,,https://fsvc.capacitateparaelempleo.org/CapacitateFS/assetsAprende/nqm0ann.png,,,0.0,,,,,,,,,,,,Aprende,,,,,,,,,,,,,True,,,,,,,,,
,,,,,,,,,,,,,,,,,,,Pensamiento lógico-matemático,,,,,,,,,,,,,,,,,,,,,,,,,,,Matemáticas,,,,,,,,,Beginner,,,,,,,,,,,,,,es,,,,,,,,,,,,,,,,,,,USD,,,,https://aprende.org/cursos/view/442,,,,,,,,,,,,https://fsvc.capacitateparaelempleo.org/CapacitateFS/assetsAprende/x8orvpw.png,,,0.0,,,,,,,,,,,,Aprende,,,,,,,,,,,,,True,,,,,,,,,
,,,,,,,,,,,,,,,,,,,Porcentajes,,,,,,,,,,,,,,,,,,,,,,,,,,,Matemáticas,,,,,,,,,Beginner,,,,,,,,,,,,,,es,,,,,,,,,,,,,,,,,,,USD,,,,https://aprende.org/cursos/view/443,,,,,,,,,,,,https://fsvc.capacitateparaelempleo.org/CapacitateFS/assetsAprende/c2kschz.png,,,0.0,,,,,,,,,,,,Aprende,,,,,,,,,,,,,True,,,,,,,,,
,,,,,,,,,,,,,,,,,,,Simetría,,,,,,,,,,,,,,,,,,,,,,,,,,,Matemáticas,,,,,,,,,Beginner,,,,,,,,,,,,,,es,,,,,,,,,,,,,,,,,,,USD,,,,https://aprende.org/cursos/view/444,,,,,,,,,,,,https://fsvc.capacitateparaelempleo.org/CapacitateFS/assetsAprende/legllxf.png,,,0.0,,,,,,,,,,,,Aprende,,,,,,,,,,,,,True,,,,,,,,,
,,,,,,,,,,,,,,,,,,,Sucesiones,,,,,,,,,,,,,,,,,,,,,,,,,,,Matemáticas,,,,,,,,,Beginner,,,,,,,,,,,,,,es,,,,,,,,,,,,,,,,,,,USD,,,,https://aprende.org/cursos/view/445,,,,,,,,,,,,https://fsvc.capacitateparaelempleo.org/CapacitateFS/assetsAprende/0p4w1ys.png,,,0.0,,,,,,,,,,,,Aprende,,,,,,,,,,,,,True,,,,,,,,,
,,,,,,,,,,,,,,,,,,,Suma y resta,,,,,,,,,,,,,,,,,,,,,,,,,,,Matemáticas,,,,,,,,,Beginner,,,,,,,,,,,,,,es,,,,,,,,,,,,,,,,,,,USD,,,,https://aprende.org/cursos/view/446,,,,,,,,,,,,https://fsvc.capacitateparaelempleo.org/CapacitateFS/assetsAprende/hzdatlv.png,,,0.0,,,,,,,,,,,,Aprende,,,,,,,,,,,,,True,,,,,,,,,
,,,,,,,,,,,,,,,,,,,Suma y resta de fracciones,,,,,,,,,,,,,,,,,,,,,,,,,,,Matemáticas,,,,,,,,,Beginner,,,,,,,,,,,,,,es,,,,,,,,,,,,,,,,,,,USD,,,,https://aprende.org/cursos/view/447,,,,,,,,,,,,https://fsvc.capacitateparaelempleo.org/CapacitateFS/assetsAprende/ayqz2a6.png,,,0.0,,,,,,,,,,,,Aprende,,,,,,,,,,,,,True,,,,,,,,,
,,,,,,,,,,,,,,,,,,,Triángulos,,,,,,,,,,,,,,,,,,,,,,,,,,,Matemáticas,,,,,,,,,Beginner,,,,,,,,,,,,,,es,,,,,,,,,,,,,,,,,,,USD,,,,https://aprende.org/cursos/view/448,,,,,,,,,,,,https://fsvc.capacitateparaelempleo.org/CapacitateFS/assetsAprende/zrwcs3y.png,,,0.0,,,,,,,,,,,,Aprende,,,,,,,,,,,,,True,,,,,,,,,
,,,,,,,,,,,,,,,,,,,Unidades de medida,,,,,,,,,,,,,,,,,,,,,,,,,,,Matemáticas,,,,,,,,,Beginner,,,,,,,,,,,,,,es,,,,,,,,,,,,,,,,,,,USD,,,,https://aprende.org/cursos/view/449,,,,,,,,,,,,https://fsvc.capacitateparaelempleo.org/CapacitateFS/assetsAprende/csb7n3b.png,,,0.0,,,,,,,,,,,,Aprende,,,,,,,,,,,,,True,,,,,,,,,
,,,,,,,,,,,,,,,,,,,"Unidades, decenas y centenas",,,,,,,,,,,,,,,,,,,,,,,,,,,Matemáticas,,,,,,,,,Beginner,,,,,,,,,,,,,,es,,,,,,,,,,,,,,,,,,,USD,,,,https://aprende.org/cursos/view/450,,,,,,,,,,,,https://fsvc.capacitateparaelempleo.org/CapacitateFS/assetsAprende/h2qgbfq.png,,,0.0,,,,,,,,,,,,Aprende,,,,,,,,,,,,,True,,,,,,,,,
,,,,,,,,,,,,,,,,,,,Uso de la calculadora,,,,,,,,,,,,,,,,,,,,,,,,,,,Matemáticas,,,,,,,,,Beginner,,,,,,,,,,,,,,es,,,,,,,,,,,,,,,,,,,USD,,,,https://aprende.org/cursos/view/451,,,,,,,,,,,,https://fsvc.capacitateparaelempleo.org/CapacitateFS/assetsAprende/ovk0cko.png,,,0.0,,,,,,,,,,,,Aprende,,,,,,,,,,,,,True,,,,,,,,,
,,,,,,,,,,,,,,,,,,,Algebra,,,,,,,,,,,,,,,,,,,,,,,,,,,Matemáticas,,,,,,,,,Beginner,,,,,,,,,,,,,,es,,,,,,,,,,,,,,,,,,,USD,,,,https://aprende.org/cursos/view/452,,,,,,,,,,,,https://fsvc.capacitateparaelempleo.org/CapacitateFS/assetsAprende/kmur7kb.png,,,0.0,,,,,,,,,,,,Aprende,,,,,,,,,,,,,True,,,,,,,,,
,,,,,,,,,,,,,,,,,,,Aritmética,,,,,,,,,,,,,,,,,,,,,,,,,,,Matemáticas,,,,,,,,,Beginner,,,,,,,,,,,,,,es,,,,,,,,,,,,,,,,,,,USD,,,,https://aprende.org/cursos/view/453,,,,,,,,,,,,https://fsvc.capacitateparaelempleo.org/CapacitateFS/assetsAprende/jui2fec.png,,,0.0,,,,,,,,,,,,Aprende,,,,,,,,,,,,,True,,,,,,,,,
,,,,,,,,,,,,,,,,,,,Cálculo mental y razonamiento lógico,,,,,,,,,,,,,,,,,,,,,,,,,,,Matemáticas,,,,,,,,,Beginner,,,,,,,,,,,,,,es,,,,,,,,,,,,,,,,,,,USD,,,,https://aprende.org/cursos/view/454,,,,,,,,,,,,https://fsvc.capacitateparaelempleo.org/CapacitateFS/assetsAprende/14c0ara.png,,,0.0,,,,,,,,,,,,Aprende,,,,,,,,,,,,,True,,,,,,,,,
,,,,,,,,,,,,,,,,,,,Trigonometría,,,,,,,,,,,,,,,,,,,,,,,,,,,Matemáticas,,,,,,,,,Beginner,,,,,,,,,,,,,,es,,,,,,,,,,,,,,,,,,,USD,,,,https://aprende.org/cursos/view/455,,,,,,,,,,,,https://fsvc.capacitateparaelempleo.org/CapacitateFS/assetsAprende/eyetou9.png,,,0.0,,,,,,,,,,,,Aprende,,,,,,,,,,,,,True,,,,,,,,,
,,,,,,,,,,,,,,,,,,,Probabilidad y estadística,,,,,,,,,,,,,,,,,,,,,,,,,,,Matemáticas,,,,,,,,,Beginner,,,,,,,,,,,,,,es,,,,,,,,,,,,,,,,,,,USD,,,,https://aprende.org/cursos/view/456,,,,,,,,,,,,https://fsvc.capacitateparaelempleo.org/CapacitateFS/assetsAprende/gt6g7v9.png,,,0.0,,,,,,,,,,,,Aprende,,,,,,,,,,,,,True,,,,,,,,,
,,,,,,,,,,,,,,,,,,,Pre Cálculo,,,,,,,,,,,,,,,,,,,,,,,,,,,Matemáticas,,,,,,,,,Beginner,,,,,,,,,,,,,,es,,,,,,,,,,,,,,,,,,,USD,,,,https://aprende.org/cursos/view/457,,,,,,,,,,,,https://fsvc.capacitateparaelempleo.org/CapacitateFS/assetsAprende/wx4fkae.png,,,0.0,,,,,,,,,,,,Aprende,,,,,,,,,,,,,True,,,,,,,,,
,,,,,,,,,,,,,,,,,,,Cálculo y ecuaciones diferenciales,,,,,,,,,,,,,,,,,,,,,,,,,,,Matemáticas,,,,,,,,,Beginner,,,,,,,,,,,,,,es,,,,,,,,,,,,,,,,,,,USD,,,,https://aprende.org/cursos/view/458,,,,,,,,,,,,https://fsvc.capacitateparaelempleo.org/CapacitateFS/assetsAprende/nvcnk0z.png,,,0.0,,,,,,,,,,,,Aprende,,,,,,,,,,,,,True,,,,,,,,,
,,,,,,,,,,,,,,,,,,,Geometría analítica,,,,,,,,,,,,,,,,,,,,,,,,,,,Matemáticas,,,,,,,,,Beginner,,,,,,,,,,,,,,es,,,,,,,,,,,,,,,,,,,USD,,,,https://aprende.org/cursos/view/459,,,,,,,,,,,,https://fsvc.capacitateparaelempleo.org/CapacitateFS/assetsAprende/19zzfhs.png,,,0.0,,,,,,,,,,,,Aprende,,,,,,,,,,,,,True,,,,,,,,,
,,,,,,,,,,,,,,,,,,,Primaria 1,,,,,,,,,,,,,,,,,,,,,,,,,,,Matemáticas,,,,,,,,,Beginner,,,,,,,,,,,,,,es,,,,,,,,,,,,,,,,,,,USD,,,,https://aprende.org/cursos/view/543,,,,,,,,,,,,https://fsvc.capacitateparaelempleo.org/CapacitateFS/coursesImages/0eb5ea11-7bde-4623-9a86-214e4eac047d.png,,NULL,0.0,,,,,,,,,,,,Aprende,,,,,,,,,,,,,True,,,,,,,,,
,,,,,,,,,,,,,,,,,,,Primaria 2,,,,,,,,,,,,,,,,,,,,,,,,,,,Matemáticas,,,,,,,,,Beginner,,,,,,,,,,,,,,es,,,,,,,,,,,,,,,,,,,USD,,,,https://aprende.org/cursos/view/544,,,,,,,,,,,,https://fsvc.capacitateparaelempleo.org/CapacitateFS/coursesImages/110ceece-ba06-42d1-bb04-0c4929f46118.png,,NULL,0.0,,,,,,,,,,,,Aprende,,,,,,,,,,,,,True,,,,,,,,,
,,,,,,,,,,,,,,,,,,,Primaria 3,,,,,,,,,,,,,,,,,,,,,,,,,,,Matemáticas,,,,,,,,,Beginner,,,,,,,,,,,,,,es,,,,,,,,,,,,,,,,,,,USD,,,,https://aprende.org/cursos/view/545,,,,,,,,,,,,https://fsvc.capacitateparaelempleo.org/CapacitateFS/coursesImages/fcfe31ac-e66c-44e4-8f4f-46f42308a833.png,,NULL,0.0,,,,,,,,,,,,Aprende,,,,,,,,,,,,,True,,,,,,,,,
,,,,,,,,,,,,,,,,,,,Primaria 4,,,,,,,,,,,,,,,,,,,,,,,,,,,Matemáticas,,,,,,,,,Beginner,,,,,,,,,,,,,,es,,,,,,,,,,,,,,,,,,,USD,,,,https://aprende.org/cursos/view/546,,,,,,,,,,,,https://fsvc.capacitateparaelempleo.org/CapacitateFS/coursesImages/5edbf903-ff7e-404b-a614-0f7fca260219.png,,NULL,0.0,,,,,,,,,,,,Aprende,,,,,,,,,,,,,True,,,,,,,,,
,,,,,,,,,,,,,,,,,,,Primaria 5,,,,,,,,,,,,,,,,,,,,,,,,,,,Matemáticas,,,,,,,,,Beginner,,,,,,,,,,,,,,es,,,,,,,,,,,,,,,,,,,USD,,,,https://aprende.org/cursos/view/547,,,,,,,,,,,,https://fsvc.capacitateparaelempleo.org/CapacitateFS/coursesImages/962dface-cb60-414f-a557-0676511d185a.png,,NULL,0.0,,,,,,,,,,,,Aprende,,,,,,,,,,,,,True,,,,,,,,,
,,,,,,,,,,,,,,,,,,,Primaria 6,,,,,,,,,,,,,,,,,,,,,,,,,,,Matemáticas,,,,,,,,,Beginner,,,,,,,,,,,,,,es,,,,,,,,,,,,,,,,,,,USD,,,,https://aprende.org/cursos/view/548,,,,,,,,,,,,https://fsvc.capacitateparaelempleo.org/CapacitateFS/coursesImages/271a784a-58d1-494e-b092-d1c88e5b7d72.png,,NULL,0.0,,,,,,,,,,,,Aprende,,,,,,,,,,,,,True,,,,,,,,,
,,,,,,,,,,,,,,,,,,,Secundaria 1,,,,,,,,,,,,,,,,,,,,,,,,,,,Matemáticas,,,,,,,,,Beginner,,,,,,,,,,,,,,es,,,,,,,,,,,,,,,,,,,USD,,,,https://aprende.org/cursos/view/549,,,,,,,,,,,,https://fsvc.capacitateparaelempleo.org/CapacitateFS/coursesImages/cd2dd725-a56b-42d4-adfd-f95d381e63e3.png,,NULL,0.0,,,,,,,,,,,,Aprende,,,,,,,,,,,,,True,,,,,,,,,
,,,,,,,,,,,,,,,,,,,Secundaria 2,,,,,,,,,,,,,,,,,,,,,,,,,,,Matemáticas,,,,,,,,,Beginner,,,,,,,,,,,,,,es,,,,,,,,,,,,,,,,,,,USD,,,,https://aprende.org/cursos/view/550,,,,,,,,,,,,https://fsvc.capacitateparaelempleo.org/CapacitateFS/coursesImages/7d137ac1-c2ea-4f0f-a121-8ed2b06fedc6.png,,NULL,0.0,,,,,,,,,,,,Aprende,,,,,,,,,,,,,True,,,,,,,,,
,,,,,,,,,,,,,,,,,,,Secundaria 3,,,,,,,,,,,,,,,,,,,,,,,,,,,Matemáticas,,,,,,,,,Beginner,,,,,,,,,,,,,,es,,,,,,,,,,,,,,,,,,,USD,,,,https://aprende.org/cursos/view/551,,,,,,,,,,,,https://fsvc.capacitateparaelempleo.org/CapacitateFS/coursesImages/6b772e4a-56a5-4726-85bc-d323d3c27830.png,,NULL,0.0,,,,,,,,,,,,Aprende,,,,,,,,,,,,,True,,,,,,,,,
,,,,,,,,,,,,,,,,,,,Bachillerato 1,,,,,,,,,,,,,,,,,,,,,,,,,,,Matemáticas,,,,,,,,,Beginner,,,,,,,,,,,,,,es,,,,,,,,,,,,,,,,,,,USD,,,,https://aprende.org/cursos/view/552,,,,,,,,,,,,https://fsvc.capacitateparaelempleo.org/CapacitateFS/coursesImages/632622f1-5516-4bc0-9870-2ced70ca7231.png,,NULL,0.0,,,,,,,,,,,,Aprende,,,,,,,,,,,,,True,,,,,,,,,
,,,,,,,,,,,,,,,,,,,Bachillerato 2,,,,,,,,,,,,,,,,,,,,,,,,,,,Matemáticas,,,,,,,,,Beginner,,,,,,,,,,,,,,es,,,,,,,,,,,,,,,,,,,USD,,,,https://aprende.org/cursos/view/553,,,,,,,,,,,,https://fsvc.capacitateparaelempleo.org/CapacitateFS/coursesImages/893ba377-9c6c-495f-a34c-a359018f7abf.png,,NULL,0.0,,,,,,,,,,,,Aprende,,,,,,,,,,,,,True,,,,,,,,,
,,,,,,,,,,,,,,,,,,,Bachillerato 3,,,,,,,,,,,,,,,,,,,,,,,,,,,Matemáticas,,,,,,,,,Beginner,,,,,,,,,,,,,,es,,,,,,,,,,,,,,,,,,,USD,,,,https://aprende.org/cursos/view/554,,,,,,,,,,,,https://fsvc.capacitateparaelempleo.org/CapacitateFS/coursesImages/0f6d954c-987d-4d8e-82ae-9899dfbf7a0c.png,,NULL,0.0,,,,,,,,,,,,Aprende,,,,,,,,,,,,,True,,,,,,,,,
,,,,,,,,,,,,,,,,,,,Bachillerato 4,,,,,,,,,,,,,,,,,,,,,,,,,,,Matemáticas,,,,,,,,,Beginner,,,,,,,,,,,,,,es,,,,,,,,,,,,,,,,,,,USD,,,,https://aprende.org/cursos/view/555,,,,,,,,,,,,https://fsvc.capacitateparaelempleo.org/CapacitateFS/coursesImages/04ee90c3-589f-400e-bff2-0227fe2dfbd5.png,,NULL,0.0,,,,,,,,,,,,Aprende,,,,,,,,,,,,,True,,,,,,,,,
,,,,,,,,,,,,,,,,,,,Bachillerato 5,,,,,,,,,,,,,,,,,,,,,,,,,,,Matemáticas,,,,,,,,,Beginner,,,,,,,,,,,,,,es,,,,,,,,,,,,,,,,,,,USD,,,,https://aprende.org/cursos/view/556,,,,,,,,,,,,https://fsvc.capacitateparaelempleo.org/CapacitateFS/coursesImages/9067a9bf-c27c-4acf-8a0b-65f4820b37e9.png,,NULL,0.0,,,,,,,,,,,,Aprende,,,,,,,,,,,,,True,,,,,,,,,
,,,,,,,,,,,,,,,,,,,Bachillerato 6,,,,,,,,,,,,,,,,,,,,,,,,,,,Matemáticas,,,,,,,,,Beginner,,,,,,,,,,,,,,es,,,,,,,,,,,,,,,,,,,USD,,,,https://aprende.org/cursos/view/557,,,,,,,,,,,,https://fsvc.capacitateparaelempleo.org/CapacitateFS/coursesImages/2bb8faea-79d6-4832-a6f6-d3f0ffd3d4ce.png,,NULL,0.0,,,,,,,,,,,,Aprende,,,,,,,,,,,,,True,,,,,,,,,
,,,,,,,,,,,,,,,,,,,Biología Cáncer,,,,,,,,,,,,,,,,,,,,,,,,,,,Superior,,,,,,,,,Beginner,,,,,,,,,,,,,,es,,,,,,,,,,,,,,,,,,,USD,,,,https://aprende.org/cursos/view/460,,,,,,,,,,,,https://fsvc.capacitateparaelempleo.org/CapacitateFS/coursesImages/64b5270f-e553-4dcd-bb18-cadb38857cd2.png,,,0.0,,,,,,,,,,,,Aprende,,,,,,,,,,,,,True,,,,,,,,,
,,,,,,,,,,,,,,,,,,,Biotecnología G2,,,,,,,,,,,,,,,,,,,,,,,,,,,Superior,,,,,,,,,Beginner,,,,,,,,,,,,,,es,,,,,,,,,,,,,,,,,,,USD,,,,https://aprende.org/cursos/view/461,,,,,,,,,,,,https://fsvc.capacitateparaelempleo.org/CapacitateFS/coursesImages/44d7a084-7684-4a6e-b8ec-9e668cd03f9a.png,,,0.0,,,,,,,,,,,,Aprende,,,,,,,,,,,,,True,,,,,,,,,
,,,,,,,,,,,,,,,,,,,Centro escolar,,,,,,,,,,,,,,,,,,,,,,,,,,,Superior,,,,,,,,,Beginner,,,,,,,,,,,,,,es,,,,,,,,,,,,,,,,,,,USD,,,,https://aprende.org/cursos/view/462,,,,,,,,,,,,https://fsvc.capacitateparaelempleo.org/CapacitateFS/coursesImages/545e3bc9-11d4-48ed-a381-97d851cdabde.png,,,0.0,,,,,,,,,,,,Aprende,,,,,,,,,,,,,True,,,,,,,,,
,,,,,,,,,,,,,,,,,,,Copy-Paste (2016 G2),,,,,,,,,,,,,,,,,,,,,,,,,,,Superior,,,,,,,,,Beginner,,,,,,,,,,,,,,es,,,,,,,,,,,,,,,,,,,USD,,,,https://aprende.org/cursos/view/463,,,,,,,,,,,,https://fsvc.capacitateparaelempleo.org/CapacitateFS/coursesImages/f773d02b-5172-49ad-afd4-462f4cd9a58c.png,,,0.0,,,,,,,,,,,,Aprende,,,,,,,,,,,,,True,,,,,,,,,
,,,,,,,,,,,,,,,,,,,Entre la verdad histórica y la ficción literaria. La primera conspiración independentista del siglo,,,,,,,,,,,,,,,,,,,,,,,,,,,Superior,,,,,,,,,Beginner,,,,,,,,,,,,,,es,,,,,,,,,,,,,,,,,,,USD,,,,https://aprende.org/cursos/view/464,,,,,,,,,,,,https://fsvc.capacitateparaelempleo.org/CapacitateFS/coursesImages/6fc1b743-1b2e-4854-9515-d5ed79990352.png,,,0.0,,,,,,,,,,,,Aprende,,,,,,,,,,,,,True,,,,,,,,,
,,,,,,,,,,,,,,,,,,,Factor humano en la organización,,,,,,,,,,,,,,,,,,,,,,,,,,,Superior,,,,,,,,,Beginner,,,,,,,,,,,,,,es,,,,,,,,,,,,,,,,,,,USD,,,,https://aprende.org/cursos/view/465,,,,,,,,,,,,https://fsvc.capacitateparaelempleo.org/CapacitateFS/coursesImages/ae89dcc7-837f-4b18-81e7-1b25294cb894.png,,,0.0,,,,,,,,,,,,Aprende,,,,,,,,,,,,,True,,,,,,,,,
,,,,,,,,,,,,,,,,,,,Historia del Libro (2016),,,,,,,,,,,,,,,,,,,,,,,,,,,Superior,,,,,,,,,Beginner,,,,,,,,,,,,,,es,,,,,,,,,,,,,,,,,,,USD,,,,https://aprende.org/cursos/view/466,,,,,,,,,,,,https://fsvc.capacitateparaelempleo.org/CapacitateFS/coursesImages/dedb3b41-ac1e-4b90-81fd-c24a1234094e.png,,,0.0,,,,,,,,,,,,Aprende,,,,,,,,,,,,,True,,,,,,,,,
,,,,,,,,,,,,,,,,,,,Imagen y lenguaje visual,,,,,,,,,,,,,,,,,,,,,,,,,,,Superior,,,,,,,,,Beginner,,,,,,,,,,,,,,es,,,,,,,,,,,,,,,,,,,USD,,,,https://aprende.org/cursos/view/467,,,,,,,,,,,,https://fsvc.capacitateparaelempleo.org/CapacitateFS/coursesImages/c5bdc410-79b1-4740-ad59-2f6177d1fa3c.png,,,0.0,,,,,,,,,,,,Aprende,,,,,,,,,,,,,True,,,,,,,,,
,,,,,,,,,,,,,,,,,,,Ingeniería ambiental,,,,,,,,,,,,,,,,,,,,,,,,,,,Superior,,,,,,,,,Beginner,,,,,,,,,,,,,,es,,,,,,,,,,,,,,,,,,,USD,,,,https://aprende.org/cursos/view/468,,,,,,,,,,,,https://fsvc.capacitateparaelempleo.org/CapacitateFS/coursesImages/fcf592b4-10b8-4b66-9090-da817c8d2f1c.png,,,0.0,,,,,,,,,,,,Aprende,,,,,,,,,,,,,True,,,,,,,,,
,,,,,,,,,,,,,,,,,,,Ingeniería de métodos,,,,,,,,,,,,,,,,,,,,,,,,,,,Superior,,,,,,,,,Beginner,,,,,,,,,,,,,,es,,,,,,,,,,,,,,,,,,,USD,,,,https://aprende.org/cursos/view/469,,,,,,,,,,,,https://fsvc.capacitateparaelempleo.org/CapacitateFS/coursesImages/98cf2542-d92e-48e3-9127-09d6631f1747.png,,,0.0,,,,,,,,,,,,Aprende,,,,,,,,,,,,,True,,,,,,,,,
,,,,,,,,,,,,,,,,,,,La empresa,,,,,,,,,,,,,,,,,,,,,,,,,,,Superior,,,,,,,,,Beginner,,,,,,,,,,,,,,es,,,,,,,,,,,,,,,,,,,USD,,,,https://aprende.org/cursos/view/470,,,,,,,,,,,,https://fsvc.capacitateparaelempleo.org/CapacitateFS/coursesImages/34cea92b-d07d-4a1b-a9b9-540c84369351.png,,,0.0,,,,,,,,,,,,Aprende,,,,,,,,,,,,,True,,,,,,,,,
,,,,,,,,,,,,,,,,,,,Legislación sanitaria,,,,,,,,,,,,,,,,,,,,,,,,,,,Superior,,,,,,,,,Beginner,,,,,,,,,,,,,,es,,,,,,,,,,,,,,,,,,,USD,,,,https://aprende.org/cursos/view/471,,,,,,,,,,,,https://fsvc.capacitateparaelempleo.org/CapacitateFS/coursesImages/f6df8996-d4bf-4eba-bd63-f743479bd5a1.png,,,0.0,,,,,,,,,,,,Aprende,,,,,,,,,,,,,True,,,,,,,,,
,,,,,,,,,,,,,,,,,,,MC 3D,,,,,,,,,,,,,,,,,,,,,,,,,,,Superior,,,,,,,,,Beginner,,,,,,,,,,,,,,es,,,,,,,,,,,,,,,,,,,USD,,,,https://aprende.org/cursos/view/472,,,,,,,,,,,,https://fsvc.capacitateparaelempleo.org/CapacitateFS/coursesImages/b40c489e-83a8-4fbd-ac11-caec1e9cb339.png,,,0.0,,,,,,,,,,,,Aprende,,,,,,,,,,,,,True,,,,,,,,,
,,,,,,,,,,,,,,,,,,,MC Alfabetización digital,,,,,,,,,,,,,,,,,,,,,,,,,,,Superior,,,,,,,,,Beginner,,,,,,,,,,,,,,es,,,,,,,,,,,,,,,,,,,USD,,,,https://aprende.org/cursos/view/473,,,,,,,,,,,,https://fsvc.capacitateparaelempleo.org/CapacitateFS/coursesImages/be991e87-787d-4200-8fae-afde67d0ff35.png,,,0.0,,,,,,,,,,,,Aprende,,,,,,,,,,,,,True,,,,,,,,,
,,,,,,,,,,,,,,,,,,,MC Arquitectura organizacional,,,,,,,,,,,,,,,,,,,,,,,,,,,Superior,,,,,,,,,Beginner,,,,,,,,,,,,,,es,,,,,,,,,,,,,,,,,,,USD,,,,https://aprende.org/cursos/view/474,,,,,,,,,,,,https://fsvc.capacitateparaelempleo.org/CapacitateFS/coursesImages/7c5a4e1f-ba3f-4143-b611-8c94232b1665.png,,,0.0,,,,,,,,,,,,Aprende,,,,,,,,,,,,,True,,,,,,,,,
,,,,,,,,,,,,,,,,,,,MC Capacitación digital avanzada,,,,,,,,,,,,,,,,,,,,,,,,,,,Superior,,,,,,,,,Beginner,,,,,,,,,,,,,,es,,,,,,,,,,,,,,,,,,,USD,,,,https://aprende.org/cursos/view/475,,,,,,,,,,,,https://fsvc.capacitateparaelempleo.org/CapacitateFS/coursesImages/f78af0ab-e165-43e1-a1a6-6f720fbbfa6c.png,,,0.0,,,,,,,,,,,,Aprende,,,,,,,,,,,,,True,,,,,,,,,
,,,,,,,,,,,,,,,,,,,MC Capacitación digital básica I,,,,,,,,,,,,,,,,,,,,,,,,,,,Superior,,,,,,,,,Beginner,,,,,,,,,,,,,,es,,,,,,,,,,,,,,,,,,,USD,,,,https://aprende.org/cursos/view/476,,,,,,,,,,,,https://fsvc.capacitateparaelempleo.org/CapacitateFS/coursesImages/4d6202d1-bef3-4e47-9ebf-734c8d2b92c9.png,,,0.0,,,,,,,,,,,,Aprende,,,,,,,,,,,,,True,,,,,,,,,
,,,,,,,,,,,,,,,,,,,MC Computadores,,,,,,,,,,,,,,,,,,,,,,,,,,,Superior,,,,,,,,,Beginner,,,,,,,,,,,,,,es,,,,,,,,,,,,,,,,,,,USD,,,,https://aprende.org/cursos/view/477,,,,,,,,,,,,https://fsvc.capacitateparaelempleo.org/CapacitateFS/coursesImages/206603b2-beaf-4963-9ef8-a11f982fbd14.png,,,0.0,,,,,,,,,,,,Aprende,,,,,,,,,,,,,True,,,,,,,,,
,,,,,,,,,,,,,,,,,,,MC Contextos educativos,,,,,,,,,,,,,,,,,,,,,,,,,,,Superior,,,,,,,,,Beginner,,,,,,,,,,,,,,es,,,,,,,,,,,,,,,,,,,USD,,,,https://aprende.org/cursos/view/478,,,,,,,,,,,,https://fsvc.capacitateparaelempleo.org/CapacitateFS/coursesImages/6dd51c37-169c-4b89-8963-dcba82b531ad.png,,,0.0,,,,,,,,,,,,Aprende,,,,,,,,,,,,,True,,,,,,,,,
,,,,,,,,,,,,,,,,,,,MC Creatividad,,,,,,,,,,,,,,,,,,,,,,,,,,,Superior,,,,,,,,,Beginner,,,,,,,,,,,,,,es,,,,,,,,,,,,,,,,,,,USD,,,,https://aprende.org/cursos/view/479,,,,,,,,,,,,https://fsvc.capacitateparaelempleo.org/CapacitateFS/coursesImages/52c34772-f9ea-4e5b-9362-aad07001d53d.png,,,0.0,,,,,,,,,,,,Aprende,,,,,,,,,,,,,True,,,,,,,,,
,,,,,,,,,,,,,,,,,,,MC Cultura Hindú,,,,,,,,,,,,,,,,,,,,,,,,,,,Superior,,,,,,,,,Beginner,,,,,,,,,,,,,,es,,,,,,,,,,,,,,,,,,,USD,,,,https://aprende.org/cursos/view/480,,,,,,,,,,,,https://fsvc.capacitateparaelempleo.org/CapacitateFS/coursesImages/1830ce80-8a99-4779-9794-14af2eff0c5b.png,,,0.0,,,,,,,,,,,,Aprende,,,,,,,,,,,,,True,,,,,,,,,
,,,,,,,,,,,,,,,,,,,MC Derecho de la empresa,,,,,,,,,,,,,,,,,,,,,,,,,,,Superior,,,,,,,,,Beginner,,,,,,,,,,,,,,es,,,,,,,,,,,,,,,,,,,USD,,,,https://aprende.org/cursos/view/481,,,,,,,,,,,,https://fsvc.capacitateparaelempleo.org/CapacitateFS/coursesImages/866535b9-bc03-4428-8a78-08590821f243.png,,,0.0,,,,,,,,,,,,Aprende,,,,,,,,,,,,,True,,,,,,,,,
,,,,,,,,,,,,,,,,,,,MC Dinámica de grupos,,,,,,,,,,,,,,,,,,,,,,,,,,,Superior,,,,,,,,,Beginner,,,,,,,,,,,,,,es,,,,,,,,,,,,,,,,,,,USD,,,,https://aprende.org/cursos/view/482,,,,,,,,,,,,https://fsvc.capacitateparaelempleo.org/CapacitateFS/coursesImages/31cd53be-6f77-4bda-985e-97841d181e42.png,,,0.0,,,,,,,,,,,,Aprende,,,,,,,,,,,,,True,,,,,,,,,
,,,,,,,,,,,,,,,,,,,MC Ecos musicales,,,,,,,,,,,,,,,,,,,,,,,,,,,Superior,,,,,,,,,Beginner,,,,,,,,,,,,,,es,,,,,,,,,,,,,,,,,,,USD,,,,https://aprende.org/cursos/view/483,,,,,,,,,,,,https://fsvc.capacitateparaelempleo.org/CapacitateFS/coursesImages/0791e1ee-828b-4144-992f-80d8c57dd8ab.png,,,0.0,,,,,,,,,,,,Aprende,,,,,,,,,,,,,True,,,,,,,,,
,,,,,,,,,,,,,,,,,,,MC Estructura de redes,,,,,,,,,,,,,,,,,,,,,,,,,,,Superior,,,,,,,,,Beginner,,,,,,,,,,,,,,es,,,,,,,,,,,,,,,,,,,USD,,,,https://aprende.org/cursos/view/484,,,,,,,,,,,,https://fsvc.capacitateparaelempleo.org/CapacitateFS/coursesImages/47f28fa6-67e4-4d3c-9e71-6247bc0bdbd5.png,,,0.0,,,,,,,,,,,,Aprende,,,,,,,,,,,,,True,,,,,,,,,
,,,,,,,,,,,,,,,,,,,MC Fundamentos de computadores,,,,,,,,,,,,,,,,,,,,,,,,,,,Superior,,,,,,,,,Beginner,,,,,,,,,,,,,,es,,,,,,,,,,,,,,,,,,,USD,,,,https://aprende.org/cursos/view/485,,,,,,,,,,,,https://fsvc.capacitateparaelempleo.org/CapacitateFS/coursesImages/c77d2d45-dbaa-4e17-9698-c2090ef0ec2d.png,,,0.0,,,,,,,,,,,,Aprende,,,,,,,,,,,,,True,,,,,,,,,
,,,,,,,,,,,,,,,,,,,MC Genómica,,,,,,,,,,,,,,,,,,,,,,,,,,,Superior,,,,,,,,,Beginner,,,,,,,,,,,,,,es,,,,,,,,,,,,,,,,,,,USD,,,,https://aprende.org/cursos/view/486,,,,,,,,,,,,https://fsvc.capacitateparaelempleo.org/CapacitateFS/coursesImages/59310327-9a89-4c45-bbb9-13384f6dabf4.png,,,0.0,,,,,,,,,,,,Aprende,,,,,,,,,,,,,True,,,,,,,,,
,,,,,,,,,,,,,,,,,,,MC Gestión pública del turismo,,,,,,,,,,,,,,,,,,,,,,,,,,,Superior,,,,,,,,,Beginner,,,,,,,,,,,,,,es,,,,,,,,,,,,,,,,,,,USD,,,,https://aprende.org/cursos/view/487,,,,,,,,,,,,https://fsvc.capacitateparaelempleo.org/CapacitateFS/coursesImages/bcdab6d7-9629-4b0f-8565-51985d7a6da3.png,,,0.0,,,,,,,,,,,,Aprende,,,,,,,,,,,,,True,,,,,,,,,
,,,,,,,,,,,,,,,,,,,MC Manufactura,,,,,,,,,,,,,,,,,,,,,,,,,,,Superior,,,,,,,,,Beginner,,,,,,,,,,,,,,es,,,,,,,,,,,,,,,,,,,USD,,,,https://aprende.org/cursos/view/488,,,,,,,,,,,,https://fsvc.capacitateparaelempleo.org/CapacitateFS/coursesImages/b557ef0f-c85e-419f-bda3-29d524b0ea45.png,,,0.0,,,,,,,,,,,,Aprende,,,,,,,,,,,,,True,,,,,,,,,
,,,,,,,,,,,,,,,,,,,MC Microeconomía,,,,,,,,,,,,,,,,,,,,,,,,,,,Superior,,,,,,,,,Beginner,,,,,,,,,,,,,,es,,,,,,,,,,,,,,,,,,,USD,,,,https://aprende.org/cursos/view/489,,,,,,,,,,,,https://fsvc.capacitateparaelempleo.org/CapacitateFS/coursesImages/5cfd17e5-4579-4742-a001-566534fcf963.png,,,0.0,,,,,,,,,,,,Aprende,,,,,,,,,,,,,True,,,,,,,,,
,,,,,,,,,,,,,,,,,,,MC MKT Estratégica,,,,,,,,,,,,,,,,,,,,,,,,,,,Superior,,,,,,,,,Beginner,,,,,,,,,,,,,,es,,,,,,,,,,,,,,,,,,,USD,,,,https://aprende.org/cursos/view/490,,,,,,,,,,,,https://fsvc.capacitateparaelempleo.org/CapacitateFS/coursesImages/8d1c6948-c08c-4be6-bc32-f92d9a266988.png,,,0.0,,,,,,,,,,,,Aprende,,,,,,,,,,,,,True,,,,,,,,,
,,,,,,,,,,,,,,,,,,,MC Movilidad y Logística,,,,,,,,,,,,,,,,,,,,,,,,,,,Superior,,,,,,,,,Beginner,,,,,,,,,,,,,,es,,,,,,,,,,,,,,,,,,,USD,,,,https://aprende.org/cursos/view/491,,,,,,,,,,,,https://fsvc.capacitateparaelempleo.org/CapacitateFS/coursesImages/54b67b8d-a840-4d9f-9d24-6fd162f4782b.png,,,0.0,,,,,,,,,,,,Aprende,,,,,,,,,,,,,True,,,,,,,,,
,,,,,,,,,,,,,,,,,,,MC Novela de la Revolución Mexicana,,,,,,,,,,,,,,,,,,,,,,,,,,,Superior,,,,,,,,,Beginner,,,,,,,,,,,,,,es,,,,,,,,,,,,,,,,,,,USD,,,,https://aprende.org/cursos/view/492,,,,,,,,,,,,https://fsvc.capacitateparaelempleo.org/CapacitateFS/coursesImages/c9eceab7-9874-4713-b366-c9a2454d6294.png,,,0.0,,,,,,,,,,,,Aprende,,,,,,,,,,,,,True,,,,,,,,,
,,,,,,,,,,,,,,,,,,,MC Patrimonio,,,,,,,,,,,,,,,,,,,,,,,,,,,Superior,,,,,,,,,Beginner,,,,,,,,,,,,,,es,,,,,,,,,,,,,,,,,,,USD,,,,https://aprende.org/cursos/view/493,,,,,,,,,,,,https://fsvc.capacitateparaelempleo.org/CapacitateFS/coursesImages/3c70b159-bd4f-4400-a46f-aa7517532520.png,,,0.0,,,,,,,,,,,,Aprende,,,,,,,,,,,,,True,,,,,,,,,
,,,,,,,,,,,,,,,,,,,MC Petróleo,,,,,,,,,,,,,,,,,,,,,,,,,,,Superior,,,,,,,,,Beginner,,,,,,,,,,,,,,es,,,,,,,,,,,,,,,,,,,USD,,,,https://aprende.org/cursos/view/494,,,,,,,,,,,,https://fsvc.capacitateparaelempleo.org/CapacitateFS/coursesImages/4975951e-d261-4250-a798-1cc7bd6bdaf9.png,,,0.0,,,,,,,,,,,,Aprende,,,,,,,,,,,,,True,,,,,,,,,
,,,,,,,,,,,,,,,,,,,MC PHP y MySQL,,,,,,,,,,,,,,,,,,,,,,,,,,,Superior,,,,,,,,,Beginner,,,,,,,,,,,,,,es,,,,,,,,,,,,,,,,,,,USD,,,,https://aprende.org/cursos/view/495,,,,,,,,,,,,https://fsvc.capacitateparaelempleo.org/CapacitateFS/coursesImages/0d6b7d39-6e7b-4fc7-9954-114a8ae3e9d7.png,,,0.0,,,,,,,,,,,,Aprende,,,,,,,,,,,,,True,,,,,,,,,
,,,,,,,,,,,,,,,,,,,MC Redes,,,,,,,,,,,,,,,,,,,,,,,,,,,Superior,,,,,,,,,Beginner,,,,,,,,,,,,,,es,,,,,,,,,,,,,,,,,,,USD,,,,https://aprende.org/cursos/view/496,,,,,,,,,,,,https://fsvc.capacitateparaelempleo.org/CapacitateFS/coursesImages/5dfc5395-4b1b-42ac-be5f-1cc372d8dfce.png,,,0.0,,,,,,,,,,,,Aprende,,,,,,,,,,,,,True,,,,,,,,,
,,,,,,,,,,,,,,,,,,,MC Sistemas multimedia,,,,,,,,,,,,,,,,,,,,,,,,,,,Superior,,,,,,,,,Beginner,,,,,,,,,,,,,,es,,,,,,,,,,,,,,,,,,,USD,,,,https://aprende.org/cursos/view/497,,,,,,,,,,,,https://fsvc.capacitateparaelempleo.org/CapacitateFS/coursesImages/42192f0b-f948-469c-80c2-1ffee44a6f06.png,,,0.0,,,,,,,,,,,,Aprende,,,,,,,,,,,,,True,,,,,,,,,
,,,,,,,,,,,,,,,,,,,MC Suministro,,,,,,,,,,,,,,,,,,,,,,,,,,,Superior,,,,,,,,,Beginner,,,,,,,,,,,,,,es,,,,,,,,,,,,,,,,,,,USD,,,,https://aprende.org/cursos/view/498,,,,,,,,,,,,https://fsvc.capacitateparaelempleo.org/CapacitateFS/coursesImages/7cd8843c-cbc9-43e3-8688-a18db0ffcee2.png,,,0.0,,,,,,,,,,,,Aprende,,,,,,,,,,,,,True,,,,,,,,,
,,,,,,,,,,,,,,,,,,,MC Teatralidades sospechosas a dos lados del Atlántico,,,,,,,,,,,,,,,,,,,,,,,,,,,Superior,,,,,,,,,Beginner,,,,,,,,,,,,,,es,,,,,,,,,,,,,,,,,,,USD,,,,https://aprende.org/cursos/view/499,,,,,,,,,,,,https://fsvc.capacitateparaelempleo.org/CapacitateFS/coursesImages/66548de0-4db2-429a-b670-c43c99118424.png,,,0.0,,,,,,,,,,,,Aprende,,,,,,,,,,,,,True,,,,,,,,,
,,,,,,,,,,,,,,,,,,,MC Tecnología GPON,,,,,,,,,,,,,,,,,,,,,,,,,,,Superior,,,,,,,,,Beginner,,,,,,,,,,,,,,es,,,,,,,,,,,,,,,,,,,USD,,,,https://aprende.org/cursos/view/500,,,,,,,,,,,,https://fsvc.capacitateparaelempleo.org/CapacitateFS/coursesImages/d96fb4e8-84b6-44a2-8d42-f1a88806190c.png,,,0.0,,,,,,,,,,,,Aprende,,,,,,,,,,,,,True,,,,,,,,,
,,,,,,,,,,,,,,,,,,,MC Vídeo y de tratamiento de la imagen,,,,,,,,,,,,,,,,,,,,,,,,,,,Superior,,,,,,,,,Beginner,,,,,,,,,,,,,,es,,,,,,,,,,,,,,,,,,,USD,,,,https://aprende.org/cursos/view/501,,,,,,,,,,,,https://fsvc.capacitateparaelempleo.org/CapacitateFS/coursesImages/d8ad12b1-e8c1-4ae2-a70c-144c678dc5d3.png,,,0.0,,,,,,,,,,,,Aprende,,,,,,,,,,,,,True,,,,,,,,,
,,,,,,,,,,,,,,,,,,,Mercadotecnia Analítica y CRM,,,,,,,,,,,,,,,,,,,,,,,,,,,Superior,,,,,,,,,Beginner,,,,,,,,,,,,,,es,,,,,,,,,,,,,,,,,,,USD,,,,https://aprende.org/cursos/view/502,,,,,,,,,,,,https://fsvc.capacitateparaelempleo.org/CapacitateFS/coursesImages/4019693a-d98c-4bea-b50f-0d232364b1cf.png,,,0.0,,,,,,,,,,,,Aprende,,,,,,,,,,,,,True,,,,,,,,,
,,,,,,,,,,,,,,,,,,,Microcurso Estimulación cognitiva,,,,,,,,,,,,,,,,,,,,,,,,,,,Superior,,,,,,,,,Beginner,,,,,,,,,,,,,,es,,,,,,,,,,,,,,,,,,,USD,,,,https://aprende.org/cursos/view/503,,,,,,,,,,,,https://fsvc.capacitateparaelempleo.org/CapacitateFS/coursesImages/cbd95a06-5755-48d2-9af3-9e36cdaf8c7d.png,,,0.0,,,,,,,,,,,,Aprende,,,,,,,,,,,,,True,,,,,,,,,
,,,,,,,,,,,,,,,,,,,Microcurso Fundamentos físicos de la informática,,,,,,,,,,,,,,,,,,,,,,,,,,,Superior,,,,,,,,,Beginner,,,,,,,,,,,,,,es,,,,,,,,,,,,,,,,,,,USD,,,,https://aprende.org/cursos/view/504,,,,,,,,,,,,https://fsvc.capacitateparaelempleo.org/CapacitateFS/coursesImages/37b386ec-2e54-4e27-aede-2be412e19a39.png,,,0.0,,,,,,,,,,,,Aprende,,,,,,,,,,,,,True,,,,,,,,,
,,,,,,,,,,,,,,,,,,,Porfirio Díaz (2016-G2)_1,,,,,,,,,,,,,,,,,,,,,,,,,,,Superior,,,,,,,,,Beginner,,,,,,,,,,,,,,es,,,,,,,,,,,,,,,,,,,USD,,,,https://aprende.org/cursos/view/505,,,,,,,,,,,,https://fsvc.capacitateparaelempleo.org/CapacitateFS/coursesImages/0c397631-5954-4ae7-8ba1-65aaf39c77ec.png,,,0.0,,,,,,,,,,,,Aprende,,,,,,,,,,,,,True,,,,,,,,,
,,,,,,,,,,,,,,,,,,,Segundo Imperio(2016)_1,,,,,,,,,,,,,,,,,,,,,,,,,,,Superior,,,,,,,,,Beginner,,,,,,,,,,,,,,es,,,,,,,,,,,,,,,,,,,USD,,,,https://aprende.org/cursos/view/506,,,,,,,,,,,,https://fsvc.capacitateparaelempleo.org/CapacitateFS/coursesImages/f0c3573d-a784-4f2e-ba64-d566e1a8bed7.png,,,0.0,,,,,,,,,,,,Aprende,,,,,,,,,,,,,True,,,,,,,,,
,,,,,,,,,,,,,,,,,,,Seminario de Valores Humanos,,,,,,,,,,,,,,,,,,,,,,,,,,,Superior,,,,,,,,,Beginner,,,,,,,,,,,,,,es,,,,,,,,,,,,,,,,,,,USD,,,,https://aprende.org/cursos/view/507,,,,,,,,,,,,https://fsvc.capacitateparaelempleo.org/CapacitateFS/coursesImages/fceb3f00-5430-4ee2-b5d6-8d88dae1f775.png,,,0.0,,,,,,,,,,,,Aprende,,,,,,,,,,,,,True,,,,,,,,,
,,,,,,,,,,,,,,,,,,,Técnicas Quirúrgicas,,,,,,,,,,,,,,,,,,,,,,,,,,,Superior,,,,,,,,,Beginner,,,,,,,,,,,,,,es,,,,,,,,,,,,,,,,,,,USD,,,,https://aprende.org/cursos/view/508,,,,,,,,,,,,https://fsvc.capacitateparaelempleo.org/CapacitateFS/coursesImages/e03b6f6c-dff2-4054-affd-340e0abe4521.png,,,0.0,,,,,,,,,,,,Aprende,,,,,,,,,,,,,True,,,,,,,,,
,,,,,,,,,,,,,,,,,,,Tratamiento Psicopedagógico,,,,,,,,,,,,,,,,,,,,,,,,,,,Superior,,,,,,,,,Beginner,,,,,,,,,,,,,,es,,,,,,,,,,,,,,,,,,,USD,,,,https://aprende.org/cursos/view/509,,,,,,,,,,,,https://fsvc.capacitateparaelempleo.org/CapacitateFS/coursesImages/df79d520-6b97-456e-a497-be63dec028e4.png,,,0.0,,,,,,,,,,,,Aprende,,,,,,,,,,,,,True,,,,,,,,,
,,,,,,,,,,,,,,,,,,,Usabilidad,,,,,,,,,,,,,,,,,,,,,,,,,,,Superior,,,,,,,,,Beginner,,,,,,,,,,,,,,es,,,,,,,,,,,,,,,,,,,USD,,,,https://aprende.org/cursos/view/510,,,,,,,,,,,,https://fsvc.capacitateparaelempleo.org/CapacitateFS/coursesImages/cc2a8bda-b496-4248-863d-fa7d3f4e0ce5.png,,,0.0,,,,,,,,,,,,Aprende,,,,,,,,,,,,,True,,,,,,,,,
,,,,,,,,,,,,,,,,,,,Vergüenza de los héroes. Realidad y mitología del panteón nacional,,,,,,,,,,,,,,,,,,,,,,,,,,,Superior,,,,,,,,,Beginner,,,,,,,,,,,,,,es,,,,,,,,,,,,,,,,,,,USD,,,,https://aprende.org/cursos/view/511,,,,,,,,,,,,https://fsvc.capacitateparaelempleo.org/CapacitateFS/coursesImages/58eca2b9-f238-4399-9e34-2870bb9be770.png,,,0.0,,,,,,,,,,,,Aprende,,,,,,,,,,,,,True,,,,,,,,,
,,,,,,,,,,,,,,,,,,,Viajes 2.0: herramientas y recursos en linea,,,,,,,,,,,,,,,,,,,,,,,,,,,Superior,,,,,,,,,Beginner,,,,,,,,,,,,,,es,,,,,,,,,,,,,,,,,,,USD,,,,https://aprende.org/cursos/view/512,,,,,,,,,,,,https://fsvc.capacitateparaelempleo.org/CapacitateFS/coursesImages/c77c1925-4b2d-46b8-a927-ccedbc90c948.png,,,0.0,,,,,,,,,,,,Aprende,,,,,,,,,,,,,True,,,,,,,,,
,,,,,,,,,,,,,,,,,,,Vislumbraron el Pacífico (2016),,,,,,,,,,,,,,,,,,,,,,,,,,,Superior,,,,,,,,,Beginner,,,,,,,,,,,,,,es,,,,,,,,,,,,,,,,,,,USD,,,,https://aprende.org/cursos/view/513,,,,,,,,,,,,https://fsvc.capacitateparaelempleo.org/CapacitateFS/coursesImages/8a5681c0-daad-4dfe-b46f-3013d00def43.png,,,0.0,,,,,,,,,,,,Aprende,,,,,,,,,,,,,True,,,,,,,,,
,,,,,,,,,,,,,,,,,,,MITOPENCOURSEWARE,,,,,,,,,,,,,,,,,,,,,,,,,,,Superior,,,,,,,,,Beginner,,,,,,,,,,,,,,es,,,,,,,,,,,,,,,,,,,USD,,,,https://aprende.org/cursos/view/514,,,,,,,,,,,,,,,0.0,,,,,,,,,,,,Aprende,,,,,,,,,,,,,True,,,,,,,,,
,,,,,,,,,,,,,,,,,,,Atrévete a saber,,,,,,,,,,,,,,,,,,,,,,,,,,,Atrévete a saber,,,,,,,,,Beginner,,,,,,,,,,,,,,es,,,,,,,,,,,,,,,,,,,USD,,,,https://aprende.org/cursos/view/516,,,,,,,,,,,,,,"En esta sección descubrirás... ""que el aprendizaje de la historia sirve para desarrollar la capacidad de razonamiento moral y la capacidad para poner en contexto la coyuntura. No se trata de decir que la historia sea útil, sino de mostrar que efectivamente es útil – mediante ejemplos concretos"". Dr. Fernando Escalante",0.0,,,,,,,,,,,,Aprende,,,,,,,,,,,,,True,,,,,,,,,
,,,,,,,,,,,,,,,,,,,Escritura reflexiva,,,,,,,,,,,,,,,,,,,,,,,,,,,Salud emocional,,,,,,,,,Beginner,,,,,,,,,,,,,,es,,,,,,,,,,,,,,,,,,,USD,,,,https://aprende.org/cursos/view/408,,,,,,,,,,,,https://fsvc.capacitateparaelempleo.org/CapacitateFS/coursesImages/764be0b6-707a-47d5-8ce2-6b53b79a694f.png,,"¡Bienvenido!   
  En este curso conocerás técnicas que te ayudarán a expresar tus emociones a través de la escritura para entenderlas y sanarlas.     
   
  Agradecemos al Lic. José Alejandro Pacheco Palomino el contenido para realizar esta obra.",0.0,,,,,,,,,,,,Aprende,,,,,,,,,,,,,True,,,,,,,,,
,,,,,,,,,,,,,,,,,,,Salud emocional,,,,,,,,,,,,,,,,,,,,,,,,,,,Salud emocional,,,,,,,,,Beginner,,,,,,,,,,,,,,es,,,,,,,,,,,,,,,,,,,USD,,,,https://aprende.org/cursos/view/517,,,,,,,,,,,,,,"Según la Organización Mundial de la Salud: ""La salud es un estado de plenitud física, mental y bienestar social, no solamente es la ausencia de dolencias o enfermedades"". Es importante estar conscientes de que la salud mental está sujeta y puede ser afectada por una serie de factores de índole socioeconómicos, emocionales y físicos. Esto hace que, como sociedad, debamos contar con estrategias para la prevención, el tratamiento y la recuperación de los padecimientos que afectan esta salud.",0.0,,,,,,,,,,,,Aprende,,,,,,,,,,,,,True,,,,,,,,,
,,,,,,,,,,,,,,,,,,,Autoconocimiento,,,,,,,,,,,,,,,,,,,,,,,,,,,Salud emocional,,,,,,,,,Intermediate,,,,,,,,,,,,,,es,,,,,,,,,,,,,,,,,,,USD,,,,https://aprende.org/cursos/view/100400,,,,,,,,,,,,,,"Fomentar un proceso continuo de autoexploración y reflexión que permita a las personas comprender su verdadera identidad, motivaciones y patrones de interacción con su entorno, promoviendo así un mayor autoconocimiento y crecimiento personal.",0.0,,,,,,,,,,,,Aprende,,,,,,,,,,,,,True,,,,,,,,,
,,,,,,,,,,,,,,,,,,,Desarrollo personal,,,,,,,,,,,,,,,,,,,,,,,,,,,Salud emocional,,,,,,,,,Intermediate,,,,,,,,,,,,,,es,,,,,,,,,,,,,,,,,,,USD,,,,https://aprende.org/cursos/view/100401,,,,,,,,,,,,,,Promover el desarrollo de habilidades y aptitudes centradas en alcanzar el máximo potencial como seres humanos. Llevar a cabo una disciplina en la que se definan metas y  compromisos considerando los intereses y características de cada persona para disfrutar de una vida plena y satisfactoria.,0.0,,,,,,,,,,,,Aprende,,,,,,,,,,,,,True,,,,,,,,,
,,,,,,,,,,,,,,,,,,,Bienestar integral,,,,,,,,,,,,,,,,,,,,,,,,,,,Salud emocional,,,,,,,,,Intermediate,,,,,,,,,,,,,,es,,,,,,,,,,,,,,,,,,,USD,,,,https://aprende.org/cursos/view/100402,,,,,,,,,,,,,,"Proporcionar información relevante para que las personas lleven a cabo acciones conscientes, comprometidas y sencillas que favorezcan su bienestar físico, mental y emocional para lograr un equilibrio en los diferentes aspectos de la vida.",0.0,,,,,,,,,,,,Aprende,,,,,,,,,,,,,True,,,,,,,,,
,,,,,,,,,,,,,,,,,,,Relaciones personales,,,,,,,,,,,,,,,,,,,,,,,,,,,Salud emocional,,,,,,,,,Intermediate,,,,,,,,,,,,,,es,,,,,,,,,,,,,,,,,,,USD,,,,https://aprende.org/cursos/view/100403,,,,,,,,,,,,,,"Desarrollar habilidades para mejorar las interacciones y conexiones que se establecen con los demás en la vida diaria. Esto incluye familiares, amigos, compañeros de trabajo y cualquier otra persona con la que se conviva regularmente.",0.0,,,,,,,,,,,,Aprende,,,,,,,,,,,,,True,,,,,,,,,
,,,,,,,,,,,,,,,,,,,Adaptación al cambio,,,,,,,,,,,,,,,,,,,,,,,,,,,Salud emocional,,,,,,,,,Intermediate,,,,,,,,,,,,,,es,,,,,,,,,,,,,,,,,,,USD,,,,https://aprende.org/cursos/view/100404,,,,,,,,,,,,,,"Identificar las condiciones necesarias para que una persona sea resiliente implica desarrollar la capacidad de reconstruirse tras una crisis, encontrar un nuevo sentido y propósito en la vida, y superar el dolor y el sufrimiento mediante un proceso de adaptación positiva.",0.0,,,,,,,,,,,,Aprende,,,,,,,,,,,,,True,,,,,,,,,
,,,,,,,,,,,,,,,,,,,Manejo de estrés,,,,,,,,,,,,,,,,,,,,,,,,,,,Salud emocional,,,,,,,,,Intermediate,,,,,,,,,,,,,,es,,,,,,,,,,,,,,,,,,,USD,,,,https://aprende.org/cursos/view/100405,,,,,,,,,,,,,,Proporcionar estrategias concretas para reducir el estrés teniendo como base la comprensión de las características y los desencadenantes que nos llevan como seres humanos a vivir estas experiencias.,0.0,,,,,,,,,,,,Aprende,,,,,,,,,,,,,True,,,,,,,,,
,,,,,,,,,,,,,,,,,,,Afrontando la ansiedad,,,,,,,,,,,,,,,,,,,,,,,,,,,Salud emocional,,,,,,,,,Intermediate,,,,,,,,,,,,,,es,,,,,,,,,,,,,,,,,,,USD,,,,https://aprende.org/cursos/view/100406,,,,,,,,,,,,,,"Ofrecer estrategias específicas para enfrentar la ansiedad, basadas en la comprensión de los factores y situaciones que la desencadenan, y cómo estas afectan nuestro bienestar.",0.0,,,,,,,,,,,,Aprende,,,,,,,,,,,,,True,,,,,,,,,
,,,,,,,,,,,,,,,,,,,Cursos y talleres,,,,,,,,,,,,,,,,,,,,,,,,,,,Salud emocional,,,,,,,,,Intermediate,,,,,,,,,,,,,,es,,,,,,,,,,,,,,,,,,,USD,,,,https://aprende.org/cursos/view/100415,,,,,,,,,,,,,,,0.0,,,,,,,,,,,,Aprende,,,,,,,,,,,,,True,,,,,,,,,
,,,,,,,,,,,,,,,,,,,Herramientas para una vida libre de violencia,,,,,,,,,,,,,,,,,,,,,,,,,,,Salud emocional,,,,,,,,,Intermediate,,,,,,,,,,,,,,es,,,,,,,,,,,,,,,,,,,USD,,,,https://aprende.org/cursos/view/100420,,,,,,,,,,,,,,"Informar sobre los tipos de violencia, sus causas y sus consecuencias en las personas, las familias y las comunidades. Orientar en la adopción de recursos y estrategias que faciliten su detección temprana, con el fin de disminuir su impacto a través de una mayor conciencia sobre este fenómeno.",0.0,,,,,,,,,,,,Aprende,,,,,,,,,,,,,True,,,,,,,,,
,,,,,,,,,,,,,,,,,,,Expertos,,,,,,,,,,,,,,,,,,,,,,,,,,,Salud emocional,,,,,,,,,Intermediate,,,,,,,,,,,,,,es,,,,,,,,,,,,,,,,,,,USD,,,,https://aprende.org/cursos/view/100581,,,,,,,,,,,,,,,0.0,,,,,,,,,,,,Aprende,,,,,,,,,,,,,True,,,,,,,,,
,,,,,,,,,,,,,,,,,,,Ansiedad: Claves para recuperar la calma,,,,,,,,,,,,,,,,,,,,,,,,,,,Salud emocional,,,,,,,,,Intermediate,,,,,,,,,,,,,,es,,,,,,,,,,,,,,,,,,,USD,,,,https://aprende.org/cursos/view/100845,,,,,,,,,,,,https://fsvc.capacitateparaelempleo.org/CapacitateFS/coursesImages/d71e1f78-6f3c-4220-b9b9-302c18500101.png,,,0.0,,,,,,,,,,,,Aprende,,,,,,,,,,,,,True,,,,,,,,,
,,,,,,,,,,,,,,,,,,,Líderes del Siglo XXI,,,,,,,,,,,,,,,,,,,,,,,,,,,Líderes del Siglo XXI,,,,,,,,,Beginner,,,,,,,,,,,,,,es,,,,,,,,,,,,,,,,,,,USD,,,,https://aprende.org/cursos/view/518,,,,,,,,,,,,,,,0.0,,,,,,,,,,,,Aprende,,,,,,,,,,,,,True,,,,,,,,,
,,,,,,,,,,,,,,,,,,,Constructor de paz,,,,,,,,,,,,,,,,,,,,,,,,,,,Formación Humana (Aprende),,,,,,,,,Beginner,,,,,,,,,,,,,,es,,,,,,,,,,,,,,,,,,,USD,,,,https://aprende.org/cursos/view/100008,,,,,,,,,,,,https://fsvc.capacitateparaelempleo.org/CapacitateFS/coursesImages/fb7c8270-2de9-4a22-8506-e22289cda5e4.png,,,0.0,,,,,,,,,,,,Aprende,,,,,,,,,,,,,True,,,,,,,,,
,,,,,,,,,,,,,,,,,,,Facilitador ASUME,,,,,,,,,,,,,,,,,,,,,,,,,,,Formación Humana (Aprende),,,,,,,,,Beginner,,,,,,,,,,,,,,es,,,,,,,,,,,,,,,,,,,USD,,,,https://aprende.org/cursos/view/100082,,,,,,,,,,,,https://fsvc.capacitateparaelempleo.org/CapacitateFS/coursesImages/795d15e9-7831-4980-a251-3d2e8780833b.png,,,0.0,,,,,,,,,,,,Aprende,,,,,,,,,,,,,True,,,,,,,,,
,,,,,,,,,,,,,,,,,,,La virtud de servir,,,,,,,,,,,,,,,,,,,,,,,,,,,Formación Humana (Aprende),,,,,,,,,Intermediate,,,,,,,,,,,,,,es,,,,,,,,,,,,,,,,,,,USD,,,,https://aprende.org/cursos/view/100206,,,,,,,,,,,,https://fsvc.capacitateparaelempleo.org/CapacitateFS/coursesImages/acbd205c-edeb-43e3-b126-6fcd0d996e6b.png,,,0.0,,,,,,,,,,,,Aprende,,,,,,,,,,,,,True,,,,,,,,,
,,,,,,,,,,,,,,,,,,,Cómputo básico,,,,,,,,,,,,,,,,,,,,,,,,,,,Programación para todos,,,,,,,,,Beginner,,,,,,,,,,,,,,es,,,,,,,,,,,,,,,,,,,USD,,,,https://aprende.org/cursos/view/100012,,,,,,,,,,,,https://fsvc.capacitateparaelempleo.org/CapacitateFS/coursesImages/15f21d33-49b1-4a91-a506-29c438d5f3c5.png,,,0.0,,,,,,,,,,,,Aprende,,,,,,,,,,,,,True,,,,,,,,,
,,,,,,,,,,,,,,,,,,,Técnico en informática (Ofimática),,,,,,,,,,,,,,,,,,,,,,,,,,,Programación para todos,,,,,,,,,Beginner,,,,,,,,,,,,,,es,,,,,,,,,,,,,,,,,,,USD,,,,https://aprende.org/cursos/view/100013,,,,,,,,,,,,https://fsvc.capacitateparaelempleo.org/CapacitateFS/coursesImages/09a6dfee-ca36-44a2-b88d-f5df2543c4ff.png,,,0.0,,,,,,,,,,,,Aprende,,,,,,,,,,,,,True,,,,,,,,,
,,,,,,,,,,,,,,,,,,,Desarrollo móvil en línea,,,,,,,,,,,,,,,,,,,,,,,,,,,Programación para todos,,,,,,,,,Beginner,,,,,,,,,,,,,,es,,,,,,,,,,,,,,,,,,,USD,,,,https://aprende.org/cursos/view/100014,,,,,,,,,,,,https://fsvc.capacitateparaelempleo.org/CapacitateFS/coursesImages/c832696d-a17e-4b52-b12a-651684c71bb3.png,,,0.0,,,,,,,,,,,,Aprende,,,,,,,,,,,,,True,,,,,,,,,
,,,,,,,,,,,,,,,,,,,Cómputo básico,,,,,,,,,,,,,,,,,,,,,,,,,,,Programación para todos,,,,,,,,,Beginner,,,,,,,,,,,,,,es,,,,,,,,,,,,,,,,,,,USD,,,,https://aprende.org/cursos/view/100015,,,,,,,,,,,,https://fsvc.capacitateparaelempleo.org/CapacitateFS/coursesImages/15f21d33-49b1-4a91-a506-29c438d5f3c5.png,,,0.0,,,,,,,,,,,,Aprende,,,,,,,,,,,,,True,,,,,,,,,
,,,,,,,,,,,,,,,,,,,Técnico en informática (Ofimática),,,,,,,,,,,,,,,,,,,,,,,,,,,Programación para todos,,,,,,,,,Beginner,,,,,,,,,,,,,,es,,,,,,,,,,,,,,,,,,,USD,,,,https://aprende.org/cursos/view/100016,,,,,,,,,,,,https://fsvc.capacitateparaelempleo.org/CapacitateFS/coursesImages/09a6dfee-ca36-44a2-b88d-f5df2543c4ff.png,,,0.0,,,,,,,,,,,,Aprende,,,,,,,,,,,,,True,,,,,,,,,
,,,,,,,,,,,,,,,,,,,Introducción a la programación,,,,,,,,,,,,,,,,,,,,,,,,,,,Programación para todos,,,,,,,,,Beginner,,,,,,,,,,,,,,es,,,,,,,,,,,,,,,,,,,USD,,,,https://aprende.org/cursos/view/100017,,,,,,,,,,,,https://fsvc.capacitateparaelempleo.org/CapacitateFS/coursesImages/aefc2830-d0aa-4cb4-bdc5-f1b7e03ac283.png,,,0.0,,,,,,,,,,,,Aprende,,,,,,,,,,,,,True,,,,,,,,,
,,,,,,,,,,,,,,,,,,,Lógica de programación,,,,,,,,,,,,,,,,,,,,,,,,,,,Programación para todos,,,,,,,,,Beginner,,,,,,,,,,,,,,es,,,,,,,,,,,,,,,,,,,USD,,,,https://aprende.org/cursos/view/100018,,,,,,,,,,,,https://fsvc.capacitateparaelempleo.org/CapacitateFS/coursesImages/884edb23-a449-4ba2-b996-28d2544402a7.png,,,0.0,,,,,,,,,,,,Aprende,,,,,,,,,,,,,True,,,,,,,,,
,,,,,,,,,,,,,,,,,,,Control de versiones,,,,,,,,,,,,,,,,,,,,,,,,,,,Programación para todos,,,,,,,,,Beginner,,,,,,,,,,,,,,es,,,,,,,,,,,,,,,,,,,USD,,,,https://aprende.org/cursos/view/100019,,,,,,,,,,,,https://fsvc.capacitateparaelempleo.org/CapacitateFS/coursesImages/3f1a4f15-3ddf-419c-b9a9-04d87ac50617.png,,,0.0,,,,,,,,,,,,Aprende,,,,,,,,,,,,,True,,,,,,,,,
,,,,,,,,,,,,,,,,,,,Desarrollador Front-end,,,,,,,,,,,,,,,,,,,,,,,,,,,Programación para todos,,,,,,,,,Beginner,,,,,,,,,,,,,,es,,,,,,,,,,,,,,,,,,,USD,,,,https://aprende.org/cursos/view/100020,,,,,,,,,,,,https://fsvc.capacitateparaelempleo.org/CapacitateFS/coursesImages/00f79d87-4a44-4eac-a426-bb794db9e317.png,,,0.0,,,,,,,,,,,,Aprende,,,,,,,,,,,,,True,,,,,,,,,
,,,,,,,,,,,,,,,,,,,Desarrollador de sitios web responsivos,,,,,,,,,,,,,,,,,,,,,,,,,,,Programación para todos,,,,,,,,,Beginner,,,,,,,,,,,,,,es,,,,,,,,,,,,,,,,,,,USD,,,,https://aprende.org/cursos/view/100021,,,,,,,,,,,,https://fsvc.capacitateparaelempleo.org/CapacitateFS/coursesImages/d6df3193-21f4-4197-95aa-9d85061f0b86.png,,,0.0,,,,,,,,,,,,Aprende,,,,,,,,,,,,,True,,,,,,,,,
,,,,,,,,,,,,,,,,,,,Preprocesadores de estilo,,,,,,,,,,,,,,,,,,,,,,,,,,,Programación para todos,,,,,,,,,Beginner,,,,,,,,,,,,,,es,,,,,,,,,,,,,,,,,,,USD,,,,https://aprende.org/cursos/view/100022,,,,,,,,,,,,https://fsvc.capacitateparaelempleo.org/CapacitateFS/coursesImages/3f5ab5b9-5e3f-4cb2-b901-12d978c339c0.png,,,0.0,,,,,,,,,,,,Aprende,,,,,,,,,,,,,True,,,,,,,,,
,,,,,,,,,,,,,,,,,,,Desarrollador Back-end,,,,,,,,,,,,,,,,,,,,,,,,,,,Programación para todos,,,,,,,,,Beginner,,,,,,,,,,,,,,es,,,,,,,,,,,,,,,,,,,USD,,,,https://aprende.org/cursos/view/100023,,,,,,,,,,,,https://fsvc.capacitateparaelempleo.org/CapacitateFS/coursesImages/26afe79f-48dd-4497-b491-ebeaa0d57757.png,,,0.0,,,,,,,,,,,,Aprende,,,,,,,,,,,,,True,,,,,,,,,
,,,,,,,,,,,,,,,,,,,Programador (orientado a objetos),,,,,,,,,,,,,,,,,,,,,,,,,,,Programación para todos,,,,,,,,,Beginner,,,,,,,,,,,,,,es,,,,,,,,,,,,,,,,,,,USD,,,,https://aprende.org/cursos/view/100024,,,,,,,,,,,,https://fsvc.capacitateparaelempleo.org/CapacitateFS/coursesImages/7d65b83a-d216-44f3-a77c-bb10b925381b.png,,,0.0,,,,,,,,,,,,Aprende,,,,,,,,,,,,,True,,,,,,,,,
,,,,,,,,,,,,,,,,,,,Programador en C#,,,,,,,,,,,,,,,,,,,,,,,,,,,Programación para todos,,,,,,,,,Beginner,,,,,,,,,,,,,,es,,,,,,,,,,,,,,,,,,,USD,,,,https://aprende.org/cursos/view/100025,,,,,,,,,,,,https://fsvc.capacitateparaelempleo.org/CapacitateFS/coursesImages/4b03f651-346a-493f-8aff-eeccf96a9431.png,,,0.0,,,,,,,,,,,,Aprende,,,,,,,,,,,,,True,,,,,,,,,
,,,,,,,,,,,,,,,,,,,Cosecha y cultivo de agua,,,,,,,,,,,,,,,,,,,,,,,,,,,Medio ambiente,,,,,,,,,Beginner,,,,,,,,,,,,,,es,,,,,,,,,,,,,,,,,,,USD,,,,https://aprende.org/cursos/view/100026,,,,,,,,,,,,https://fsvc.capacitateparaelempleo.org/CapacitateFS/coursesImages/98acc325-9c04-4eac-bfbc-140247b55bac.png,,,0.0,,,,,,,,,,,,Aprende,,,,,,,,,,,,,True,,,,,,,,,
,,,,,,,,,,,,,,,,,,,Instalador de paneles solares,,,,,,,,,,,,,,,,,,,,,,,,,,,Medio ambiente,,,,,,,,,Beginner,,,,,,,,,,,,,,es,,,,,,,,,,,,,,,,,,,USD,,,,https://aprende.org/cursos/view/100027,,,,,,,,,,,,https://fsvc.capacitateparaelempleo.org/CapacitateFS/coursesImages/055d7219-2905-4bd7-92fe-204f98399443.png,,,0.0,,,,,,,,,,,,Aprende,,,,,,,,,,,,,True,,,,,,,,,
,,,,,,,,,,,,,,,,,,,Cálculo de huella de carbono,,,,,,,,,,,,,,,,,,,,,,,,,,,Medio ambiente,,,,,,,,,Beginner,,,,,,,,,,,,,,es,,,,,,,,,,,,,,,,,,,USD,,,,https://aprende.org/cursos/view/100028,,,,,,,,,,,,https://fsvc.capacitateparaelempleo.org/CapacitateFS/coursesImages/2a940ec7-ad73-499f-8d0f-17f9bd4c909e.png,,,0.0,,,,,,,,,,,,Aprende,,,,,,,,,,,,,True,,,,,,,,,
,,,,,,,,,,,,,,,,,,,Cálculo de huella ecológica,,,,,,,,,,,,,,,,,,,,,,,,,,,Medio ambiente,,,,,,,,,Beginner,,,,,,,,,,,,,,es,,,,,,,,,,,,,,,,,,,USD,,,,https://aprende.org/cursos/view/100029,,,,,,,,,,,,https://fsvc.capacitateparaelempleo.org/CapacitateFS/coursesImages/b0112fe8-2c83-4802-84b8-d64f3ad6ccfb.png,,,0.0,,,,,,,,,,,,Aprende,,,,,,,,,,,,,True,,,,,,,,,
,,,,,,,,,,,,,,,,,,,Instalador de techos verdes,,,,,,,,,,,,,,,,,,,,,,,,,,,Medio ambiente,,,,,,,,,Beginner,,,,,,,,,,,,,,es,,,,,,,,,,,,,,,,,,,USD,,,,https://aprende.org/cursos/view/100030,,,,,,,,,,,,https://fsvc.capacitateparaelempleo.org/CapacitateFS/coursesImages/92cb5ea6-41bf-44a5-96bc-039c3ccac6b5.png,,,0.0,,,,,,,,,,,,Aprende,,,,,,,,,,,,,True,,,,,,,,,
,,,,,,,,,,,,,,,,,,,Ahorro de energía (casa y oficina),,,,,,,,,,,,,,,,,,,,,,,,,,,Medio ambiente,,,,,,,,,Beginner,,,,,,,,,,,,,,es,,,,,,,,,,,,,,,,,,,USD,,,,https://aprende.org/cursos/view/100031,,,,,,,,,,,,https://fsvc.capacitateparaelempleo.org/CapacitateFS/coursesImages/1140d192-60b5-447d-b73a-3d95e62f7ff9.png,,,0.0,,,,,,,,,,,,Aprende,,,,,,,,,,,,,True,,,,,,,,,
,,,,,,,,,,,,,,,,,,,Técnico en manejo de residuos sólidos urbanos,,,,,,,,,,,,,,,,,,,,,,,,,,,Medio ambiente,,,,,,,,,Beginner,,,,,,,,,,,,,,es,,,,,,,,,,,,,,,,,,,USD,,,,https://aprende.org/cursos/view/100032,,,,,,,,,,,,https://fsvc.capacitateparaelempleo.org/CapacitateFS/coursesImages/dd680030-0b0a-4669-8b48-5a20c9f37758.png,,,0.0,,,,,,,,,,,,Aprende,,,,,,,,,,,,,True,,,,,,,,,
,,,,,,,,,,,,,,,,,,,Técnico en reciclaje,,,,,,,,,,,,,,,,,,,,,,,,,,,Medio ambiente,,,,,,,,,Beginner,,,,,,,,,,,,,,es,,,,,,,,,,,,,,,,,,,USD,,,,https://aprende.org/cursos/view/100033,,,,,,,,,,,,https://fsvc.capacitateparaelempleo.org/CapacitateFS/coursesImages/10398b6e-8f95-4c0f-b3c2-df27df668f0c.png,,,0.0,,,,,,,,,,,,Aprende,,,,,,,,,,,,,True,,,,,,,,,
,,,,,,,,,,,,,,,,,,,Asesor de energías renovables,,,,,,,,,,,,,,,,,,,,,,,,,,,Medio ambiente,,,,,,,,,Beginner,,,,,,,,,,,,,,es,,,,,,,,,,,,,,,,,,,USD,,,,https://aprende.org/cursos/view/100034,,,,,,,,,,,,https://fsvc.capacitateparaelempleo.org/CapacitateFS/coursesImages/248888ba-1e5e-4d87-8e77-6c39c45eae5c.png,,,0.0,,,,,,,,,,,,Aprende,,,,,,,,,,,,,True,,,,,,,,,
,,,,,,,,,,,,,,,,,,,Gobernanza del aire,,,,,,,,,,,,,,,,,,,,,,,,,,,Medio ambiente,,,,,,,,,Beginner,,,,,,,,,,,,,,es,,,,,,,,,,,,,,,,,,,USD,,,,https://aprende.org/cursos/view/100035,,,,,,,,,,,,https://fsvc.capacitateparaelempleo.org/CapacitateFS/coursesImages/eac3cd87-9cd4-42ba-95e6-c1fa9c0d86be.png,,,0.0,,,,,,,,,,,,Aprende,,,,,,,,,,,,,True,,,,,,,,,
,,,,,,,,,,,,,,,,,,,Cultura ambiental,,,,,,,,,,,,,,,,,,,,,,,,,,,Medio ambiente,,,,,,,,,Beginner,,,,,,,,,,,,,,es,,,,,,,,,,,,,,,,,,,USD,,,,https://aprende.org/cursos/view/100036,,,,,,,,,,,,https://fsvc.capacitateparaelempleo.org/CapacitateFS/coursesImages/8b5af7a9-9434-4a94-88dc-1d67da019235.png,,,0.0,,,,,,,,,,,,Aprende,,,,,,,,,,,,,True,,,,,,,,,
,,,,,,,,,,,,,,,,,,,Medio ambiente,,,,,,,,,,,,,,,,,,,,,,,,,,,Medio ambiente,,,,,,,,,Intermediate,,,,,,,,,,,,,,es,,,,,,,,,,,,,,,,,,,USD,,,,https://aprende.org/cursos/view/100130,,,,,,,,,,,,,,,0.0,,,,,,,,,,,,Aprende,,,,,,,,,,,,,True,,,,,,,,,
,,,,,,,,,,,,,,,,,,,Transformando conflictos,,,,,,,,,,,,,,,,,,,,,,,,,,,Cultura cívica,,,,,,,,,Beginner,,,,,,,,,,,,,,es,,,,,,,,,,,,,,,,,,,USD,,,,https://aprende.org/cursos/view/186,,,,,,,,,,,,https://fsvc.capacitateparaelempleo.org/CapacitateFS/coursesImages/8ebd21b0-77c5-43be-86f5-05fd1746d02a.png,,"Transformando conflictos es un curso que pretende acercarte a un enfoque en el que el conflicto, lejos de ser visto como una situación negativa, puede ser un espacio de oportunidad y de cambio si contamos con las herramientas básicas para abordarlo y manejarlo adecuadamente; de esta manera lograremos mejorar las relaciones y la convivencia entre las personas y los grupos de una comunidad. 
 En este video te explicamos los conceptos clave que se abordarán a lo largo de nuestro curso, esperamos te sean de utilidad en tu vida cotidiana. 
 Agradecemos la colaboración de la Dra. Luz Paula Parra Rosales en la aportación de contenidos para este curso.",0.0,,,,,,,,,,,,Aprende,,,,,,,,,,,,,True,,,,,,,,,
,,,,,,,,,,,,,,,,,,,Políticas públicas y gobernanza,,,,,,,,,,,,,,,,,,,,,,,,,,,Cultura cívica,,,,,,,,,Beginner,,,,,,,,,,,,,,es,,,,,,,,,,,,,,,,,,,USD,,,,https://aprende.org/cursos/view/353,,,,,,,,,,,,https://fsvc.capacitateparaelempleo.org/CapacitateFS/coursesImages/5c383c54-fb2a-481b-ab49-7e3bb6b18ef9.png,,,0.0,,,,,,,,,,,,Aprende,,,,,,,,,,,,,True,,,,,,,,,
,,,,,,,,,,,,,,,,,,,Juventudes,,,,,,,,,,,,,,,,,,,,,,,,,,,Cultura cívica,,,,,,,,,Beginner,,,,,,,,,,,,,,es,,,,,,,,,,,,,,,,,,,USD,,,,https://aprende.org/cursos/view/363,,,,,,,,,,,,https://fsvc.capacitateparaelempleo.org/CapacitateFS/coursesImages/63787b87-a0d6-439a-b896-d1e6dc19f96c.png,,"Recomendamos que, para una mejor experiencia, utilices el navegador Google Chrome.",0.0,,,,,,,,,,,,Aprende,,,,,,,,,,,,,True,,,,,,,,,
,,,,,,,,,,,,,,,,,,,Ver para Prever,,,,,,,,,,,,,,,,,,,,,,,,,,,Cultura cívica,,,,,,,,,Beginner,,,,,,,,,,,,,,es,,,,,,,,,,,,,,,,,,,USD,,,,https://aprende.org/cursos/view/401,,,,,,,,,,,,https://fsvc.capacitateparaelempleo.org/CapacitateFS/coursesImages/7384ee70-2dda-4637-a21f-5d02c1667fd3.png,,"Recomendamos que, para una mejor experiencia, utilices el navegador Google Chrome.",0.0,,,,,,,,,,,,Aprende,,,,,,,,,,,,,True,,,,,,,,,
,,,,,,,,,,,,,,,,,,,"1, 2, 3, por mí, por ti, por todxs. A chambear se ha dicho",,,,,,,,,,,,,,,,,,,,,,,,,,,Cultura cívica,,,,,,,,,Beginner,,,,,,,,,,,,,,es,,,,,,,,,,,,,,,,,,,USD,,,,https://aprende.org/cursos/view/402,,,,,,,,,,,,https://fsvc.capacitateparaelempleo.org/CapacitateFS/coursesImages/8f81b7d0-3355-4662-b957-6b6cc825f674.png,,"Recomendamos que, para una mejor experiencia, utilices el navegador Google Chrome.",0.0,,,,,,,,,,,,Aprende,,,,,,,,,,,,,True,,,,,,,,,
,,,,,,,,,,,,,,,,,,,Yo prevengo la violencia,,,,,,,,,,,,,,,,,,,,,,,,,,,Cultura cívica,,,,,,,,,Beginner,,,,,,,,,,,,,,es,,,,,,,,,,,,,,,,,,,USD,,,,https://aprende.org/cursos/view/100043,,,,,,,,,,,,https://fsvc.capacitateparaelempleo.org/CapacitateFS/coursesImages/01678b19-fe6f-478b-a3aa-f780c2609b15.png,,,0.0,,,,,,,,,,,,Aprende,,,,,,,,,,,,,True,,,,,,,,,
,,,,,,,,,,,,,,,,,,,"Ni a gritos, ni a sombrerazos",,,,,,,,,,,,,,,,,,,,,,,,,,,Cultura cívica,,,,,,,,,Beginner,,,,,,,,,,,,,,es,,,,,,,,,,,,,,,,,,,USD,,,,https://aprende.org/cursos/view/100083,,,,,,,,,,,,https://fsvc.capacitateparaelempleo.org/CapacitateFS/coursesImages/13c1c5bf-9a64-44e8-9607-b6b04db5affa.png,,"Ni a gritos, ni a sombrerazos",0.0,,,,,,,,,,,,Aprende,,,,,,,,,,,,,True,,,,,,,,,
,,,,,,,,,,,,,,,,,,,Seguridad para todas y todos,,,,,,,,,,,,,,,,,,,,,,,,,,,Cultura cívica,,,,,,,,,Beginner,,,,,,,,,,,,,,es,,,,,,,,,,,,,,,,,,,USD,,,,https://aprende.org/cursos/view/100087,,,,,,,,,,,,https://fsvc.capacitateparaelempleo.org/CapacitateFS/coursesImages/75594f76-ad7e-487e-bbbe-5ba73a6bbdcb.png,,,0.0,,,,,,,,,,,,Aprende,,,,,,,,,,,,,True,,,,,,,,,
,,,,,,,,,,,,,,,,,,,Interactivos_Cultura_Civica,,,,,,,,,,,,,,,,,,,,,,,,,,,Cultura cívica,,,,,,,,,Beginner,,,,,,,,,,,,,,es,,,,,,,,,,,,,,,,,,,USD,,,,https://aprende.org/cursos/view/100119,,,,,,,,,,,,,,,0.0,,,,,,,,,,,,Aprende,,,,,,,,,,,,,True,,,,,,,,,
,,,,,,,,,,,,,,,,,,,Cultura cívica,,,,,,,,,,,,,,,,,,,,,,,,,,,Cultura cívica,,,,,,,,,Beginner,,,,,,,,,,,,,,es,,,,,,,,,,,,,,,,,,,USD,,,,https://aprende.org/cursos/view/100144,,,,,,,,,,,,,,,0.0,,,,,,,,,,,,Aprende,,,,,,,,,,,,,True,,,,,,,,,
,,,,,,,,,,,,,,,,,,,Historia,,,,,,,,,,,,,,,,,,,,,,,,,,,Historia,,,,,,,,,Beginner,,,,,,,,,,,,,,es,,,,,,,,,,,,,,,,,,,USD,,,,https://aprende.org/cursos/view/519,,,,,,,,,,,,,,"""Se hace historia para avanzar en la interpretación del mundo, para transformar la sociedad, para participar políticamente, para defender principios y causas sociales, para denunciar esto y mejorar aquello y también porque es placentero hacerlo.""  -José Joaquín Blanco Descubre la historia, nuestra historia, a partir de datos curiosos sobre ella, así como documentos y libros con gran valor histórico. Olvida que la historia es aburrida y diviértete conociendo la relación entre sucesos históricos.",0.0,,,,,,,,,,,,Aprende,,,,,,,,,,,,,True,,,,,,,,,
,,,,,,,,,,,,,,,,,,,Centro de Estudios de Historia de México,,,,,,,,,,,,,,,,,,,,,,,,,,,Centro de Estudios de Historia de México,,,,,,,,,Beginner,,,,,,,,,,,,,,es,,,,,,,,,,,,,,,,,,,USD,,,,https://aprende.org/cursos/view/520,,,,,,,,,,,,,,"El Centro de Estudios de Historia de México Fundación Carlos Slim te invita a viajar al pasado a través de las conferencias, libros y documentos, y a descubrir una nueva forma de aprender la historia de México.Aquí encontrarás material que te ayudará en tus tareas y conocerás la historia de México de una manera diferente.",0.0,,,,,,,,,,,,Aprende,,,,,,,,,,,,,True,,,,,,,,,
,,,,,,,,,,,,,,,,,,,Museo Soumaya,,,,,,,,,,,,,,,,,,,,,,,,,,,Museo Soumaya,,,,,,,,,Beginner,,,,,,,,,,,,,,es,,,,,,,,,,,,,,,,,,,USD,,,,https://aprende.org/cursos/view/521,,,,,,,,,,,,,,,0.0,,,,,,,,,,,,Aprende,,,,,,,,,,,,,True,,,,,,,,,
,,,,,,,,,,,,,,,,,,,Visitas virtuales Soumaya,,,,,,,,,,,,,,,,,,,,,,,,,,,Museo Soumaya,,,,,,,,,Intermediate,,,,,,,,,,,,,,es,,,,,,,,,,,,,,,,,,,USD,,,,https://aprende.org/cursos/view/100329,,,,,,,,,,,,,,,0.0,,,,,,,,,,,,Aprende,,,,,,,,,,,,,True,,,,,,,,,
,,,,,,,,,,,,,,,,,,,Familiarizándonos con PISA,,,,,,,,,,,,,,,,,,,,,,,,,,,Maestro innovador,,,,,,,,,Beginner,,,,,,,,,,,,,,es,,,,,,,,,,,,,,,,,,,USD,,,,https://aprende.org/cursos/view/522,,,,,,,,,,,,https://fsvc.capacitateparaelempleo.org/CapacitateFS/coursesImages/a162e3ef-3027-43dc-91c6-843f6da8207a.png,,,0.0,,,,,,,,,,,,Aprende,,,,,,,,,,,,,True,,,,,,,,,
,,,,,,,,,,,,,,,,,,,La lectura en la prueba PISA,,,,,,,,,,,,,,,,,,,,,,,,,,,Maestro innovador,,,,,,,,,Beginner,,,,,,,,,,,,,,es,,,,,,,,,,,,,,,,,,,USD,,,,https://aprende.org/cursos/view/523,,,,,,,,,,,,https://fsvc.capacitateparaelempleo.org/CapacitateFS/coursesImages/1e67bc11-4e17-45fa-b791-6acd39cb2803.png,,,0.0,,,,,,,,,,,,Aprende,,,,,,,,,,,,,True,,,,,,,,,
,,,,,,,,,,,,,,,,,,,Las matemáticas en la prueba PISA,,,,,,,,,,,,,,,,,,,,,,,,,,,Maestro innovador,,,,,,,,,Beginner,,,,,,,,,,,,,,es,,,,,,,,,,,,,,,,,,,USD,,,,https://aprende.org/cursos/view/524,,,,,,,,,,,,https://fsvc.capacitateparaelempleo.org/CapacitateFS/coursesImages/51c051f3-8dc5-451d-9e58-733a12b8abf9.png,,,0.0,,,,,,,,,,,,Aprende,,,,,,,,,,,,,True,,,,,,,,,
,,,,,,,,,,,,,,,,,,,Las ciencias en la prueba PISA,,,,,,,,,,,,,,,,,,,,,,,,,,,Maestro innovador,,,,,,,,,Beginner,,,,,,,,,,,,,,es,,,,,,,,,,,,,,,,,,,USD,,,,https://aprende.org/cursos/view/525,,,,,,,,,,,,https://fsvc.capacitateparaelempleo.org/CapacitateFS/coursesImages/28804930-8361-43fc-9f77-e2318a04194f.png,,,0.0,,,,,,,,,,,,Aprende,,,,,,,,,,,,,True,,,,,,,,,
,,,,,,,,,,,,,,,,,,,Dispositivos móviles en educación (Desactualizado),,,,,,,,,,,,,,,,,,,,,,,,,,,Maestro innovador,,,,,,,,,Beginner,,,,,,,,,,,,,,es,,,,,,,,,,,,,,,,,,,USD,,,,https://aprende.org/cursos/view/526,,,,,,,,,,,,https://fsvc.capacitateparaelempleo.org/CapacitateFS/coursesImages/933356c8-43aa-4be7-b1a4-19f41492e2a6.png,,,0.0,,,,,,,,,,,,Aprende,,,,,,,,,,,,,True,,,,,,,,,
,,,,,,,,,,,,,,,,,,,Pasos para innovar en el aula app,,,,,,,,,,,,,,,,,,,,,,,,,,,Maestro innovador,,,,,,,,,Beginner,,,,,,,,,,,,,,es,,,,,,,,,,,,,,,,,,,USD,,,,https://aprende.org/cursos/view/527,,,,,,,,,,,,https://fsvc.capacitateparaelempleo.org/CapacitateFS/coursesImages/576cbafb-340a-45cb-ad2d-58343d355f60.png,,,0.0,,,,,,,,,,,,Aprende,,,,,,,,,,,,,True,,,,,,,,,
,,,,,,,,,,,,,,,,,,,Aprendizajes fundamentales (Desactualizado),,,,,,,,,,,,,,,,,,,,,,,,,,,Maestro innovador,,,,,,,,,Beginner,,,,,,,,,,,,,,es,,,,,,,,,,,,,,,,,,,USD,,,,https://aprende.org/cursos/view/528,,,,,,,,,,,,https://fsvc.capacitateparaelempleo.org/CapacitateFS/coursesImages/204d96ff-cf9d-4663-bb85-d250f474e8de.png,,,0.0,,,,,,,,,,,,Aprende,,,,,,,,,,,,,True,,,,,,,,,
,,,,,,,,,,,,,,,,,,,Contar historias (Storytelling),,,,,,,,,,,,,,,,,,,,,,,,,,,Maestro innovador,,,,,,,,,Beginner,,,,,,,,,,,,,,es,,,,,,,,,,,,,,,,,,,USD,,,,https://aprende.org/cursos/view/529,,,,,,,,,,,,https://fsvc.capacitateparaelempleo.org/CapacitateFS/coursesImages/50a18e21-ff89-4e69-a02d-6754c763c5a5.png,,,0.0,,,,,,,,,,,,Aprende,,,,,,,,,,,,,True,,,,,,,,,
,,,,,,,,,,,,,,,,,,,Aprendizaje basado en proyecto,,,,,,,,,,,,,,,,,,,,,,,,,,,Maestro innovador,,,,,,,,,Beginner,,,,,,,,,,,,,,es,,,,,,,,,,,,,,,,,,,USD,,,,https://aprende.org/cursos/view/530,,,,,,,,,,,,https://fsvc.capacitateparaelempleo.org/CapacitateFS/coursesImages/5b822b99-2483-4279-a27d-5e742a0388e9.png,,,0.0,,,,,,,,,,,,Aprende,,,,,,,,,,,,,True,,,,,,,,,
,,,,,,,,,,,,,,,,,,,Aula invertida (Desactualizado),,,,,,,,,,,,,,,,,,,,,,,,,,,Maestro innovador,,,,,,,,,Beginner,,,,,,,,,,,,,,es,,,,,,,,,,,,,,,,,,,USD,,,,https://aprende.org/cursos/view/531,,,,,,,,,,,,https://fsvc.capacitateparaelempleo.org/CapacitateFS/coursesImages/4f38de13-c917-4ece-9087-907348ad266a.png,,"Dale la vuelta a la clase fomentando la autonomía de tus estudiantes.   
  Lleva el aprendizaje fuera del aula, y retroalimenta su experiencia.",0.0,,,,,,,,,,,,Aprende,,,,,,,,,,,,,True,,,,,,,,,
,,,,,,,,,,,,,,,,,,,Aprendizaje basado en retos (desactualizado),,,,,,,,,,,,,,,,,,,,,,,,,,,Maestro innovador,,,,,,,,,Beginner,,,,,,,,,,,,,,es,,,,,,,,,,,,,,,,,,,USD,,,,https://aprende.org/cursos/view/532,,,,,,,,,,,,https://fsvc.capacitateparaelempleo.org/CapacitateFS/coursesImages/af338252-73ab-47eb-9bd2-2c5c615924eb.png,,,0.0,,,,,,,,,,,,Aprende,,,,,,,,,,,,,True,,,,,,,,,
,,,,,,,,,,,,,,,,,,,A B C de dispositivos móviles,,,,,,,,,,,,,,,,,,,,,,,,,,,Maestro innovador,,,,,,,,,Beginner,,,,,,,,,,,,,,es,,,,,,,,,,,,,,,,,,,USD,,,,https://aprende.org/cursos/view/533,,,,,,,,,,,,https://fsvc.capacitateparaelempleo.org/CapacitateFS/coursesImages/9617425a-7697-4b4e-b34c-9981eb45c643.png,,,0.0,,,,,,,,,,,,Aprende,,,,,,,,,,,,,True,,,,,,,,,
,,,,,,,,,,,,,,,,,,,Enseña con dispositivos móviles,,,,,,,,,,,,,,,,,,,,,,,,,,,Maestro innovador,,,,,,,,,Beginner,,,,,,,,,,,,,,es,,,,,,,,,,,,,,,,,,,USD,,,,https://aprende.org/cursos/view/534,,,,,,,,,,,,https://fsvc.capacitateparaelempleo.org/CapacitateFS/coursesImages/1a1bc08c-4c6b-4662-9238-021a16a9974e.png,,,0.0,,,,,,,,,,,,Aprende,,,,,,,,,,,,,True,,,,,,,,,
,,,,,,,,,,,,,,,,,,,Apps y sitios para aprender app,,,,,,,,,,,,,,,,,,,,,,,,,,,Maestro innovador,,,,,,,,,Beginner,,,,,,,,,,,,,,es,,,,,,,,,,,,,,,,,,,USD,,,,https://aprende.org/cursos/view/535,,,,,,,,,,,,https://fsvc.capacitateparaelempleo.org/CapacitateFS/coursesImages/b4b8de7b-519e-48ef-b8cb-beb2bd8055a7.png,,,0.0,,,,,,,,,,,,Aprende,,,,,,,,,,,,,True,,,,,,,,,
,,,,,,,,,,,,,,,,,,,Crea con dispositivos móviles,,,,,,,,,,,,,,,,,,,,,,,,,,,Maestro innovador,,,,,,,,,Beginner,,,,,,,,,,,,,,es,,,,,,,,,,,,,,,,,,,USD,,,,https://aprende.org/cursos/view/536,,,,,,,,,,,,https://fsvc.capacitateparaelempleo.org/CapacitateFS/coursesImages/0b4c7088-e9a5-4263-b2f5-3bcf8f425d5b.png,,,0.0,,,,,,,,,,,,Aprende,,,,,,,,,,,,,True,,,,,,,,,
,,,,,,,,,,,,,,,,,,,Descubre Khan Academy en español,,,,,,,,,,,,,,,,,,,,,,,,,,,Maestro innovador,,,,,,,,,Beginner,,,,,,,,,,,,,,es,,,,,,,,,,,,,,,,,,,USD,,,,https://aprende.org/cursos/view/537,,,,,,,,,,,,https://fsvc.capacitateparaelempleo.org/CapacitateFS/coursesImages/d1e16041-1d78-4517-8cf5-e3c715f0ad36.png,,,0.0,,,,,,,,,,,,Aprende,,,,,,,,,,,,,True,,,,,,,,,
,,,,,,,,,,,,,,,,,,,"I. Tengo diabetes, ¿qué es eso?",,,,,,,,,,,,,,,,,,,,,,,,,,,Cursos prácticos,,,,,,,,,Beginner,,,,,,,,,,,,,,es,,,,,,,,,,,,,,,,,,,USD,,,,https://aprende.org/cursos/view/576,,,,,,,,,,,,,,,0.0,,,,,,,,,,,,Aprende,,,,,,,,,,,,,True,,,,,,,,,
,,,,,,,,,,,,,,,,,,,II. Buenos y malos hábitos con mi diabetes,,,,,,,,,,,,,,,,,,,,,,,,,,,Cursos prácticos,,,,,,,,,Beginner,,,,,,,,,,,,,,es,,,,,,,,,,,,,,,,,,,USD,,,,https://aprende.org/cursos/view/577,,,,,,,,,,,,,,,0.0,,,,,,,,,,,,Aprende,,,,,,,,,,,,,True,,,,,,,,,
,,,,,,,,,,,,,,,,,,,III. Yo vigilo mi azúcar,,,,,,,,,,,,,,,,,,,,,,,,,,,Cursos prácticos,,,,,,,,,Beginner,,,,,,,,,,,,,,es,,,,,,,,,,,,,,,,,,,USD,,,,https://aprende.org/cursos/view/578,,,,,,,,,,,,,,,0.0,,,,,,,,,,,,Aprende,,,,,,,,,,,,,True,,,,,,,,,
,,,,,,,,,,,,,,,,,,,IV. ¿Qué comer para estar bien?,,,,,,,,,,,,,,,,,,,,,,,,,,,Cursos prácticos,,,,,,,,,Beginner,,,,,,,,,,,,,,es,,,,,,,,,,,,,,,,,,,USD,,,,https://aprende.org/cursos/view/579,,,,,,,,,,,,,,,0.0,,,,,,,,,,,,Aprende,,,,,,,,,,,,,True,,,,,,,,,
,,,,,,,,,,,,,,,,,,,V. Cuestiones de peso,,,,,,,,,,,,,,,,,,,,,,,,,,,Cursos prácticos,,,,,,,,,Beginner,,,,,,,,,,,,,,es,,,,,,,,,,,,,,,,,,,USD,,,,https://aprende.org/cursos/view/580,,,,,,,,,,,,,,,0.0,,,,,,,,,,,,Aprende,,,,,,,,,,,,,True,,,,,,,,,
,,,,,,,,,,,,,,,,,,,"VI. Porque me quiero, me muevo",,,,,,,,,,,,,,,,,,,,,,,,,,,Cursos prácticos,,,,,,,,,Beginner,,,,,,,,,,,,,,es,,,,,,,,,,,,,,,,,,,USD,,,,https://aprende.org/cursos/view/581,,,,,,,,,,,,,,,0.0,,,,,,,,,,,,Aprende,,,,,,,,,,,,,True,,,,,,,,,
,,,,,,,,,,,,,,,,,,,VII. Yo tomo mis medicinas correctamente,,,,,,,,,,,,,,,,,,,,,,,,,,,Cursos prácticos,,,,,,,,,Beginner,,,,,,,,,,,,,,es,,,,,,,,,,,,,,,,,,,USD,,,,https://aprende.org/cursos/view/582,,,,,,,,,,,,,,,0.0,,,,,,,,,,,,Aprende,,,,,,,,,,,,,True,,,,,,,,,
,,,,,,,,,,,,,,,,,,,VIII. ¿Y si no me cuido?,,,,,,,,,,,,,,,,,,,,,,,,,,,Cursos prácticos,,,,,,,,,Beginner,,,,,,,,,,,,,,es,,,,,,,,,,,,,,,,,,,USD,,,,https://aprende.org/cursos/view/583,,,,,,,,,,,,,,,0.0,,,,,,,,,,,,Aprende,,,,,,,,,,,,,True,,,,,,,,,
,,,,,,,,,,,,,,,,,,,Cuidados paliativos (familiares y voluntarios),,,,,,,,,,,,,,,,,,,,,,,,,,,Cursos prácticos,,,,,,,,,Beginner,,,,,,,,,,,,,,es,,,,,,,,,,,,,,,,,,,USD,,,,https://aprende.org/cursos/view/100049,,,,,,,,,,,,https://fsvc.capacitateparaelempleo.org/CapacitateFS/coursesImages/a1202d27-48b2-4970-9c04-7a6868b8adb4.png,,,0.0,,,,,,,,,,,,Aprende,,,,,,,,,,,,,True,,,,,,,,,
,,,,,,,,,,,,,,,,,,,Nueva normalidad laboral,,,,,,,,,,,,,,,,,,,,,,,,,,,Cursos prácticos,,,,,,,,,Beginner,,,,,,,,,,,,,,es,,,,,,,,,,,,,,,,,,,USD,,,,https://aprende.org/cursos/view/100050,,,,,,,,,,,,https://fsvc.capacitateparaelempleo.org/CapacitateFS/coursesImages/e4bc36a4-1763-4f84-9cbd-ceba6102ba0f.png,,,0.0,,,,,,,,,,,,Aprende,,,,,,,,,,,,,True,,,,,,,,,
,,,,,,,,,,,,,,,,,,,Niñas y Niños Creciendo Sanos y Listos,,,,,,,,,,,,,,,,,,,,,,,,,,,Cursos prácticos,,,,,,,,,Beginner,,,,,,,,,,,,,,es,,,,,,,,,,,,,,,,,,,USD,,,,https://aprende.org/cursos/view/100051,,,,,,,,,,,,https://fsvc.capacitateparaelempleo.org/CapacitateFS/coursesImages/0562cc32-732c-4733-8563-66f387d28b97.png,,,0.0,,,,,,,,,,,,Aprende,,,,,,,,,,,,,True,,,,,,,,,
,,,,,,,,,,,,,,,,,,,Promotor en activación física,,,,,,,,,,,,,,,,,,,,,,,,,,,Cursos prácticos,,,,,,,,,Beginner,,,,,,,,,,,,,,es,,,,,,,,,,,,,,,,,,,USD,,,,https://aprende.org/cursos/view/100151,,,,,,,,,,,,https://fsvc.capacitateparaelempleo.org/CapacitateFS/coursesImages/6cb997fe-ee6f-4a3d-ba29-acd9c51c3c2b.png,,,0.0,,,,,,,,,,,,Aprende,,,,,,,,,,,,,True,,,,,,,,,
,,,,,,,,,,,,,,,,,,,Alimentación saludable (Edad adulta),,,,,,,,,,,,,,,,,,,,,,,,,,,Cursos prácticos,,,,,,,,,Intermediate,,,,,,,,,,,,,,es,,,,,,,,,,,,,,,,,,,USD,,,,https://aprende.org/cursos/view/100215,,,,,,,,,,,,https://fsvc.capacitateparaelempleo.org/CapacitateFS/coursesImages/59b6d2f8-09ec-42ad-84f2-aea7fdeba390.png,,,0.0,,,,,,,,,,,,Aprende,,,,,,,,,,,,,True,,,,,,,,,
,,,,,,,,,,,,,,,,,,,Videos para cuidar tu salud V1,,,,,,,,,,,,,,,,,,,,,,,,,,,Cuida tu salud,,,,,,,,,Beginner,,,,,,,,,,,,,,es,,,,,,,,,,,,,,,,,,,USD,,,,https://aprende.org/cursos/view/558,,,,,,,,,,,,https://fsvc.capacitateparaelempleo.org/CapacitateFS/assetsAprende/fytyran.jpg,,Estos videos son para introducirse en diversos temas de salud.,0.0,,,,,,,,,,,,Aprende,,,,,,,,,,,,,True,,,,,,,,,
,,,,,,,,,,,,,,,,,,,Prevención a tu alcance,,,,,,,,,,,,,,,,,,,,,,,,,,,Cuida tu salud,,,,,,,,,Beginner,,,,,,,,,,,,,,es,,,,,,,,,,,,,,,,,,,USD,,,,https://aprende.org/cursos/view/559,,,,,,,,,,,,https://fsvc.capacitateparaelempleo.org/CapacitateFS/assetsAprende/xz4dskh.jpg,,"Estos Manuales fueron elaborados por profesionales de la salud, están disponibles para su fácil lectura y por las distintas etapas de vida.",0.0,,,,,,,,,,,,Aprende,,,,,,,,,,,,,True,,,,,,,,,
,,,,,,,,,,,,,,,,,,,Cápsulas para tu cuidado,,,,,,,,,,,,,,,,,,,,,,,,,,,Cuida tu salud,,,,,,,,,Beginner,,,,,,,,,,,,,,es,,,,,,,,,,,,,,,,,,,USD,,,,https://aprende.org/cursos/view/560,,,,,,,,,,,,https://fsvc.capacitateparaelempleo.org/CapacitateFS/assetsAprende/mmv4grn.jpg,,Estos videos contienen tips y consejos que te ayudarán a resolver problemas cotidianos de salud dentro de tu hogar.,0.0,,,,,,,,,,,,Aprende,,,,,,,,,,,,,True,,,,,,,,,
,,,,,,,,,,,,,,,,,,,Videos para cuidar tu salud,,,,,,,,,,,,,,,,,,,,,,,,,,,Cuida tu salud,,,,,,,,,Intermediate,,,,,,,,,,,,,,es,,,,,,,,,,,,,,,,,,,USD,,,,https://aprende.org/cursos/view/100296,,,,,,,,,,,,,,,0.0,,,,,,,,,,,,Aprende,,,,,,,,,,,,,True,,,,,,,,,
,,,,,,,,,,,,,,,,,,,Niñas y Niños Creciendo Sanos y Listos,,,,,,,,,,,,,,,,,,,,,,,,,,,Salud en tu escuela,,,,,,,,,Beginner,,,,,,,,,,,,,,es,,,,,,,,,,,,,,,,,,,USD,,,,https://aprende.org/cursos/view/100068,,,,,,,,,,,,https://fsvc.capacitateparaelempleo.org/CapacitateFS/coursesImages/0562cc32-732c-4733-8563-66f387d28b97.png,,,0.0,,,,,,,,,,,,Aprende,,,,,,,,,,,,,True,,,,,,,,,
,,,,,,,,,,,,,,,,,,,Diabetes,,,,,,,,,,,,,,,,,,,,,,,,,,,Enfermedades,,,,,,,,,Beginner,,,,,,,,,,,,,,es,,,,,,,,,,,,,,,,,,,USD,,,,https://aprende.org/cursos/view/561,,,,,,,,,,,,,,,0.0,,,,,,,,,,,,Aprende,,,,,,,,,,,,,True,,,,,,,,,
,,,,,,,,,,,,,,,,,,,Obesidad y nutrición,,,,,,,,,,,,,,,,,,,,,,,,,,,Enfermedades,,,,,,,,,Beginner,,,,,,,,,,,,,,es,,,,,,,,,,,,,,,,,,,USD,,,,https://aprende.org/cursos/view/562,,,,,,,,,,,,,,,0.0,,,,,,,,,,,,Aprende,,,,,,,,,,,,,True,,,,,,,,,
,,,,,,,,,,,,,,,,,,,Hipertensión,,,,,,,,,,,,,,,,,,,,,,,,,,,Enfermedades,,,,,,,,,Beginner,,,,,,,,,,,,,,es,,,,,,,,,,,,,,,,,,,USD,,,,https://aprende.org/cursos/view/563,,,,,,,,,,,,,,,0.0,,,,,,,,,,,,Aprende,,,,,,,,,,,,,True,,,,,,,,,
,,,,,,,,,,,,,,,,,,,Insuficiencia renal,,,,,,,,,,,,,,,,,,,,,,,,,,,Enfermedades,,,,,,,,,Beginner,,,,,,,,,,,,,,es,,,,,,,,,,,,,,,,,,,USD,,,,https://aprende.org/cursos/view/564,,,,,,,,,,,,,,,0.0,,,,,,,,,,,,Aprende,,,,,,,,,,,,,True,,,,,,,,,
,,,,,,,,,,,,,,,,,,,Epilepsia,,,,,,,,,,,,,,,,,,,,,,,,,,,Enfermedades,,,,,,,,,Beginner,,,,,,,,,,,,,,es,,,,,,,,,,,,,,,,,,,USD,,,,https://aprende.org/cursos/view/565,,,,,,,,,,,,,,,0.0,,,,,,,,,,,,Aprende,,,,,,,,,,,,,True,,,,,,,,,
,,,,,,,,,,,,,,,,,,,Depresión y mente,,,,,,,,,,,,,,,,,,,,,,,,,,,Enfermedades,,,,,,,,,Beginner,,,,,,,,,,,,,,es,,,,,,,,,,,,,,,,,,,USD,,,,https://aprende.org/cursos/view/566,,,,,,,,,,,,,,,0.0,,,,,,,,,,,,Aprende,,,,,,,,,,,,,True,,,,,,,,,
,,,,,,,,,,,,,,,,,,,Cáncer,,,,,,,,,,,,,,,,,,,,,,,,,,,Enfermedades,,,,,,,,,Beginner,,,,,,,,,,,,,,es,,,,,,,,,,,,,,,,,,,USD,,,,https://aprende.org/cursos/view/567,,,,,,,,,,,,,,,0.0,,,,,,,,,,,,Aprende,,,,,,,,,,,,,True,,,,,,,,,
,,,,,,,,,,,,,,,,,,,VIH/SIDA,,,,,,,,,,,,,,,,,,,,,,,,,,,Enfermedades,,,,,,,,,Beginner,,,,,,,,,,,,,,es,,,,,,,,,,,,,,,,,,,USD,,,,https://aprende.org/cursos/view/568,,,,,,,,,,,,,,,0.0,,,,,,,,,,,,Aprende,,,,,,,,,,,,,True,,,,,,,,,
,,,,,,,,,,,,,,,,,,,Colitis y gastritis,,,,,,,,,,,,,,,,,,,,,,,,,,,Enfermedades,,,,,,,,,Beginner,,,,,,,,,,,,,,es,,,,,,,,,,,,,,,,,,,USD,,,,https://aprende.org/cursos/view/569,,,,,,,,,,,,,,,0.0,,,,,,,,,,,,Aprende,,,,,,,,,,,,,True,,,,,,,,,
,,,,,,,,,,,,,,,,,,,Dislexia,,,,,,,,,,,,,,,,,,,,,,,,,,,Enfermedades,,,,,,,,,Beginner,,,,,,,,,,,,,,es,,,,,,,,,,,,,,,,,,,USD,,,,https://aprende.org/cursos/view/570,,,,,,,,,,,,,,,0.0,,,,,,,,,,,,Aprende,,,,,,,,,,,,,True,,,,,,,,,
,,,,,,,,,,,,,,,,,,,Adicciones,,,,,,,,,,,,,,,,,,,,,,,,,,,Vida y familia,,,,,,,,,Beginner,,,,,,,,,,,,,,es,,,,,,,,,,,,,,,,,,,USD,,,,https://aprende.org/cursos/view/571,,,,,,,,,,,,,,,0.0,,,,,,,,,,,,Aprende,,,,,,,,,,,,,True,,,,,,,,,
,,,,,,,,,,,,,,,,,,,Salud sexual,,,,,,,,,,,,,,,,,,,,,,,,,,,Vida y familia,,,,,,,,,Beginner,,,,,,,,,,,,,,es,,,,,,,,,,,,,,,,,,,USD,,,,https://aprende.org/cursos/view/572,,,,,,,,,,,,,,,0.0,,,,,,,,,,,,Aprende,,,,,,,,,,,,,True,,,,,,,,,
,,,,,,,,,,,,,,,,,,,Ecosalud,,,,,,,,,,,,,,,,,,,,,,,,,,,Vida y familia,,,,,,,,,Beginner,,,,,,,,,,,,,,es,,,,,,,,,,,,,,,,,,,USD,,,,https://aprende.org/cursos/view/573,,,,,,,,,,,,,,,0.0,,,,,,,,,,,,Aprende,,,,,,,,,,,,,True,,,,,,,,,
,,,,,,,,,,,,,,,,,,,Embarazo,,,,,,,,,,,,,,,,,,,,,,,,,,,Vida y familia,,,,,,,,,Beginner,,,,,,,,,,,,,,es,,,,,,,,,,,,,,,,,,,USD,,,,https://aprende.org/cursos/view/574,,,,,,,,,,,,,,,0.0,,,,,,,,,,,,Aprende,,,,,,,,,,,,,True,,,,,,,,,
,,,,,,,,,,,,,,,,,,,Autismo,,,,,,,,,,,,,,,,,,,,,,,,,,,Vida y familia,,,,,,,,,Beginner,,,,,,,,,,,,,,es,,,,,,,,,,,,,,,,,,,USD,,,,https://aprende.org/cursos/view/575,,,,,,,,,,,,,,,0.0,,,,,,,,,,,,Aprende,,,,,,,,,,,,,True,,,,,,,,,
,,,,,,,,,,,,,,,,,,,Niñas y Niños Creciendo Sanos y Listos,,,,,,,,,,,,,,,,,,,,,,,,,,,Cursos para el cuidado de mi salud,,,,,,,,,Beginner,,,,,,,,,,,,,,es,,,,,,,,,,,,,,,,,,,USD,,,,https://aprende.org/cursos/view/182,,,,,,,,,,,,https://fsvc.capacitateparaelempleo.org/CapacitateFS/coursesImages/0562cc32-732c-4733-8563-66f387d28b97.png,,"Hola, bienvenido a ""Niñas y Niños Creciendo Sanos y Listos"" un espacio para padres de familia y maestros de primaria en el que a través de 7 sencillos pasos te presentamos la manera en que puedes lograr un estilo de vida saludable para tu familia, tus hijos o alumnos. Trabajando juntos, podremos prevenir el sobrepeso, la obesidad, la diabetes y otras enfermedades crónicas en niñas y niños de nuestro país. Te recomendamos explorar en orden cada uno de los materiales que hemos preparado para ti. ¡Que lo disfrutes!",0.0,,,,,,,,,,,,Aprende,,,,,,,,,,,,,True,,,,,,,,,
,,,,,,,,,,,,,,,,,,,ABC sobre vacunación,,,,,,,,,,,,,,,,,,,,,,,,,,,Cursos para el cuidado de mi salud,,,,,,,,,Beginner,,,,,,,,,,,,,,es,,,,,,,,,,,,,,,,,,,USD,,,,https://aprende.org/cursos/view/590,,,,,,,,,,,,https://fsvc.capacitateparaelempleo.org/CapacitateFS/coursesImages/951c6ed5-62e3-4eb1-b479-93448f6f02de.png,,,0.0,,,,,,,,,,,,Aprende,,,,,,,,,,,,,True,,,,,,,,,
,,,,,,,,,,,,,,,,,,,Juntos en la diabetes,,,,,,,,,,,,,,,,,,,,,,,,,,,Cursos para el cuidado de mi salud,,,,,,,,,Beginner,,,,,,,,,,,,,,es,,,,,,,,,,,,,,,,,,,USD,,,,https://aprende.org/cursos/view/100045,,,,,,,,,,,,https://fsvc.capacitateparaelempleo.org/CapacitateFS/coursesImages/991f8078-c583-41d4-8d74-e6e02bad96bb.png,,,0.0,,,,,,,,,,,,Aprende,,,,,,,,,,,,,True,,,,,,,,,
,,,,,,,,,,,,,,,,,,,¿Cómo debo cuidarme si estoy embarazada y tengo diabetes?,,,,,,,,,,,,,,,,,,,,,,,,,,,Cursos para el cuidado de mi salud,,,,,,,,,Beginner,,,,,,,,,,,,,,es,,,,,,,,,,,,,,,,,,,USD,,,,https://aprende.org/cursos/view/100048,,,,,,,,,,,,https://fsvc.capacitateparaelempleo.org/CapacitateFS/coursesImages/3e1380dd-33da-4496-8ca4-ae8e63ded43a.png,,,0.0,,,,,,,,,,,,Aprende,,,,,,,,,,,,,True,,,,,,,,,
,,,,,,,,,,,,,,,,,,,Técnico auxiliar en lactancia materna,,,,,,,,,,,,,,,,,,,,,,,,,,,Cursos para el cuidado de mi salud,,,,,,,,,Beginner,,,,,,,,,,,,,,es,,,,,,,,,,,,,,,,,,,USD,,,,https://aprende.org/cursos/view/100055,,,,,,,,,,,,https://fsvc.capacitateparaelempleo.org/CapacitateFS/coursesImages/1d4a9e95-d526-46d0-b6e2-549c521a9d1a.png,,,0.0,,,,,,,,,,,,Aprende,,,,,,,,,,,,,True,,,,,,,,,
,,,,,,,,,,,,,,,,,,,Rehabilitación Post-COVID,,,,,,,,,,,,,,,,,,,,,,,,,,,Cursos para el cuidado de mi salud,,,,,,,,,Beginner,,,,,,,,,,,,,,es,,,,,,,,,,,,,,,,,,,USD,,,,https://aprende.org/cursos/view/100118,,,,,,,,,,,,https://fsvc.capacitateparaelempleo.org/CapacitateFS/coursesImages/ea347c90-a43e-4ced-b05b-2d8e367e66b6.png,,https://www.clikisalud.net/rehabilitacionpostcovid/,0.0,,,,,,,,,,,,Aprende,,,,,,,,,,,,,True,,,,,,,,,
,,,,,,,,,,,,,,,,,,,Gánale a la diabetes,,,,,,,,,,,,,,,,,,,,,,,,,,,Cursos para el cuidado de mi salud,,,,,,,,,Beginner,,,,,,,,,,,,,,es,,,,,,,,,,,,,,,,,,,USD,,,,https://aprende.org/cursos/view/100222,,,,,,,,,,,,https://fsvc.capacitateparaelempleo.org/CapacitateFS/coursesImages/2b73eb8d-11ee-4533-8744-da7037d15acf.png,,,0.0,,,,,,,,,,,,Aprende,,,,,,,,,,,,,True,,,,,,,,,
,,,,,,,,,,,,,,,,,,,Alimentación saludable (Edad adulta),,,,,,,,,,,,,,,,,,,,,,,,,,,Cursos para el cuidado de mi salud,,,,,,,,,Beginner,,,,,,,,,,,,,,es,,,,,,,,,,,,,,,,,,,USD,,,,https://aprende.org/cursos/view/100223,,,,,,,,,,,,https://fsvc.capacitateparaelempleo.org/CapacitateFS/coursesImages/59b6d2f8-09ec-42ad-84f2-aea7fdeba390.png,,,0.0,,,,,,,,,,,,Aprende,,,,,,,,,,,,,True,,,,,,,,,
,,,,,,,,,,,,,,,,,,,Promotor en activación física,,,,,,,,,,,,,,,,,,,,,,,,,,,Cursos para el cuidado de mi salud,,,,,,,,,Beginner,,,,,,,,,,,,,,es,,,,,,,,,,,,,,,,,,,USD,,,,https://aprende.org/cursos/view/100224,,,,,,,,,,,,https://fsvc.capacitateparaelempleo.org/CapacitateFS/coursesImages/6cb997fe-ee6f-4a3d-ba29-acd9c51c3c2b.png,,,0.0,,,,,,,,,,,,Aprende,,,,,,,,,,,,,True,,,,,,,,,
,,,,,,,,,,,,,,,,,,,¿Cómo debo cuidar mis pies si vivo con diabetes?,,,,,,,,,,,,,,,,,,,,,,,,,,,Cursos para el cuidado de mi salud,,,,,,,,,Beginner,,,,,,,,,,,,,,es,,,,,,,,,,,,,,,,,,,USD,,,,https://aprende.org/cursos/view/100226,,,,,,,,,,,,https://fsvc.capacitateparaelempleo.org/CapacitateFS/coursesImages/b7306115-71e3-40e4-b8ce-bd50c9dee23d.png,,,0.0,,,,,,,,,,,,Aprende,,,,,,,,,,,,,True,,,,,,,,,
,,,,,,,,,,,,,,,,,,,Promotor del desarrollo infantil,,,,,,,,,,,,,,,,,,,,,,,,,,,Cursos para el cuidado de mi salud,,,,,,,,,Beginner,,,,,,,,,,,,,,es,,,,,,,,,,,,,,,,,,,USD,,,,https://aprende.org/cursos/view/100227,,,,,,,,,,,,https://fsvc.capacitateparaelempleo.org/CapacitateFS/coursesImages/ea824c58-ee51-4bb1-aaf9-45958937460c.png,,,0.0,,,,,,,,,,,,Aprende,,,,,,,,,,,,,True,,,,,,,,,
,,,,,,,,,,,,,,,,,,,Mente analítica y salud digital,,,,,,,,,,,,,,,,,,,,,,,,,,,Cursos para el cuidado de mi salud,,,,,,,,,Intermediate,,,,,,,,,,,,,,es,,,,,,,,,,,,,,,,,,,USD,,,,https://aprende.org/cursos/view/100229,,,,,,,,,,,,https://fsvc.capacitateparaelempleo.org/CapacitateFS/coursesImages/4ab3e1c0-80d1-4af1-a01c-73bf35047b33.png,,,0.0,,,,,,,,,,,,Aprende,,,,,,,,,,,,,True,,,,,,,,,
,,,,,,,,,,,,,,,,,,,Cuidados paliativos (familiares y voluntarios),,,,,,,,,,,,,,,,,,,,,,,,,,,Cursos para el cuidado de mi salud,,,,,,,,,Beginner,,,,,,,,,,,,,,es,,,,,,,,,,,,,,,,,,,USD,,,,https://aprende.org/cursos/view/100829,,,,,,,,,,,,https://fsvc.capacitateparaelempleo.org/CapacitateFS/coursesImages/a1202d27-48b2-4970-9c04-7a6868b8adb4.png,,,0.0,,,,,,,,,,,,Aprende,,,,,,,,,,,,,True,,,,,,,,,
,,,,,,,,,,,,,,,,,,,Pausas activas,,,,,,,,,,,,,,,,,,,,,,,,,,,Cursos para el cuidado de mi salud,,,,,,,,,Intermediate,,,,,,,,,,,,,,es,,,,,,,,,,,,,,,,,,,USD,,,,https://aprende.org/cursos/view/100842,,,,,,,,,,,,https://fsvc.capacitateparaelempleo.org/CapacitateFS/coursesImages/5f8cf269-d356-4157-b81f-c01fa40495ae.png,,,0.0,,,,,,,,,,,,Aprende,,,,,,,,,,,,,True,,,,,,,,,
,,,,,,,,,,,,,,,,,,,Acondicionamiento físico general,,,,,,,,,,,,,,,,,,,,,,,,,,,Cursos para el cuidado de mi salud,,,,,,,,,Intermediate,,,,,,,,,,,,,,es,,,,,,,,,,,,,,,,,,,USD,,,,https://aprende.org/cursos/view/100843,,,,,,,,,,,,https://fsvc.capacitateparaelempleo.org/CapacitateFS/coursesImages/c6bf4617-503a-440c-8bac-d23c597969ce.png,,,0.0,,,,,,,,,,,,Aprende,,,,,,,,,,,,,True,,,,,,,,,
,,,,,,,,,,,,,,,,,,,Ejercicios de relajación corporal,,,,,,,,,,,,,,,,,,,,,,,,,,,Cursos para el cuidado de mi salud,,,,,,,,,Intermediate,,,,,,,,,,,,,,es,,,,,,,,,,,,,,,,,,,USD,,,,https://aprende.org/cursos/view/100844,,,,,,,,,,,,https://fsvc.capacitateparaelempleo.org/CapacitateFS/coursesImages/64338d58-7473-47f7-9ac9-68372e8f7cfc.png,,,0.0,,,,,,,,,,,,Aprende,,,,,,,,,,,,,True,,,,,,,,,
,,,,,,,,,,,,,,,,,,,Calentamiento antes del ejercicio,,,,,,,,,,,,,,,,,,,,,,,,,,,Cursos para el cuidado de mi salud,,,,,,,,,Intermediate,,,,,,,,,,,,,,es,,,,,,,,,,,,,,,,,,,USD,,,,https://aprende.org/cursos/view/100846,,,,,,,,,,,,https://fsvc.capacitateparaelempleo.org/CapacitateFS/coursesImages/89095184-7543-4ffe-a6f2-fb84a839fea8.png,,,0.0,,,,,,,,,,,,Aprende,,,,,,,,,,,,,True,,,,,,,,,
,,,,,,,,,,,,,,,,,,,Acondicionamiento físico general,,,,,,,,,,,,,,,,,,,,,,,,,,,Cursos para el cuidado de mi salud,,,,,,,,,Intermediate,,,,,,,,,,,,,,es,,,,,,,,,,,,,,,,,,,USD,,,,https://aprende.org/cursos/view/100847,,,,,,,,,,,,https://fsvc.capacitateparaelempleo.org/CapacitateFS/coursesImages/c6bf4617-503a-440c-8bac-d23c597969ce.png,,,0.0,,,,,,,,,,,,Aprende,,,,,,,,,,,,,True,,,,,,,,,
,,,,,,,,,,,,,,,,,,,Ejercicios de relajación corporal,,,,,,,,,,,,,,,,,,,,,,,,,,,Cursos para el cuidado de mi salud,,,,,,,,,Intermediate,,,,,,,,,,,,,,es,,,,,,,,,,,,,,,,,,,USD,,,,https://aprende.org/cursos/view/100848,,,,,,,,,,,,https://fsvc.capacitateparaelempleo.org/CapacitateFS/coursesImages/64338d58-7473-47f7-9ac9-68372e8f7cfc.png,,,0.0,,,,,,,,,,,,Aprende,,,,,,,,,,,,,True,,,,,,,,,
,,,,,,,,,,,,,,,,,,,Riesgo Cardiovascular,,,,,,,,,,,,,,,,,,,,,,,,,,,Calcula tu salud,,,,,,,,,Beginner,,,,,,,,,,,,,,es,,,,,,,,,,,,,,,,,,,USD,,,,https://aprende.org/cursos/view/584,,,,,,,,,,,,,,,0.0,,,,,,,,,,,,Aprende,,,,,,,,,,,,,True,,,,,,,,,
,,,,,,,,,,,,,,,,,,,Función renal,,,,,,,,,,,,,,,,,,,,,,,,,,,Calcula tu salud,,,,,,,,,Beginner,,,,,,,,,,,,,,es,,,,,,,,,,,,,,,,,,,USD,,,,https://aprende.org/cursos/view/585,,,,,,,,,,,,,,,0.0,,,,,,,,,,,,Aprende,,,,,,,,,,,,,True,,,,,,,,,
,,,,,,,,,,,,,,,,,,,Índice de masa corporal,,,,,,,,,,,,,,,,,,,,,,,,,,,Calcula tu salud,,,,,,,,,Beginner,,,,,,,,,,,,,,es,,,,,,,,,,,,,,,,,,,USD,,,,https://aprende.org/cursos/view/586,,,,,,,,,,,,,,,0.0,,,,,,,,,,,,Aprende,,,,,,,,,,,,,True,,,,,,,,,
,,,,,,,,,,,,,,,,,,,Vacunas en niños,,,,,,,,,,,,,,,,,,,,,,,,,,,Calcula tu salud,,,,,,,,,Beginner,,,,,,,,,,,,,,es,,,,,,,,,,,,,,,,,,,USD,,,,https://aprende.org/cursos/view/587,,,,,,,,,,,,,,,0.0,,,,,,,,,,,,Aprende,,,,,,,,,,,,,True,,,,,,,,,
,,,,,,,,,,,,,,,,,,,Donación y trasplante de órganos,,,,,,,,,,,,,,,,,,,,,,,,,,,Donación y trasplante de órganos,,,,,,,,,Beginner,,,,,,,,,,,,,,es,,,,,,,,,,,,,,,,,,,USD,,,,https://aprende.org/cursos/view/588,,,,,,,,,,,,,,,0.0,,,,,,,,,,,,Aprende,,,,,,,,,,,,,True,,,,,,,,,
,,,,,,,,,,,,,,,,,,,Proceso de donación y trasplante de órganos y tejidos,,,,,,,,,,,,,,,,,,,,,,,,,,,Donación y trasplante de órganos,,,,,,,,,Beginner,,,,,,,,,,,,,,es,,,,,,,,,,,,,,,,,,,USD,,,,https://aprende.org/cursos/view/100046,,,,,,,,,,,,https://fsvc.capacitateparaelempleo.org/CapacitateFS/coursesImages/75bf8e18-2917-4671-9aa2-09d477755f3f.png,,,0.0,,,,,,,,,,,,Aprende,,,,,,,,,,,,,True,,,,,,,,,
,,,,,,,,,,,,,,,,,,,Cuido mi salud después de un sismo,,,,,,,,,,,,,,,,,,,,,,,,,,,Cuídate después del sismo,,,,,,,,,Beginner,,,,,,,,,,,,,,es,,,,,,,,,,,,,,,,,,,USD,,,,https://aprende.org/cursos/view/589,,,,,,,,,,,,,,,0.0,,,,,,,,,,,,Aprende,,,,,,,,,,,,,True,,,,,,,,,
,,,,,,,,,,,,,,,,,,,Guatemala,,,,,,,,,,,,,,,,,,,,,,,,,,,Panel,,,,,,,,,Intermediate,,,,,,,,,,,,,,es,,,,,,,,,,,,,,,,,,,USD,,,,https://aprende.org/cursos/view/100120,,,,,,,,,,,,https://fsvc.capacitateparaelempleo.org/CapacitateFS/coursesImages/63576ae2-1698-423b-8f9e-e8f92e838fc4.png,,"Panel estadístico de Guatemala  
 Navega entre las pestañas del menú para conocer los datos demográficos generales, inscripciones, sectores y avance en los cursos por mes. 
 Puedes descargar los datos de cada sección en la parte infererior dando click en el botón: 
   
  *Los datos se actualizaran durante los primeros 10 días del mes",0.0,,,,,,,,,,,,Aprende,,,,,,,,,,,,,True,,,,,,,,,
,,,,,,,,,,,,,,,,,,,El Salvador,,,,,,,,,,,,,,,,,,,,,,,,,,,Panel,,,,,,,,,Intermediate,,,,,,,,,,,,,,es,,,,,,,,,,,,,,,,,,,USD,,,,https://aprende.org/cursos/view/100121,,,,,,,,,,,,https://fsvc.capacitateparaelempleo.org/CapacitateFS/coursesImages/1d143d73-9249-4660-af50-bd8b660d1df3.png,,"Panel estadístico de El Salvador  
 Navega entre las pestañas del menú para conocer los datos demográficos generales, inscripciones, sectores y avance en los cursos por mes. 
 Puedes descargar los datos de cada sección en la parte infererior dando click en el botón: 
   
  *Los datos se actualizaran durante los primeros 10 días del mes",0.0,,,,,,,,,,,,Aprende,,,,,,,,,,,,,True,,,,,,,,,
,,,,,,,,,,,,,,,,,,,República Dominicana,,,,,,,,,,,,,,,,,,,,,,,,,,,Panel,,,,,,,,,Intermediate,,,,,,,,,,,,,,es,,,,,,,,,,,,,,,,,,,USD,,,,https://aprende.org/cursos/view/100122,,,,,,,,,,,,https://fsvc.capacitateparaelempleo.org/CapacitateFS/coursesImages/925e5989-dba2-4d91-8327-7dac3a18272e.png,,"Panel estadístico de República Dominicana   
 Navega entre las pestañas del menú para conocer los datos demográficos generales, inscripciones, sectores y avance en los cursos por mes. 
 Puedes descargar los datos de cada sección en la parte infererior dando click en el botón: 
   
  *Los datos se actualizaran durante los primeros 10 días del mes",0.0,,,,,,,,,,,,Aprende,,,,,,,,,,,,,True,,,,,,,,,
,,,,,,,,,,,,,,,,,,,CENAM,,,,,,,,,,,,,,,,,,,,,,,,,,,Panel,,,,,,,,,Intermediate,,,,,,,,,,,,,,es,,,,,,,,,,,,,,,,,,,USD,,,,https://aprende.org/cursos/view/100123,,,,,,,,,,,,https://fsvc.capacitateparaelempleo.org/CapacitateFS/coursesImages/f7e33c8e-2869-4fd3-ac71-948fd786517f.png,,"Panel estadístico de CENAM ( Guatemala, El Salvador, Honduras, Nicaragua y Costa Rica )   
 Navega entre las pestañas del menú para conocer los datos demográficos generales, inscripciones, sectores y avance en los cursos por mes. 
 Puedes descargar los datos de cada sección en la parte infererior dando click en el botón: 
   
  *Los datos se actualizaran durante los primeros 10 días del mes",0.0,,,,,,,,,,,,Aprende,,,,,,,,,,,,,True,,,,,,,,,
,,,,,,,,,,,,,,,,,,,Prevención de las violencias,,,,,,,,,,,,,,,,,,,,,,,,,,,Panel,,,,,,,,,Intermediate,,,,,,,,,,,,,,es,,,,,,,,,,,,,,,,,,,USD,,,,https://aprende.org/cursos/view/100124,,,,,,,,,,,,https://fsvc.capacitateparaelempleo.org/CapacitateFS/coursesImages/b2de686e-33af-4c25-83e1-916bbc2e38f2.png,,"Panel estadístico de Prevención de las violencias   
 Navega entre las pestañas del menú para conocer los datos demográficos generales, inscripciones, sectores y avance en los cursos por mes. 
 Puedes descargar los datos de cada sección en la parte infererior dando click en el botón: 
   
  *Los datos se actualizaran durante los primeros 10 días del mes",0.0,,,,,,,,,,,,Aprende,,,,,,,,,,,,,True,,,,,,,,,
,,,,,,,,,,,,,,,,,,,Telcel,,,,,,,,,,,,,,,,,,,,,,,,,,,Panel,,,,,,,,,Intermediate,,,,,,,,,,,,,,es,,,,,,,,,,,,,,,,,,,USD,,,,https://aprende.org/cursos/view/100125,,,,,,,,,,,,https://fsvc.capacitateparaelempleo.org/CapacitateFS/coursesImages/ef1af49b-813c-42e2-a6b9-83958d07f9a9.png,,"Panel estadístico de Telcel   
 Navega entre las pestañas del menú para conocer los datos demográficos generales, inscripciones, sectores y avance en los cursos por mes. 
 Puedes descargar los datos de cada sección en la parte infererior dando click en el botón: 
   
  *Los datos se actualizaran durante los primeros 10 días del mes",0.0,,,,,,,,,,,,Aprende,,,,,,,,,,,,,True,,,,,,,,,
,,,,,,,,,,,,,,,,,,,Salud,,,,,,,,,,,,,,,,,,,,,,,,,,,Panel,,,,,,,,,Intermediate,,,,,,,,,,,,,,es,,,,,,,,,,,,,,,,,,,USD,,,,https://aprende.org/cursos/view/100126,,,,,,,,,,,,https://fsvc.capacitateparaelempleo.org/CapacitateFS/coursesImages/938b87c4-c45d-438f-b23d-fef64c40141a.png,,"Panel estadístico de Salud   
 Navega entre las pestañas del menú para conocer los datos demográficos generales, inscripciones, sectores y avance en los cursos por mes. 
  *Los datos se actualizaran durante los primeros 10 días del mes",0.0,,,,,,,,,,,,Aprende,,,,,,,,,,,,,True,,,,,,,,,
,,,,,,,,,,,,,,,,,,,CEFERESOS,,,,,,,,,,,,,,,,,,,,,,,,,,,Panel,,,,,,,,,Intermediate,,,,,,,,,,,,,,es,,,,,,,,,,,,,,,,,,,USD,,,,https://aprende.org/cursos/view/100127,,,,,,,,,,,,https://fsvc.capacitateparaelempleo.org/CapacitateFS/coursesImages/aeabf26b-23da-47b1-8126-db7d0735beb6.png,,"Panel estadístico de CEFERESOS   
 Navega entre las pestañas del menú para conocer los datos demográficos generales, inscripciones, sectores y avance en los cursos por mes. 
 Puedes descargar los datos de cada sección en la parte infererior dando click en el botón: 
   
  *Los datos se actualizaran durante los primeros 10 días del mes",0.0,,,,,,,,,,,,Aprende,,,,,,,,,,,,,True,,,,,,,,,
,,,,,,,,,,,,,,,,,,,Asume panel,,,,,,,,,,,,,,,,,,,,,,,,,,,Panel,,,,,,,,,Intermediate,,,,,,,,,,,,,,es,,,,,,,,,,,,,,,,,,,USD,,,,https://aprende.org/cursos/view/100134,,,,,,,,,,,,https://fsvc.capacitateparaelempleo.org/CapacitateFS/coursesImages/6a3acb0c-e636-4de2-902e-438ad036f5c2.png,,"Panel estadístico de ASUME  
 Navega entre las pestañas del menú para conocer los datos demográficos generales, inscripciones, sectores y avance en los cursos por mes. 
 Puedes descargar los datos de cada sección en la parte infererior dando click en el botón: 
   
  *Los datos se actualizaran durante los primeros 10 días del mes",0.0,,,,,,,,,,,,Aprende,,,,,,,,,,,,,True,,,,,,,,,
,,,,,,,,,,,,,,,,,,,Educación Inicial (panel),,,,,,,,,,,,,,,,,,,,,,,,,,,Panel,,,,,,,,,Intermediate,,,,,,,,,,,,,,es,,,,,,,,,,,,,,,,,,,USD,,,,https://aprende.org/cursos/view/100138,,,,,,,,,,,,https://fsvc.capacitateparaelempleo.org/CapacitateFS/coursesImages/8bcbab76-5cb1-4f40-8409-a2943e326f61.png,,"Panel estadístico de Salud   
 Navega entre las pestañas del menú para conocer los datos demográficos generales, inscripciones, sectores y avance en los cursos por mes. 
 *Los datos se actualizaran durante los primeros 10 días del mes",0.0,,,,,,,,,,,,Aprende,,,,,,,,,,,,,True,,,,,,,,,
,,,,,,,,,,,,,,,,,,,Chile,,,,,,,,,,,,,,,,,,,,,,,,,,,Panel,,,,,,,,,Beginner,,,,,,,,,,,,,,es,,,,,,,,,,,,,,,,,,,USD,,,,https://aprende.org/cursos/view/100152,,,,,,,,,,,,https://fsvc.capacitateparaelempleo.org/CapacitateFS/coursesImages/614839c3-9527-4c87-9a2a-f95f5e238085.png,,"Panel estadístico de Chile  
 Navega entre las pestañas del menú para conocer los datos demográficos generales, inscripciones, sectores y avance en los cursos por mes. 
 Puedes descargar los datos de cada sección en la parte infererior dando click en el botón: 
   
  *Los datos se actualizaran durante los primeros 10 días del mes",0.0,,,,,,,,,,,,Aprende,,,,,,,,,,,,,True,,,,,,,,,
,,,,,,,,,,,,,,,,,,,SNDIF,,,,,,,,,,,,,,,,,,,,,,,,,,,Panel,,,,,,,,,Intermediate,,,,,,,,,,,,,,es,,,,,,,,,,,,,,,,,,,USD,,,,https://aprende.org/cursos/view/100154,,,,,,,,,,,,https://fsvc.capacitateparaelempleo.org/CapacitateFS/coursesImages/477d80ca-3b57-414d-afb3-2cc165e5e400.png,,"Panel estadístico de SNDIF   
 Navega entre las pestañas del menú para conocer los datos demográficos generales, inscripciones, sectores y avance en los cursos por mes. 
 Puedes descargar los datos de cada sección en la parte infererior dando click en el botón: 
   
  *Los datos se actualizaran durante los primeros 10 días del mes",0.0,,,,,,,,,,,,Aprende,,,,,,,,,,,,,True,,,,,,,,,
,,,,,,,,,,,,,,,,,,,Libros (panel),,,,,,,,,,,,,,,,,,,,,,,,,,,Panel,,,,,,,,,Intermediate,,,,,,,,,,,,,,es,,,,,,,,,,,,,,,,,,,USD,,,,https://aprende.org/cursos/view/100159,,,,,,,,,,,,https://fsvc.capacitateparaelempleo.org/CapacitateFS/coursesImages/b6a85f8b-2584-45c8-9dc3-24199b99b1a6.png,,"Panel estadístico de Libros   
 Navega entre las pestañas del menú para conocer los datos demográficos generales, inscripciones, sectores y avance en los cursos por mes. 
 Puedes descargar los datos de cada sección en la parte infererior dando click en el botón: 
   
  *Los datos se actualizaran durante los primeros 10 días del mes",0.0,,,,,,,,,,,,Aprende,,,,,,,,,,,,,True,,,,,,,,,
,,,,,,,,,,,,,,,,,,,Honduras,,,,,,,,,,,,,,,,,,,,,,,,,,,Panel,,,,,,,,,Intermediate,,,,,,,,,,,,,,es,,,,,,,,,,,,,,,,,,,USD,,,,https://aprende.org/cursos/view/100161,,,,,,,,,,,,https://fsvc.capacitateparaelempleo.org/CapacitateFS/coursesImages/c5316942-5cca-4be3-9b50-8bd85601eb16.png,,,0.0,,,,,,,,,,,,Aprende,,,,,,,,,,,,,True,,,,,,,,,
,,,,,,,,,,,,,,,,,,,Escritura reflexiva (panel),,,,,,,,,,,,,,,,,,,,,,,,,,,Panel,,,,,,,,,Intermediate,,,,,,,,,,,,,,es,,,,,,,,,,,,,,,,,,,USD,,,,https://aprende.org/cursos/view/100217,,,,,,,,,,,,https://fsvc.capacitateparaelempleo.org/CapacitateFS/coursesImages/ee516f8a-805b-46f1-a3ff-e06afd69c19b.png,,,0.0,,,,,,,,,,,,Aprende,,,,,,,,,,,,,True,,,,,,,,,
,,,,,,,,,,,,,,,,,,,Capacítate para el empleo,,,,,,,,,,,,,,,,,,,,,,,,,,,Panel,,,,,,,,,Intermediate,,,,,,,,,,,,,,es,,,,,,,,,,,,,,,,,,,USD,,,,https://aprende.org/cursos/view/100328,,,,,,,,,,,,https://fsvc.capacitateparaelempleo.org/CapacitateFS/coursesImages/2f8f83c2-c576-4b15-aa76-ae14613095da.png,,,0.0,,,,,,,,,,,,Aprende,,,,,,,,,,,,,True,,,,,,,,,
,,,,,,,,,,,,,,,,,,,DummySS,,,,,,,,,,,,,,,,,,,,,,,,,,,Podcast,,,,,,,,,Beginner,,,,,,,,,,,,,,es,,,,,,,,,,,,,,,,,,,USD,,,,https://aprende.org/cursos/view/100057,,,,,,,,,,,,https://fsvc.capacitateparaelempleo.org/CapacitateFS/coursesImages/9651ea6d-7ce9-4cac-8de4-8e7e299dc389.png,,,0.0,,,,,,,,,,,,Aprende,,,,,,,,,,,,,True,,,,,,,,,
,,,,,,,,,,,,,,,,,,,Podcast ASUME,,,,,,,,,,,,,,,,,,,,,,,,,,,Podcast,,,,,,,,,Beginner,,,,,,,,,,,,,,es,,,,,,,,,,,,,,,,,,,USD,,,,https://aprende.org/cursos/view/100131,,,,,,,,,,,,https://fsvc.capacitateparaelempleo.org/CapacitateFS/coursesImages/2467b7ee-b57c-4e20-83c6-bef2582e8914.jpeg,,,0.0,,,,,,,,,,,,Aprende,,,,,,,,,,,,,True,,,,,,,,,
,,,,,,,,,,,,,,,,,,,Podcast Atrévete a saber,,,,,,,,,,,,,,,,,,,,,,,,,,,Podcast,,,,,,,,,Beginner,,,,,,,,,,,,,,es,,,,,,,,,,,,,,,,,,,USD,,,,https://aprende.org/cursos/view/100132,,,,,,,,,,,,https://fsvc.capacitateparaelempleo.org/CapacitateFS/coursesImages/79133894-6a53-44ad-a03f-7bf62db56c5c.png,,,0.0,,,,,,,,,,,,Aprende,,,,,,,,,,,,,True,,,,,,,,,
,,,,,,,,,,,,,,,,,,,Podcast Ecos de la naturaleza,,,,,,,,,,,,,,,,,,,,,,,,,,,Podcast,,,,,,,,,Beginner,,,,,,,,,,,,,,es,,,,,,,,,,,,,,,,,,,USD,,,,https://aprende.org/cursos/view/100133,,,,,,,,,,,,https://fsvc.capacitateparaelempleo.org/CapacitateFS/coursesImages/14a4ce84-07c5-446a-a868-39cf694231ca.png,,,0.0,,,,,,,,,,,,Aprende,,,,,,,,,,,,,True,,,,,,,,,
,,,,,,,,,,,,,,,,,,,Semestre 1,,,,,,,,,,,,,,,,,,,,,,,,,,,Facultad de Derecho UNAM,,,,,,,,,Intermediate,,,,,,,,,,,,,,es,,,,,,,,,,,,,,,,,,,USD,,,,https://aprende.org/cursos/view/100162,,,,,,,,,,,,,,,0.0,,,,,,,,,,,,Aprende,,,,,,,,,,,,,True,,,,,,,,,
,,,,,,,,,,,,,,,,,,,Semestre 2,,,,,,,,,,,,,,,,,,,,,,,,,,,Facultad de Derecho UNAM,,,,,,,,,Intermediate,,,,,,,,,,,,,,es,,,,,,,,,,,,,,,,,,,USD,,,,https://aprende.org/cursos/view/100163,,,,,,,,,,,,,,,0.0,,,,,,,,,,,,Aprende,,,,,,,,,,,,,True,,,,,,,,,
,,,,,,,,,,,,,,,,,,,Semestre 3,,,,,,,,,,,,,,,,,,,,,,,,,,,Facultad de Derecho UNAM,,,,,,,,,Intermediate,,,,,,,,,,,,,,es,,,,,,,,,,,,,,,,,,,USD,,,,https://aprende.org/cursos/view/100164,,,,,,,,,,,,,,,0.0,,,,,,,,,,,,Aprende,,,,,,,,,,,,,True,,,,,,,,,
,,,,,,,,,,,,,,,,,,,Semestre 4,,,,,,,,,,,,,,,,,,,,,,,,,,,Facultad de Derecho UNAM,,,,,,,,,Intermediate,,,,,,,,,,,,,,es,,,,,,,,,,,,,,,,,,,USD,,,,https://aprende.org/cursos/view/100165,,,,,,,,,,,,,,,0.0,,,,,,,,,,,,Aprende,,,,,,,,,,,,,True,,,,,,,,,
,,,,,,,,,,,,,,,,,,,Semestre 5,,,,,,,,,,,,,,,,,,,,,,,,,,,Facultad de Derecho UNAM,,,,,,,,,Intermediate,,,,,,,,,,,,,,es,,,,,,,,,,,,,,,,,,,USD,,,,https://aprende.org/cursos/view/100166,,,,,,,,,,,,,,,0.0,,,,,,,,,,,,Aprende,,,,,,,,,,,,,True,,,,,,,,,
,,,,,,,,,,,,,,,,,,,Semestre 6,,,,,,,,,,,,,,,,,,,,,,,,,,,Facultad de Derecho UNAM,,,,,,,,,Intermediate,,,,,,,,,,,,,,es,,,,,,,,,,,,,,,,,,,USD,,,,https://aprende.org/cursos/view/100167,,,,,,,,,,,,,,,0.0,,,,,,,,,,,,Aprende,,,,,,,,,,,,,True,,,,,,,,,
,,,,,,,,,,,,,,,,,,,Semestre 7,,,,,,,,,,,,,,,,,,,,,,,,,,,Facultad de Derecho UNAM,,,,,,,,,Intermediate,,,,,,,,,,,,,,es,,,,,,,,,,,,,,,,,,,USD,,,,https://aprende.org/cursos/view/100168,,,,,,,,,,,,,,,0.0,,,,,,,,,,,,Aprende,,,,,,,,,,,,,True,,,,,,,,,
,,,,,,,,,,,,,,,,,,,Semestre 8,,,,,,,,,,,,,,,,,,,,,,,,,,,Facultad de Derecho UNAM,,,,,,,,,Intermediate,,,,,,,,,,,,,,es,,,,,,,,,,,,,,,,,,,USD,,,,https://aprende.org/cursos/view/100169,,,,,,,,,,,,,,,0.0,,,,,,,,,,,,Aprende,,,,,,,,,,,,,True,,,,,,,,,
,,,,,,,,,,,,,,,,,,,Semestre 9 Optativa 1,,,,,,,,,,,,,,,,,,,,,,,,,,,Facultad de Derecho UNAM,,,,,,,,,Intermediate,,,,,,,,,,,,,,es,,,,,,,,,,,,,,,,,,,USD,,,,https://aprende.org/cursos/view/100170,,,,,,,,,,,,,,,0.0,,,,,,,,,,,,Aprende,,,,,,,,,,,,,True,,,,,,,,,
,,,,,,,,,,,,,,,,,,,Administración pública,,,,,,,,,,,,,,,,,,,,,,,,,,,Claro El Salvador,,,,,,,,,Intermediate,,,,,,,,,,,,,,es,,,,,,,,,,,,,,,,,,,USD,,,,https://aprende.org/cursos/view/100218,,,,,,,,,,,,https://fsvc.capacitateparaelempleo.org/CapacitateFS/coursesImages/e28c59c1-d6d7-4969-bb81-913f0e7ec22c.png,,,0.0,,,,,,,,,,,,Aprende,,,,,,,,,,,,,True,,,,,,,,,
,,,,,,,,,,,,,,,,,,,La música y las emociones,,,,,,,,,,,,,,,,,,,,,,,,,,,Arte,,,,,,,,,Intermediate,,,,,,,,,,,,,,es,,,,,,,,,,,,,,,,,,,USD,,,,https://aprende.org/cursos/view/100220,,,,,,,,,,,,https://fsvc.capacitateparaelempleo.org/CapacitateFS/coursesImages/a8a91bb8-a555-4d07-945c-ed259ce5c629.png,,"La música tiene la capacidad de conectarte con tus experiencias y emociones, incluso aquellas de las que no eras consciente antes de escucharla, y no sólo eso; además puede unir a las personas a través de emociones compartidas, creando una sensación de comunidad y conexión humana.  
 Adéntrate en esta capacitación y descubre más acerca de la música, desde su cualidad para conectar con lo más profundo hasta poder compartir esa experiencia con los demás a través de su lenguaje universal.",0.0,,,,,,,,,,,,Aprende,,,,,,,,,,,,,True,,,,,,,,,
,,,,,,,,,,,,,,,,,,,La música y el  cerebro,,,,,,,,,,,,,,,,,,,,,,,,,,,Arte,,,,,,,,,Intermediate,,,,,,,,,,,,,,es,,,,,,,,,,,,,,,,,,,USD,,,,https://aprende.org/cursos/view/100312,,,,,,,,,,,,https://fsvc.capacitateparaelempleo.org/CapacitateFS/coursesImages/39ac10ef-f894-4817-b285-da0f990afcf9.png,,"La música tiene una gran importancia para las personas porque es un elemento que está presente en todas las etapas de la vida. Uno de los temas más apasionantes se relaciona con los procesos cerebrales que se originan al escuchar música, por ejemplo, su impacto en las emociones y los beneficios que aporta al bienestar y la salud. Si eres un amante de la música o te interesa la ciencia del cerebro, ¡haz clic en esta capacitación y adéntrate en el fascinante viaje que une a la música y el cerebro!",0.0,,,,,,,,,,,,Aprende,,,,,,,,,,,,,True,,,,,,,,,
,,,,,,,,,,,,,,,,,,,Introducción a la Musicoterapia,,,,,,,,,,,,,,,,,,,,,,,,,,,Arte,,,,,,,,,Intermediate,,,,,,,,,,,,,,es,,,,,,,,,,,,,,,,,,,USD,,,,https://aprende.org/cursos/view/100321,,,,,,,,,,,,https://fsvc.capacitateparaelempleo.org/CapacitateFS/coursesImages/2862ed47-c0a3-48ba-b46e-7765efea68e9.png,,"La música tiene el poder de relajarnos, percibir, sentir, hacernos experimentar emociones, recuerdos y conectar con otras personas. En este curso se explica cómo estas cualidades se utilizan en la Musicoterapia para generar efectos positivos y contribuir a la mejora de la salud. 
 Aquí encontrarás técnicas que podrás aplicar en tu vida diaria para relajarte, conectar con tus emociones y, en caso de interés, para que puedas acercarte a un profesional y explorar esta terapia de manera metódica obteniendo mayores y mejores beneficios.",0.0,,,,,,,,,,,,Aprende,,,,,,,,,,,,,True,,,,,,,,,
,,,,,,,,,,,,,,,,,,,Prueba Monitoreo,,,,,,,,,,,,,,,,,,,,,,,,,,,Arte,,,,,,,,,Intermediate,,,,,,,,,,,,,,es,,,,,,,,,,,,,,,,,,,USD,,,,https://aprende.org/cursos/view/100661,,,,,,,,,,,,,,,0.0,,,,,,,,,,,,Aprende,,,,,,,,,,,,,True,,,,,,,,,
,,,,,,,,,,,,,,,,,,,Asesor de lactancia materna,,,,,,,,,,,,,,,,,,,,,,,,,,,Cursos para profesionales de la salud,,,,,,,,,Beginner,,,,,,,,,,,,,,es,,,,,,,,,,,,,,,,,,,USD,,,,https://aprende.org/cursos/view/100047,,,,,,,,,,,,https://fsvc.capacitateparaelempleo.org/CapacitateFS/coursesImages/81fca4f7-0cb6-4282-96b4-5ef195746466.png,,,0.0,,,,,,,,,,,,Aprende,,,,,,,,,,,,,True,,,,,,,,,
,,,,,,,,,,,,,,,,,,,Introducción a Primer Respondiente,,,,,,,,,,,,,,,,,,,,,,,,,,,Cursos para profesionales de la salud,,,,,,,,,Beginner,,,,,,,,,,,,,,es,,,,,,,,,,,,,,,,,,,USD,,,,https://aprende.org/cursos/view/100052,,,,,,,,,,,,https://fsvc.capacitateparaelempleo.org/CapacitateFS/coursesImages/b79a6f51-e19e-4bdd-9518-c45dd0737c5b.png,,,0.0,,,,,,,,,,,,Aprende,,,,,,,,,,,,,True,,,,,,,,,
,,,,,,,,,,,,,,,,,,,Prevención y Atención de la Hipertensión Arterial,,,,,,,,,,,,,,,,,,,,,,,,,,,Cursos para profesionales de la salud,,,,,,,,,Beginner,,,,,,,,,,,,,,es,,,,,,,,,,,,,,,,,,,USD,,,,https://aprende.org/cursos/view/100053,,,,,,,,,,,,https://fsvc.capacitateparaelempleo.org/CapacitateFS/coursesImages/ec5f5762-d3e2-4b61-9efa-27813aac9345.png,,,0.0,,,,,,,,,,,,Aprende,,,,,,,,,,,,,True,,,,,,,,,
,,,,,,,,,,,,,,,,,,,Prevención y Atención de la Diabetes Mellitus tipo 2,,,,,,,,,,,,,,,,,,,,,,,,,,,Cursos para profesionales de la salud,,,,,,,,,Beginner,,,,,,,,,,,,,,es,,,,,,,,,,,,,,,,,,,USD,,,,https://aprende.org/cursos/view/100054,,,,,,,,,,,,https://fsvc.capacitateparaelempleo.org/CapacitateFS/coursesImages/889d17cb-3c4e-4e8d-ba62-957ee885dd62.png,,,0.0,,,,,,,,,,,,Aprende,,,,,,,,,,,,,True,,,,,,,,,
,,,,,,,,,,,,,,,,,,,Experto MIDO Adultos y Embarazo,,,,,,,,,,,,,,,,,,,,,,,,,,,Cursos para profesionales de la salud,,,,,,,,,Beginner,,,,,,,,,,,,,,es,,,,,,,,,,,,,,,,,,,USD,,,,https://aprende.org/cursos/view/100056,,,,,,,,,,,,https://fsvc.capacitateparaelempleo.org/CapacitateFS/coursesImages/b67c9f29-49c8-4fe9-a6cf-b5e0ea05c3de.png,,,0.0,,,,,,,,,,,,Aprende,,,,,,,,,,,,,True,,,,,,,,,
,,,,,,,,,,,,,,,,,,,"Experto MIDO niñas, niños y adolescentes",,,,,,,,,,,,,,,,,,,,,,,,,,,Cursos para profesionales de la salud,,,,,,,,,Beginner,,,,,,,,,,,,,,es,,,,,,,,,,,,,,,,,,,USD,,,,https://aprende.org/cursos/view/100069,,,,,,,,,,,,https://fsvc.capacitateparaelempleo.org/CapacitateFS/coursesImages/e3fb913c-2010-4e31-8b32-d3fcf24467b8.png,,,0.0,,,,,,,,,,,,Aprende,,,,,,,,,,,,,True,,,,,,,,,
,,,,,,,,,,,,,,,,,,,Prevención y Atención de la Obesidad,,,,,,,,,,,,,,,,,,,,,,,,,,,Cursos para profesionales de la salud,,,,,,,,,Beginner,,,,,,,,,,,,,,es,,,,,,,,,,,,,,,,,,,USD,,,,https://aprende.org/cursos/view/100225,,,,,,,,,,,,https://fsvc.capacitateparaelempleo.org/CapacitateFS/coursesImages/0bf06797-7824-438b-b7c8-fb6edba97e3a.png,,,0.0,,,,,,,,,,,,Aprende,,,,,,,,,,,,,True,,,,,,,,,
,,,,,,,,,,,,,,,,,,,La trascendencia del educador durante la primera infancia,,,,,,,,,,,,,,,,,,,,,,,,,,,Cursos para profesionales de la salud,,,,,,,,,Beginner,,,,,,,,,,,,,,es,,,,,,,,,,,,,,,,,,,USD,,,,https://aprende.org/cursos/view/100228,,,,,,,,,,,,https://fsvc.capacitateparaelempleo.org/CapacitateFS/coursesImages/029834a3-7420-4b52-a492-ab1d62b160f9.png,,,0.0,,,,,,,,,,,,Aprende,,,,,,,,,,,,,True,,,,,,,,,
,,,,,,,,,,,,,,,,,,,Abordaje no farmacológico de las enfermedades crónicas,,,,,,,,,,,,,,,,,,,,,,,,,,,Cursos para profesionales de la salud,,,,,,,,,Beginner,,,,,,,,,,,,,,es,,,,,,,,,,,,,,,,,,,USD,,,,https://aprende.org/cursos/view/100230,,,,,,,,,,,,https://fsvc.capacitateparaelempleo.org/CapacitateFS/coursesImages/23c41443-8e4a-4fe1-8f50-d11cec66ba56.png,,,0.0,,,,,,,,,,,,Aprende,,,,,,,,,,,,,True,,,,,,,,,
,,,,,,,,,,,,,,,,,,,Prevención y Atención del Pie Diabético,,,,,,,,,,,,,,,,,,,,,,,,,,,Cursos para profesionales de la salud,,,,,,,,,Beginner,,,,,,,,,,,,,,es,,,,,,,,,,,,,,,,,,,USD,,,,https://aprende.org/cursos/view/100231,,,,,,,,,,,,https://fsvc.capacitateparaelempleo.org/CapacitateFS/coursesImages/2f9b7205-85df-43c7-8a93-b9c2ec3abc8f.png,,,0.0,,,,,,,,,,,,Aprende,,,,,,,,,,,,,True,,,,,,,,,
,,,,,,,,,,,,,,,,,,,Prevención y Atención de la Diabetes y el Embarazo,,,,,,,,,,,,,,,,,,,,,,,,,,,Cursos para profesionales de la salud,,,,,,,,,Beginner,,,,,,,,,,,,,,es,,,,,,,,,,,,,,,,,,,USD,,,,https://aprende.org/cursos/view/100232,,,,,,,,,,,,https://fsvc.capacitateparaelempleo.org/CapacitateFS/coursesImages/470f637b-0f5a-4f01-ad3f-748f85f948be.png,,,0.0,,,,,,,,,,,,Aprende,,,,,,,,,,,,,True,,,,,,,,,
,,,,,,,,,,,,,,,,,,,Prevención y Atención de Enfermedades Obstétricas - Prenatal,,,,,,,,,,,,,,,,,,,,,,,,,,,Cursos para profesionales de la salud,,,,,,,,,Beginner,,,,,,,,,,,,,,es,,,,,,,,,,,,,,,,,,,USD,,,,https://aprende.org/cursos/view/100233,,,,,,,,,,,,https://fsvc.capacitateparaelempleo.org/CapacitateFS/coursesImages/fc5e5cf2-34a9-4ef6-b54d-df19f0c5ee9e.png,,,0.0,,,,,,,,,,,,Aprende,,,,,,,,,,,,,True,,,,,,,,,
,,,,,,,,,,,,,,,,,,,Prevención y Atención de Enfermedades Obstétricas - Primer trimestre,,,,,,,,,,,,,,,,,,,,,,,,,,,Cursos para profesionales de la salud,,,,,,,,,Beginner,,,,,,,,,,,,,,es,,,,,,,,,,,,,,,,,,,USD,,,,https://aprende.org/cursos/view/100234,,,,,,,,,,,,https://fsvc.capacitateparaelempleo.org/CapacitateFS/coursesImages/6305937a-b4ac-4da8-845a-544a1a97d1cc.png,,,0.0,,,,,,,,,,,,Aprende,,,,,,,,,,,,,True,,,,,,,,,
,,,,,,,,,,,,,,,,,,,Prevención y Atención de Enfermedades Obstétricas - Segundo trimestre,,,,,,,,,,,,,,,,,,,,,,,,,,,Cursos para profesionales de la salud,,,,,,,,,Beginner,,,,,,,,,,,,,,es,,,,,,,,,,,,,,,,,,,USD,,,,https://aprende.org/cursos/view/100235,,,,,,,,,,,,https://fsvc.capacitateparaelempleo.org/CapacitateFS/coursesImages/b3ddb015-bf92-4e72-a599-e5011a857011.png,,,0.0,,,,,,,,,,,,Aprende,,,,,,,,,,,,,True,,,,,,,,,
,,,,,,,,,,,,,,,,,,,Prevención y Atención de Enfermedades Obstétricas - Tercer trimestre,,,,,,,,,,,,,,,,,,,,,,,,,,,Cursos para profesionales de la salud,,,,,,,,,Beginner,,,,,,,,,,,,,,es,,,,,,,,,,,,,,,,,,,USD,,,,https://aprende.org/cursos/view/100236,,,,,,,,,,,,https://fsvc.capacitateparaelempleo.org/CapacitateFS/coursesImages/f40be5e0-a6ee-40a8-950d-d600f0852af8.png,,,0.0,,,,,,,,,,,,Aprende,,,,,,,,,,,,,True,,,,,,,,,
,,,,,,,,,,,,,,,,,,,Prevención y Atención de Enfermedades Obstétricas - Puerperio,,,,,,,,,,,,,,,,,,,,,,,,,,,Cursos para profesionales de la salud,,,,,,,,,Beginner,,,,,,,,,,,,,,es,,,,,,,,,,,,,,,,,,,USD,,,,https://aprende.org/cursos/view/100237,,,,,,,,,,,,https://fsvc.capacitateparaelempleo.org/CapacitateFS/coursesImages/af989eca-aa36-47dd-9f1b-073d6f7603f0.png,,,0.0,,,,,,,,,,,,Aprende,,,,,,,,,,,,,True,,,,,,,,,
,,,,,,,,,,,,,,,,,,,"Experto MIDO niñas, niños y adolescentes",,,,,,,,,,,,,,,,,,,,,,,,,,,Cursos para profesionales de la salud,,,,,,,,,Beginner,,,,,,,,,,,,,,es,,,,,,,,,,,,,,,,,,,USD,,,,https://aprende.org/cursos/view/100308,,,,,,,,,,,,https://fsvc.capacitateparaelempleo.org/CapacitateFS/coursesImages/e3fb913c-2010-4e31-8b32-d3fcf24467b8.png,,,0.0,,,,,,,,,,,,Aprende,,,,,,,,,,,,,True,,,,,,,,,
,,,,,,,,,,,,,,,,,,,Promotor del desarrollo infantil,,,,,,,,,,,,,,,,,,,,,,,,,,,Cursos para profesionales de la salud,,,,,,,,,Beginner,,,,,,,,,,,,,,es,,,,,,,,,,,,,,,,,,,USD,,,,https://aprende.org/cursos/view/100838,,,,,,,,,,,,https://fsvc.capacitateparaelempleo.org/CapacitateFS/coursesImages/ea824c58-ee51-4bb1-aaf9-45958937460c.png,,,0.0,,,,,,,,,,,,Aprende,,,,,,,,,,,,,True,,,,,,,,,
,,,,,,,,,,,,,,,,,,,Cuidados paliativos (familiares y voluntarios),,,,,,,,,,,,,,,,,,,,,,,,,,,Cuidados paliativos,,,,,,,,,Beginner,,,,,,,,,,,,,,es,,,,,,,,,,,,,,,,,,,USD,,,,https://aprende.org/cursos/view/100238,,,,,,,,,,,,https://fsvc.capacitateparaelempleo.org/CapacitateFS/coursesImages/a1202d27-48b2-4970-9c04-7a6868b8adb4.png,,,0.0,,,,,,,,,,,,Aprende,,,,,,,,,,,,,True,,,,,,,,,
,,,,,,,,,,,,,,,,,,,Compras y pagos seguros por internet,,,,,,,,,,,,,,,,,,,,,,,,,,,Ser digital,,,,,,,,,Beginner,,,,,,,,,,,,,,es,,,,,,,,,,,,,,,,,,,USD,,,,https://aprende.org/cursos/view/100239,,,,,,,,,,,,https://fsvc.capacitateparaelempleo.org/CapacitateFS/coursesImages/bd50f071-c1fc-4078-a349-a254337a8b03.png,,,0.0,,,,,,,,,,,,Aprende,,,,,,,,,,,,,True,,,,,,,,,
,,,,,,,,,,,,,,,,,,,Cómputo básico,,,,,,,,,,,,,,,,,,,,,,,,,,,Ser digital,,,,,,,,,Beginner,,,,,,,,,,,,,,es,,,,,,,,,,,,,,,,,,,USD,,,,https://aprende.org/cursos/view/100240,,,,,,,,,,,,https://fsvc.capacitateparaelempleo.org/CapacitateFS/coursesImages/15f21d33-49b1-4a91-a506-29c438d5f3c5.png,,,0.0,,,,,,,,,,,,Aprende,,,,,,,,,,,,,True,,,,,,,,,
,,,,,,,,,,,,,,,,,,,Comunicación por videollamadas,,,,,,,,,,,,,,,,,,,,,,,,,,,Ser digital,,,,,,,,,Beginner,,,,,,,,,,,,,,es,,,,,,,,,,,,,,,,,,,USD,,,,https://aprende.org/cursos/view/100241,,,,,,,,,,,,https://fsvc.capacitateparaelempleo.org/CapacitateFS/coursesImages/1179d1ec-3d48-4b56-b3cf-5b87ce0e7c8d.png,,,0.0,,,,,,,,,,,,Aprende,,,,,,,,,,,,,True,,,,,,,,,
,,,,,,,,,,,,,,,,,,,Comunicar y presentar datos,,,,,,,,,,,,,,,,,,,,,,,,,,,Ser digital,,,,,,,,,Beginner,,,,,,,,,,,,,,es,,,,,,,,,,,,,,,,,,,USD,,,,https://aprende.org/cursos/view/100242,,,,,,,,,,,,https://fsvc.capacitateparaelempleo.org/CapacitateFS/coursesImages/ceddf5b1-3ddb-4025-8220-b3a80ebfa46b.png,,,0.0,,,,,,,,,,,,Aprende,,,,,,,,,,,,,True,,,,,,,,,
,,,,,,,,,,,,,,,,,,,Conexión a internet en el hogar,,,,,,,,,,,,,,,,,,,,,,,,,,,Ser digital,,,,,,,,,Beginner,,,,,,,,,,,,,,es,,,,,,,,,,,,,,,,,,,USD,,,,https://aprende.org/cursos/view/100243,,,,,,,,,,,,https://fsvc.capacitateparaelempleo.org/CapacitateFS/coursesImages/527d92ba-a131-4045-8296-d046c6f5b766.png,,,0.0,,,,,,,,,,,,Aprende,,,,,,,,,,,,,True,,,,,,,,,
,,,,,,,,,,,,,,,,,,,Finder,,,,,,,,,,,,,,,,,,,,,,,,,,,Ser digital,,,,,,,,,Beginner,,,,,,,,,,,,,,es,,,,,,,,,,,,,,,,,,,USD,,,,https://aprende.org/cursos/view/100244,,,,,,,,,,,,https://fsvc.capacitateparaelempleo.org/CapacitateFS/coursesImages/bdd3d668-261e-409a-8cb5-db27d47166f7.png,,,0.0,,,,,,,,,,,,Aprende,,,,,,,,,,,,,True,,,,,,,,,
,,,,,,,,,,,,,,,,,,,Fundamentos de seguridad informática,,,,,,,,,,,,,,,,,,,,,,,,,,,Ser digital,,,,,,,,,Beginner,,,,,,,,,,,,,,es,,,,,,,,,,,,,,,,,,,USD,,,,https://aprende.org/cursos/view/100245,,,,,,,,,,,,https://fsvc.capacitateparaelempleo.org/CapacitateFS/coursesImages/e6179a35-66fd-4ef4-a27a-a8a373fdc089.png,,,0.0,,,,,,,,,,,,Aprende,,,,,,,,,,,,,True,,,,,,,,,
,,,,,,,,,,,,,,,,,,,Gestión del ecosistema digital,,,,,,,,,,,,,,,,,,,,,,,,,,,Ser digital,,,,,,,,,Beginner,,,,,,,,,,,,,,es,,,,,,,,,,,,,,,,,,,USD,,,,https://aprende.org/cursos/view/100246,,,,,,,,,,,,https://fsvc.capacitateparaelempleo.org/CapacitateFS/coursesImages/7a8a63b3-aa95-4ef7-b825-ce36e8bf7842.png,,,0.0,,,,,,,,,,,,Aprende,,,,,,,,,,,,,True,,,,,,,,,
,,,,,,,,,,,,,,,,,,,Huella digital,,,,,,,,,,,,,,,,,,,,,,,,,,,Ser digital,,,,,,,,,Beginner,,,,,,,,,,,,,,es,,,,,,,,,,,,,,,,,,,USD,,,,https://aprende.org/cursos/view/100247,,,,,,,,,,,,https://fsvc.capacitateparaelempleo.org/CapacitateFS/coursesImages/3d276de5-7a31-4073-8ece-d266fb79dea6.png,,,0.0,,,,,,,,,,,,Aprende,,,,,,,,,,,,,True,,,,,,,,,
,,,,,,,,,,,,,,,,,,,Manejo ético de la información y datos,,,,,,,,,,,,,,,,,,,,,,,,,,,Ser digital,,,,,,,,,Beginner,,,,,,,,,,,,,,es,,,,,,,,,,,,,,,,,,,USD,,,,https://aprende.org/cursos/view/100248,,,,,,,,,,,,https://fsvc.capacitateparaelempleo.org/CapacitateFS/coursesImages/83f7f2e6-8b26-4557-bcdf-1bc41ac4d2d6.png,,,0.0,,,,,,,,,,,,Aprende,,,,,,,,,,,,,True,,,,,,,,,
,,,,,,,,,,,,,,,,,,,Netiqueta,,,,,,,,,,,,,,,,,,,,,,,,,,,Ser digital,,,,,,,,,Beginner,,,,,,,,,,,,,,es,,,,,,,,,,,,,,,,,,,USD,,,,https://aprende.org/cursos/view/100249,,,,,,,,,,,,https://fsvc.capacitateparaelempleo.org/CapacitateFS/coursesImages/0bd4499b-17cf-4980-8fa0-4a0de442ef33.png,,,0.0,,,,,,,,,,,,Aprende,,,,,,,,,,,,,True,,,,,,,,,
,,,,,,,,,,,,,,,,,,,Networking digital,,,,,,,,,,,,,,,,,,,,,,,,,,,Ser digital,,,,,,,,,Beginner,,,,,,,,,,,,,,es,,,,,,,,,,,,,,,,,,,USD,,,,https://aprende.org/cursos/view/100250,,,,,,,,,,,,https://fsvc.capacitateparaelempleo.org/CapacitateFS/coursesImages/652fa0ed-b8d9-49f0-9ccf-8cdaaec96707.png,,,0.0,,,,,,,,,,,,Aprende,,,,,,,,,,,,,True,,,,,,,,,
,,,,,,,,,,,,,,,,,,,Operación de banca en línea,,,,,,,,,,,,,,,,,,,,,,,,,,,Ser digital,,,,,,,,,Beginner,,,,,,,,,,,,,,es,,,,,,,,,,,,,,,,,,,USD,,,,https://aprende.org/cursos/view/100251,,,,,,,,,,,,https://fsvc.capacitateparaelempleo.org/CapacitateFS/coursesImages/c7f0801d-40ae-414b-9150-78efcefc4f64.png,,,0.0,,,,,,,,,,,,Aprende,,,,,,,,,,,,,True,,,,,,,,,
,,,,,,,,,,,,,,,,,,,Organización y almacenamiento digital de información y datos,,,,,,,,,,,,,,,,,,,,,,,,,,,Ser digital,,,,,,,,,Beginner,,,,,,,,,,,,,,es,,,,,,,,,,,,,,,,,,,USD,,,,https://aprende.org/cursos/view/100252,,,,,,,,,,,,https://fsvc.capacitateparaelempleo.org/CapacitateFS/coursesImages/355b1ece-5ec1-4e89-accc-944d4bf5f9b0.png,,,0.0,,,,,,,,,,,,Aprende,,,,,,,,,,,,,True,,,,,,,,,
,,,,,,,,,,,,,,,,,,,Planea la búsqueda de información,,,,,,,,,,,,,,,,,,,,,,,,,,,Ser digital,,,,,,,,,Beginner,,,,,,,,,,,,,,es,,,,,,,,,,,,,,,,,,,USD,,,,https://aprende.org/cursos/view/100253,,,,,,,,,,,,https://fsvc.capacitateparaelempleo.org/CapacitateFS/coursesImages/ba8fdb6a-7124-426c-aaf8-47b74babc9e8.png,,,0.0,,,,,,,,,,,,Aprende,,,,,,,,,,,,,True,,,,,,,,,
,,,,,,,,,,,,,,,,,,,Prácticas de ofimática,,,,,,,,,,,,,,,,,,,,,,,,,,,Ser digital,,,,,,,,,Beginner,,,,,,,,,,,,,,es,,,,,,,,,,,,,,,,,,,USD,,,,https://aprende.org/cursos/view/100254,,,,,,,,,,,,https://fsvc.capacitateparaelempleo.org/CapacitateFS/coursesImages/166d8dc4-2aef-480e-b409-622a9e1efb82.png,,,0.0,,,,,,,,,,,,Aprende,,,,,,,,,,,,,True,,,,,,,,,
,,,,,,,,,,,,,,,,,,,Prevención de delitos cibernéticos,,,,,,,,,,,,,,,,,,,,,,,,,,,Ser digital,,,,,,,,,Beginner,,,,,,,,,,,,,,es,,,,,,,,,,,,,,,,,,,USD,,,,https://aprende.org/cursos/view/100255,,,,,,,,,,,,https://fsvc.capacitateparaelempleo.org/CapacitateFS/coursesImages/7d76bf71-a26a-464e-b87f-44779092a743.png,,,0.0,,,,,,,,,,,,Aprende,,,,,,,,,,,,,True,,,,,,,,,
,,,,,,,,,,,,,,,,,,,Realidad virtual inmersiva,,,,,,,,,,,,,,,,,,,,,,,,,,,Ser digital,,,,,,,,,Beginner,,,,,,,,,,,,,,es,,,,,,,,,,,,,,,,,,,USD,,,,https://aprende.org/cursos/view/100256,,,,,,,,,,,,https://fsvc.capacitateparaelempleo.org/CapacitateFS/coursesImages/4fa5d3b8-8f45-4186-b1bf-34a5080c19e6.png,,,0.0,,,,,,,,,,,,Aprende,,,,,,,,,,,,,True,,,,,,,,,
,,,,,,,,,,,,,,,,,,,Regulación de la interacción digital,,,,,,,,,,,,,,,,,,,,,,,,,,,Ser digital,,,,,,,,,Beginner,,,,,,,,,,,,,,es,,,,,,,,,,,,,,,,,,,USD,,,,https://aprende.org/cursos/view/100257,,,,,,,,,,,,https://fsvc.capacitateparaelempleo.org/CapacitateFS/coursesImages/1f609943-5f54-4501-b5ef-0ca20cb8a172.png,,,0.0,,,,,,,,,,,,Aprende,,,,,,,,,,,,,True,,,,,,,,,
,,,,,,,,,,,,,,,,,,,Responsabilidad digital,,,,,,,,,,,,,,,,,,,,,,,,,,,Ser digital,,,,,,,,,Beginner,,,,,,,,,,,,,,es,,,,,,,,,,,,,,,,,,,USD,,,,https://aprende.org/cursos/view/100258,,,,,,,,,,,,https://fsvc.capacitateparaelempleo.org/CapacitateFS/coursesImages/d537b9d5-aa26-4974-ab61-18899f397e67.png,,,0.0,,,,,,,,,,,,Aprende,,,,,,,,,,,,,True,,,,,,,,,
,,,,,,,,,,,,,,,,,,,Responsabilidad digital (Trabajo remoto),,,,,,,,,,,,,,,,,,,,,,,,,,,Ser digital,,,,,,,,,Beginner,,,,,,,,,,,,,,es,,,,,,,,,,,,,,,,,,,USD,,,,https://aprende.org/cursos/view/100259,,,,,,,,,,,,https://fsvc.capacitateparaelempleo.org/CapacitateFS/coursesImages/a68d0326-cae2-4f7b-aebd-e83d8bf8cdba.png,,,0.0,,,,,,,,,,,,Aprende,,,,,,,,,,,,,True,,,,,,,,,
,,,,,,,,,,,,,,,,,,,Salud Digital,,,,,,,,,,,,,,,,,,,,,,,,,,,Ser digital,,,,,,,,,Beginner,,,,,,,,,,,,,,es,,,,,,,,,,,,,,,,,,,USD,,,,https://aprende.org/cursos/view/100260,,,,,,,,,,,,https://fsvc.capacitateparaelempleo.org/CapacitateFS/coursesImages/a9db5a1c-8898-4715-814b-b5ff6df42716.png,,,0.0,,,,,,,,,,,,Aprende,,,,,,,,,,,,,True,,,,,,,,,
,,,,,,,,,,,,,,,,,,,Seguridad en dispositivos móviles y aplicativos (datos personales),,,,,,,,,,,,,,,,,,,,,,,,,,,Ser digital,,,,,,,,,Beginner,,,,,,,,,,,,,,es,,,,,,,,,,,,,,,,,,,USD,,,,https://aprende.org/cursos/view/100261,,,,,,,,,,,,https://fsvc.capacitateparaelempleo.org/CapacitateFS/coursesImages/f1186b97-d8e0-4dbf-bf89-b3db44f73f74.png,,,0.0,,,,,,,,,,,,Aprende,,,,,,,,,,,,,True,,,,,,,,,
,,,,,,,,,,,,,,,,,,,Seguridad y privacidad en el manejo de información (Regulación),,,,,,,,,,,,,,,,,,,,,,,,,,,Ser digital,,,,,,,,,Beginner,,,,,,,,,,,,,,es,,,,,,,,,,,,,,,,,,,USD,,,,https://aprende.org/cursos/view/100262,,,,,,,,,,,,https://fsvc.capacitateparaelempleo.org/CapacitateFS/coursesImages/b66355d1-2501-44d1-962c-df0669a861ed.png,,,0.0,,,,,,,,,,,,Aprende,,,,,,,,,,,,,True,,,,,,,,,
,,,,,,,,,,,,,,,,,,,Seguros cibernéticos,,,,,,,,,,,,,,,,,,,,,,,,,,,Ser digital,,,,,,,,,Beginner,,,,,,,,,,,,,,es,,,,,,,,,,,,,,,,,,,USD,,,,https://aprende.org/cursos/view/100263,,,,,,,,,,,,https://fsvc.capacitateparaelempleo.org/CapacitateFS/coursesImages/cdf8afbb-adbe-4efa-9593-efd98a0898d9.png,,,0.0,,,,,,,,,,,,Aprende,,,,,,,,,,,,,True,,,,,,,,,
,,,,,,,,,,,,,,,,,,,Uso de aplicaciones de emergencia,,,,,,,,,,,,,,,,,,,,,,,,,,,Ser digital,,,,,,,,,Beginner,,,,,,,,,,,,,,es,,,,,,,,,,,,,,,,,,,USD,,,,https://aprende.org/cursos/view/100264,,,,,,,,,,,,https://fsvc.capacitateparaelempleo.org/CapacitateFS/coursesImages/637869f4-3d51-42de-83be-4dcf7b145b15.png,,,0.0,,,,,,,,,,,,Aprende,,,,,,,,,,,,,True,,,,,,,,,
,,,,,,,,,,,,,,,,,,,Uso de código QR,,,,,,,,,,,,,,,,,,,,,,,,,,,Ser digital,,,,,,,,,Beginner,,,,,,,,,,,,,,es,,,,,,,,,,,,,,,,,,,USD,,,,https://aprende.org/cursos/view/100265,,,,,,,,,,,,https://fsvc.capacitateparaelempleo.org/CapacitateFS/coursesImages/3718451d-8c9e-44ad-95b8-f4a877750d28.png,,,0.0,,,,,,,,,,,,Aprende,,,,,,,,,,,,,True,,,,,,,,,
,,,,,,,,,,,,,,,,,,,Uso de herramientas colaborativas,,,,,,,,,,,,,,,,,,,,,,,,,,,Ser digital,,,,,,,,,Beginner,,,,,,,,,,,,,,es,,,,,,,,,,,,,,,,,,,USD,,,,https://aprende.org/cursos/view/100266,,,,,,,,,,,,https://fsvc.capacitateparaelempleo.org/CapacitateFS/coursesImages/b208785f-85e0-43d9-b0c0-21335c25aeb9.png,,,0.0,,,,,,,,,,,,Aprende,,,,,,,,,,,,,True,,,,,,,,,
,,,,,,,,,,,,,,,,,,,Uso de información y datos,,,,,,,,,,,,,,,,,,,,,,,,,,,Ser digital,,,,,,,,,Beginner,,,,,,,,,,,,,,es,,,,,,,,,,,,,,,,,,,USD,,,,https://aprende.org/cursos/view/100267,,,,,,,,,,,,https://fsvc.capacitateparaelempleo.org/CapacitateFS/coursesImages/e60bbf29-469d-412a-8efa-ca15b95b7e0c.png,,,0.0,,,,,,,,,,,,Aprende,,,,,,,,,,,,,True,,,,,,,,,
,,,,,,,,,,,,,,,,,,,Uso de interfaz de dispositivos móviles,,,,,,,,,,,,,,,,,,,,,,,,,,,Ser digital,,,,,,,,,Beginner,,,,,,,,,,,,,,es,,,,,,,,,,,,,,,,,,,USD,,,,https://aprende.org/cursos/view/100268,,,,,,,,,,,,https://fsvc.capacitateparaelempleo.org/CapacitateFS/coursesImages/f4bbb1ee-bcbf-4b0d-a980-1e9d678fbaff.png,,,0.0,,,,,,,,,,,,Aprende,,,,,,,,,,,,,True,,,,,,,,,
,,,,,,,,,,,,,,,,,,,Uso de servicios digitales,,,,,,,,,,,,,,,,,,,,,,,,,,,Ser digital,,,,,,,,,Beginner,,,,,,,,,,,,,,es,,,,,,,,,,,,,,,,,,,USD,,,,https://aprende.org/cursos/view/100269,,,,,,,,,,,,https://fsvc.capacitateparaelempleo.org/CapacitateFS/coursesImages/b483cf7e-fe1e-488b-a564-ce007a11aa05.png,,,0.0,,,,,,,,,,,,Aprende,,,,,,,,,,,,,True,,,,,,,,,
,,,,,,,,,,,,,,,,,,,Uso del correo electrónico,,,,,,,,,,,,,,,,,,,,,,,,,,,Ser digital,,,,,,,,,Beginner,,,,,,,,,,,,,,es,,,,,,,,,,,,,,,,,,,USD,,,,https://aprende.org/cursos/view/100270,,,,,,,,,,,,https://fsvc.capacitateparaelempleo.org/CapacitateFS/coursesImages/8f11f723-3e6b-4af8-8d2f-10febd52b0bb.png,,,0.0,,,,,,,,,,,,Aprende,,,,,,,,,,,,,True,,,,,,,,,
,,,,,,,,,,,,,,,,,,,Uso responsable de dispositivos electrónicos,,,,,,,,,,,,,,,,,,,,,,,,,,,Ser digital,,,,,,,,,Beginner,,,,,,,,,,,,,,es,,,,,,,,,,,,,,,,,,,USD,,,,https://aprende.org/cursos/view/100271,,,,,,,,,,,,https://fsvc.capacitateparaelempleo.org/CapacitateFS/coursesImages/0c1b2f06-acc5-411f-a891-908a6e84182b.png,,,0.0,,,,,,,,,,,,Aprende,,,,,,,,,,,,,True,,,,,,,,,
,,,,,,,,,,,,,,,,,,,GIF,,,,,,,,,,,,,,,,,,,,,,,,,,,Desarrollo multimedia,,,,,,,,,Beginner,,,,,,,,,,,,,,es,,,,,,,,,,,,,,,,,,,USD,,,,https://aprende.org/cursos/view/538,,,,,,,,,,,,https://fsvc.capacitateparaelempleo.org/CapacitateFS/coursesImages/507d7b16-830b-4f5b-84b4-60193d2defbf.png,,"¡Bienvenido al fascinante mundo de los GIFs! 
 Este curso te sumergirá en el arte de crear imágenes animadas que capturan la atención y expresan ideas de manera única. Un GIF, que significa Gráficos Interactivos de Formato, ha evolucionado más allá de simples memes en internet para convertirse en una forma de comunicación visual efectiva y entretenida.",0.0,,,,,,,,,,,,Aprende,,,,,,,,,,,,,True,,,,,,,,,
,,,,,,,,,,,,,,,,,,,Videoblog,,,,,,,,,,,,,,,,,,,,,,,,,,,Desarrollo multimedia,,,,,,,,,Beginner,,,,,,,,,,,,,,es,,,,,,,,,,,,,,,,,,,USD,,,,https://aprende.org/cursos/view/539,,,,,,,,,,,,https://fsvc.capacitateparaelempleo.org/CapacitateFS/coursesImages/c82c8f30-18cf-4712-9e0d-ec616606028a.png,,"¡Bienvenido! 
 Un videoblog, también conocido como vlog, constituye una manera cautivadora y dinámica para compartir pensamientos, vivencias y saberes mediante la creación de videos en la web. Fusionando de manera singular el entretenimiento con información valiosa, los vlogs te sumergen en la cotidianidad de los creadores, proporcionándote una perspectiva íntima de sus universos personales.",0.0,,,,,,,,,,,,Aprende,,,,,,,,,,,,,True,,,,,,,,,
,,,,,,,,,,,,,,,,,,,Podcast,,,,,,,,,,,,,,,,,,,,,,,,,,,Desarrollo multimedia,,,,,,,,,Beginner,,,,,,,,,,,,,,es,,,,,,,,,,,,,,,,,,,USD,,,,https://aprende.org/cursos/view/540,,,,,,,,,,,,https://fsvc.capacitateparaelempleo.org/CapacitateFS/coursesImages/a5cc9823-0f96-421b-887d-3164d9cb4d0d.png,,"¡Bienvenido! 
 Un podcast es una experiencia auditiva envolvente que te transporta a través de historias intrigantes, conversaciones reveladoras y exploraciones fascinantes. Este formato de contenido te permite sumergirte en un mundo de sonidos cautivadores mientras te conectas con expertos, narradores apasionados y temas que van desde lo educativo hasta lo simplemente entretenido. 
 ¡Sintoniza, escucha y déjate llevar por la fascinante narrativa del podcasting!",0.0,,,,,,,,,,,,Aprende,,,,,,,,,,,,,True,,,,,,,,,
,,,,,,,,,,,,,,,,,,,Digitalízate,,,,,,,,,,,,,,,,,,,,,,,,,,,Desarrollo multimedia,,,,,,,,,Beginner,,,,,,,,,,,,,,es,,,,,,,,,,,,,,,,,,,USD,,,,https://aprende.org/cursos/view/541,,,,,,,,,,,,https://fsvc.capacitateparaelempleo.org/CapacitateFS/coursesImages/e4c42872-2751-4aab-8509-1a0745ee9aa0.png,,"Digitalizarte es abrir las puertas a un mundo de posibilidades infinitas. Es transformar tu vida y tu trabajo, llevándolos al siguiente nivel mediante la integración de herramientas digitales innovadoras. Desde potenciar tu productividad hasta ampliar tu presencia en línea, digitalizarte te empodera para navegar con éxito en la era digital. 
 ¡Abraza el futuro, adquiere nuevas habilidades y descubre el poder de evolucionar con la tecnología!",0.0,,,,,,,,,,,,Aprende,,,,,,,,,,,,,True,,,,,,,,,
,,,,,,,,,,,,,,,,,,,Atrévete a crear una app,,,,,,,,,,,,,,,,,,,,,,,,,,,Desarrollo multimedia,,,,,,,,,Beginner,,,,,,,,,,,,,,es,,,,,,,,,,,,,,,,,,,USD,,,,https://aprende.org/cursos/view/542,,,,,,,,,,,,https://fsvc.capacitateparaelempleo.org/CapacitateFS/coursesImages/8d3917d8-4b85-4ea4-be65-1804f293c4ef.png,,"Crear una app es como dar vida a una idea, transformándola en una experiencia tangible al alcance de tus dedos. Es la oportunidad de construir puentes digitales entre tu visión y la realidad, ofreciendo a los usuarios una solución innovadora o una forma única de entretenimiento. Sumérgete en el emocionante viaje de desarrollo, donde cada línea de código es un paso hacia la materialización de tu creatividad. 
 ¡Convierte tu concepto en una aplicación impactante y sé parte del cambio digital!",0.0,,,,,,,,,,,,Aprende,,,,,,,,,,,,,True,,,,,,,,,
,,,,,,,,,,,,,,,,,,,Facilitador ASUME,,,,,,,,,,,,,,,,,,,,,,,,,,,Civismo,,,,,,,,,Beginner,,,,,,,,,,,,,,es,,,,,,,,,,,,,,,,,,,USD,,,,https://aprende.org/cursos/view/100272,,,,,,,,,,,,https://fsvc.capacitateparaelempleo.org/CapacitateFS/coursesImages/795d15e9-7831-4980-a251-3d2e8780833b.png,,,0.0,,,,,,,,,,,,Aprende,,,,,,,,,,,,,True,,,,,,,,,
,,,,,,,,,,,,,,,,,,,La virtud de servir,,,,,,,,,,,,,,,,,,,,,,,,,,,Civismo,,,,,,,,,Intermediate,,,,,,,,,,,,,,es,,,,,,,,,,,,,,,,,,,USD,,,,https://aprende.org/cursos/view/100273,,,,,,,,,,,,https://fsvc.capacitateparaelempleo.org/CapacitateFS/coursesImages/acbd205c-edeb-43e3-b126-6fcd0d996e6b.png,,,0.0,,,,,,,,,,,,Aprende,,,,,,,,,,,,,True,,,,,,,,,
,,,,,,,,,,,,,,,,,,,Prácticas de cortesía,,,,,,,,,,,,,,,,,,,,,,,,,,,Civismo,,,,,,,,,Beginner,,,,,,,,,,,,,,es,,,,,,,,,,,,,,,,,,,USD,,,,https://aprende.org/cursos/view/100274,,,,,,,,,,,,https://fsvc.capacitateparaelempleo.org/CapacitateFS/coursesImages/cd8e9174-a97d-4259-aca0-c5ec4c0ab792.png,,,0.0,,,,,,,,,,,,Aprende,,,,,,,,,,,,,True,,,,,,,,,
,,,,,,,,,,,,,,,,,,,Actitud de servicio,,,,,,,,,,,,,,,,,,,,,,,,,,,Civismo,,,,,,,,,Beginner,,,,,,,,,,,,,,es,,,,,,,,,,,,,,,,,,,USD,,,,https://aprende.org/cursos/view/100275,,,,,,,,,,,,https://fsvc.capacitateparaelempleo.org/CapacitateFS/coursesImages/e466669d-d3b8-48df-b65f-5a3f07c7821a.png,,,0.0,,,,,,,,,,,,Aprende,,,,,,,,,,,,,True,,,,,,,,,
,,,,,,,,,,,,,,,,,,,Solidaridad,,,,,,,,,,,,,,,,,,,,,,,,,,,Civismo,,,,,,,,,Beginner,,,,,,,,,,,,,,es,,,,,,,,,,,,,,,,,,,USD,,,,https://aprende.org/cursos/view/100276,,,,,,,,,,,,https://fsvc.capacitateparaelempleo.org/CapacitateFS/coursesImages/a0663881-129d-4252-8076-0c12125e0636.png,,,0.0,,,,,,,,,,,,Aprende,,,,,,,,,,,,,True,,,,,,,,,
,,,,,,,,,,,,,,,,,,,Empatía,,,,,,,,,,,,,,,,,,,,,,,,,,,Civismo,,,,,,,,,Beginner,,,,,,,,,,,,,,es,,,,,,,,,,,,,,,,,,,USD,,,,https://aprende.org/cursos/view/100277,,,,,,,,,,,,https://fsvc.capacitateparaelempleo.org/CapacitateFS/coursesImages/f378f9ff-483c-4762-a662-92b5f640d571.png,,,0.0,,,,,,,,,,,,Aprende,,,,,,,,,,,,,True,,,,,,,,,
,,,,,,,,,,,,,,,,,,,Responsabilidad social,,,,,,,,,,,,,,,,,,,,,,,,,,,Civismo,,,,,,,,,Beginner,,,,,,,,,,,,,,es,,,,,,,,,,,,,,,,,,,USD,,,,https://aprende.org/cursos/view/100278,,,,,,,,,,,,https://fsvc.capacitateparaelempleo.org/CapacitateFS/coursesImages/138d01b1-3cb0-4668-a93c-c29395006512.png,,,0.0,,,,,,,,,,,,Aprende,,,,,,,,,,,,,True,,,,,,,,,
,,,,,,,,,,,,,,,,,,,Mérito,,,,,,,,,,,,,,,,,,,,,,,,,,,Civismo,,,,,,,,,Beginner,,,,,,,,,,,,,,es,,,,,,,,,,,,,,,,,,,USD,,,,https://aprende.org/cursos/view/100279,,,,,,,,,,,,https://fsvc.capacitateparaelempleo.org/CapacitateFS/coursesImages/dacc3943-6f4d-4738-9d7e-8c4bdb531058.png,,,0.0,,,,,,,,,,,,Aprende,,,,,,,,,,,,,True,,,,,,,,,
,,,,,,,,,,,,,,,,,,,Juego limpio,,,,,,,,,,,,,,,,,,,,,,,,,,,Civismo,,,,,,,,,Beginner,,,,,,,,,,,,,,es,,,,,,,,,,,,,,,,,,,USD,,,,https://aprende.org/cursos/view/100280,,,,,,,,,,,,https://fsvc.capacitateparaelempleo.org/CapacitateFS/coursesImages/35919c71-7a6e-44f5-84a8-ab82eeda7c20.png,,,0.0,,,,,,,,,,,,Aprende,,,,,,,,,,,,,True,,,,,,,,,
,,,,,,,,,,,,,,,,,,,Autoridad,,,,,,,,,,,,,,,,,,,,,,,,,,,Civismo,,,,,,,,,Intermediate,,,,,,,,,,,,,,es,,,,,,,,,,,,,,,,,,,USD,,,,https://aprende.org/cursos/view/100281,,,,,,,,,,,,https://fsvc.capacitateparaelempleo.org/CapacitateFS/coursesImages/7e03089b-01b0-4de0-9c37-f9d295714ddb.png,,,0.0,,,,,,,,,,,,Aprende,,,,,,,,,,,,,True,,,,,,,,,
,,,,,,,,,,,,,,,,,,,Responsabilidad digital,,,,,,,,,,,,,,,,,,,,,,,,,,,Civismo,,,,,,,,,Beginner,,,,,,,,,,,,,,es,,,,,,,,,,,,,,,,,,,USD,,,,https://aprende.org/cursos/view/100282,,,,,,,,,,,,https://fsvc.capacitateparaelempleo.org/CapacitateFS/coursesImages/d537b9d5-aa26-4974-ab61-18899f397e67.png,,,0.0,,,,,,,,,,,,Aprende,,,,,,,,,,,,,True,,,,,,,,,
,,,,,,,,,,,,,,,,,,,Networking digital,,,,,,,,,,,,,,,,,,,,,,,,,,,Civismo,,,,,,,,,Beginner,,,,,,,,,,,,,,es,,,,,,,,,,,,,,,,,,,USD,,,,https://aprende.org/cursos/view/100283,,,,,,,,,,,,https://fsvc.capacitateparaelempleo.org/CapacitateFS/coursesImages/652fa0ed-b8d9-49f0-9ccf-8cdaaec96707.png,,,0.0,,,,,,,,,,,,Aprende,,,,,,,,,,,,,True,,,,,,,,,
,,,,,,,,,,,,,,,,,,,Uso responsable de dispositivos electrónicos,,,,,,,,,,,,,,,,,,,,,,,,,,,Civismo,,,,,,,,,Beginner,,,,,,,,,,,,,,es,,,,,,,,,,,,,,,,,,,USD,,,,https://aprende.org/cursos/view/100284,,,,,,,,,,,,https://fsvc.capacitateparaelempleo.org/CapacitateFS/coursesImages/0c1b2f06-acc5-411f-a891-908a6e84182b.png,,,0.0,,,,,,,,,,,,Aprende,,,,,,,,,,,,,True,,,,,,,,,
,,,,,,,,,,,,,,,,,,,Regulación de la interacción digital,,,,,,,,,,,,,,,,,,,,,,,,,,,Civismo,,,,,,,,,Beginner,,,,,,,,,,,,,,es,,,,,,,,,,,,,,,,,,,USD,,,,https://aprende.org/cursos/view/100285,,,,,,,,,,,,https://fsvc.capacitateparaelempleo.org/CapacitateFS/coursesImages/1f609943-5f54-4501-b5ef-0ca20cb8a172.png,,,0.0,,,,,,,,,,,,Aprende,,,,,,,,,,,,,True,,,,,,,,,
,,,,,,,,,,,,,,,,,,,Seguridad y privacidad en el manejo de información (Regulación),,,,,,,,,,,,,,,,,,,,,,,,,,,Civismo,,,,,,,,,Beginner,,,,,,,,,,,,,,es,,,,,,,,,,,,,,,,,,,USD,,,,https://aprende.org/cursos/view/100286,,,,,,,,,,,,https://fsvc.capacitateparaelempleo.org/CapacitateFS/coursesImages/b66355d1-2501-44d1-962c-df0669a861ed.png,,,0.0,,,,,,,,,,,,Aprende,,,,,,,,,,,,,True,,,,,,,,,
,,,,,,,,,,,,,,,,,,,Prevención de delitos cibernéticos,,,,,,,,,,,,,,,,,,,,,,,,,,,Civismo,,,,,,,,,Beginner,,,,,,,,,,,,,,es,,,,,,,,,,,,,,,,,,,USD,,,,https://aprende.org/cursos/view/100287,,,,,,,,,,,,https://fsvc.capacitateparaelempleo.org/CapacitateFS/coursesImages/7d76bf71-a26a-464e-b87f-44779092a743.png,,,0.0,,,,,,,,,,,,Aprende,,,,,,,,,,,,,True,,,,,,,,,
,,,,,,,,,,,,,,,,,,,Netiqueta,,,,,,,,,,,,,,,,,,,,,,,,,,,Civismo,,,,,,,,,Beginner,,,,,,,,,,,,,,es,,,,,,,,,,,,,,,,,,,USD,,,,https://aprende.org/cursos/view/100288,,,,,,,,,,,,https://fsvc.capacitateparaelempleo.org/CapacitateFS/coursesImages/0bd4499b-17cf-4980-8fa0-4a0de442ef33.png,,,0.0,,,,,,,,,,,,Aprende,,,,,,,,,,,,,True,,,,,,,,,
,,,,,,,,,,,,,,,,,,,Comunicación por videollamadas,,,,,,,,,,,,,,,,,,,,,,,,,,,Civismo,,,,,,,,,Beginner,,,,,,,,,,,,,,es,,,,,,,,,,,,,,,,,,,USD,,,,https://aprende.org/cursos/view/100289,,,,,,,,,,,,https://fsvc.capacitateparaelempleo.org/CapacitateFS/coursesImages/1179d1ec-3d48-4b56-b3cf-5b87ce0e7c8d.png,,,0.0,,,,,,,,,,,,Aprende,,,,,,,,,,,,,True,,,,,,,,,
,,,,,,,,,,,,,,,,,,,Manejo ético de la información y datos,,,,,,,,,,,,,,,,,,,,,,,,,,,Civismo,,,,,,,,,Beginner,,,,,,,,,,,,,,es,,,,,,,,,,,,,,,,,,,USD,,,,https://aprende.org/cursos/view/100290,,,,,,,,,,,,https://fsvc.capacitateparaelempleo.org/CapacitateFS/coursesImages/83f7f2e6-8b26-4557-bcdf-1bc41ac4d2d6.png,,,0.0,,,,,,,,,,,,Aprende,,,,,,,,,,,,,True,,,,,,,,,
,,,,,,,,,,,,,,,,,,,Uso de información y datos,,,,,,,,,,,,,,,,,,,,,,,,,,,Civismo,,,,,,,,,Beginner,,,,,,,,,,,,,,es,,,,,,,,,,,,,,,,,,,USD,,,,https://aprende.org/cursos/view/100291,,,,,,,,,,,,https://fsvc.capacitateparaelempleo.org/CapacitateFS/coursesImages/e60bbf29-469d-412a-8efa-ca15b95b7e0c.png,,,0.0,,,,,,,,,,,,Aprende,,,,,,,,,,,,,True,,,,,,,,,
,,,,,,,,,,,,,,,,,,,Uso de herramientas colaborativas,,,,,,,,,,,,,,,,,,,,,,,,,,,Civismo,,,,,,,,,Beginner,,,,,,,,,,,,,,es,,,,,,,,,,,,,,,,,,,USD,,,,https://aprende.org/cursos/view/100292,,,,,,,,,,,,https://fsvc.capacitateparaelempleo.org/CapacitateFS/coursesImages/b208785f-85e0-43d9-b0c0-21335c25aeb9.png,,,0.0,,,,,,,,,,,,Aprende,,,,,,,,,,,,,True,,,,,,,,,
,,,,,,,,,,,,,,,,,,,Gestión del ecosistema digital,,,,,,,,,,,,,,,,,,,,,,,,,,,Civismo,,,,,,,,,Beginner,,,,,,,,,,,,,,es,,,,,,,,,,,,,,,,,,,USD,,,,https://aprende.org/cursos/view/100293,,,,,,,,,,,,https://fsvc.capacitateparaelempleo.org/CapacitateFS/coursesImages/7a8a63b3-aa95-4ef7-b825-ce36e8bf7842.png,,,0.0,,,,,,,,,,,,Aprende,,,,,,,,,,,,,True,,,,,,,,,
,,,,,,,,,,,,,,,,,,,Compras y pagos seguros por internet,,,,,,,,,,,,,,,,,,,,,,,,,,,Civismo,,,,,,,,,Beginner,,,,,,,,,,,,,,es,,,,,,,,,,,,,,,,,,,USD,,,,https://aprende.org/cursos/view/100294,,,,,,,,,,,,https://fsvc.capacitateparaelempleo.org/CapacitateFS/coursesImages/bd50f071-c1fc-4078-a349-a254337a8b03.png,,,0.0,,,,,,,,,,,,Aprende,,,,,,,,,,,,,True,,,,,,,,,
,,,,,,,,,,,,,,,,,,,Seguros cibernéticos,,,,,,,,,,,,,,,,,,,,,,,,,,,Civismo,,,,,,,,,Beginner,,,,,,,,,,,,,,es,,,,,,,,,,,,,,,,,,,USD,,,,https://aprende.org/cursos/view/100295,,,,,,,,,,,,https://fsvc.capacitateparaelempleo.org/CapacitateFS/coursesImages/cdf8afbb-adbe-4efa-9593-efd98a0898d9.png,,,0.0,,,,,,,,,,,,Aprende,,,,,,,,,,,,,True,,,,,,,,,
,,,,,,,,,,,,,,,,,,,Actitud más humana,,,,,,,,,,,,,,,,,,,,,,,,,,,Crecimiento integral,,,,,,,,,Intermediate,,,,,,,,,,,,,,es,,,,,,,,,,,,,,,,,,,USD,,,,https://aprende.org/cursos/view/100330,,,,,,,,,,,,https://fsvc.capacitateparaelempleo.org/CapacitateFS/coursesImages/0ebb9868-0a6d-49d9-948e-f561453073f1.png,,Reflexiona sobre cómo una actitud más humana impacta tus relaciones diarias.,0.0,,,,,,,,,,,,Aprende,,,,,,,,,,,,,True,,,,,,,,,
,,,,,,,,,,,,,,,,,,,Pensamiento sistémico,,,,,,,,,,,,,,,,,,,,,,,,,,,Crecimiento integral,,,,,,,,,Intermediate,,,,,,,,,,,,,,es,,,,,,,,,,,,,,,,,,,USD,,,,https://aprende.org/cursos/view/100331,,,,,,,,,,,,https://fsvc.capacitateparaelempleo.org/CapacitateFS/coursesImages/d3cded6d-8b5b-48ef-9af0-0d2ffea94c39.png,,,0.0,,,,,,,,,,,,Aprende,,,,,,,,,,,,,True,,,,,,,,,
,,,,,,,,,,,,,,,,,,,Mente hábil,,,,,,,,,,,,,,,,,,,,,,,,,,,Crecimiento integral,,,,,,,,,Intermediate,,,,,,,,,,,,,,es,,,,,,,,,,,,,,,,,,,USD,,,,https://aprende.org/cursos/view/100337,,,,,,,,,,,,https://fsvc.capacitateparaelempleo.org/CapacitateFS/coursesImages/62fe0cf9-2ae3-4256-b144-6fe86552c6a0.png,,¡Bienvenido!  En este curso podrás entrenar tu cerebro para desarrollar la habilidad mental que te permita enfrentar los desafíos de la vida con creatividad.,0.0,,,,,,,,,,,,Aprende,,,,,,,,,,,,,True,,,,,,,,,
,,,,,,,,,,,,,,,,,,,Los 8 aspectos de la persona,,,,,,,,,,,,,,,,,,,,,,,,,,,Crecimiento integral,,,,,,,,,Intermediate,,,,,,,,,,,,,,es,,,,,,,,,,,,,,,,,,,USD,,,,https://aprende.org/cursos/view/100338,,,,,,,,,,,,https://fsvc.capacitateparaelempleo.org/CapacitateFS/coursesImages/a8956a6a-3451-41d0-a26a-b20b538186a8.png,,En este video explorarás los 8 aspectos de tu persona. Cada uno de estos aspectos— 8 aspectos —contribuye al equilibrio y bienestar integral de tu vida.,0.0,,,,,,,,,,,,Aprende,,,,,,,,,,,,,True,,,,,,,,,
,,,,,,,,,,,,,,,,,,,Reconoce tus emociones (Podcast),,,,,,,,,,,,,,,,,,,,,,,,,,,Crecimiento integral,,,,,,,,,Intermediate,,,,,,,,,,,,,,es,,,,,,,,,,,,,,,,,,,USD,,,,https://aprende.org/cursos/view/100339,,,,,,,,,,,,https://fsvc.capacitateparaelempleo.org/CapacitateFS/coursesImages/675d5297-d679-40e8-82e8-ae09c91903b2.png,,"Reconocer tus emociones para comprenderlas y responder de manera saludable ante los desafíos diarios, mientras cuidas tu salud emocional.",0.0,,,,,,,,,,,,Aprende,,,,,,,,,,,,,True,,,,,,,,,
,,,,,,,,,,,,,,,,,,,Estrategias para la regulación emocional (Podcast),,,,,,,,,,,,,,,,,,,,,,,,,,,Crecimiento integral,,,,,,,,,Intermediate,,,,,,,,,,,,,,es,,,,,,,,,,,,,,,,,,,USD,,,,https://aprende.org/cursos/view/100340,,,,,,,,,,,,https://fsvc.capacitateparaelempleo.org/CapacitateFS/coursesImages/5e6c6981-f029-465d-a15e-b500ad0f1f8d.png,,Desarrollar habilidades emocionales para mejorar el bienestar y las interacciones personales.,0.0,,,,,,,,,,,,Aprende,,,,,,,,,,,,,True,,,,,,,,,
,,,,,,,,,,,,,,,,,,,Motivación interior (Podcast),,,,,,,,,,,,,,,,,,,,,,,,,,,Crecimiento integral,,,,,,,,,Intermediate,,,,,,,,,,,,,,es,,,,,,,,,,,,,,,,,,,USD,,,,https://aprende.org/cursos/view/100341,,,,,,,,,,,,https://fsvc.capacitateparaelempleo.org/CapacitateFS/coursesImages/626922d1-ce8e-45e4-b371-9e818f507352.png,,Fomentar la motivación interna para impulsar el crecimiento personal. Fortalecer la voluntad y disciplina que te permitirán alcanzar tus metas y vivir de manera más plena.,0.0,,,,,,,,,,,,Aprende,,,,,,,,,,,,,True,,,,,,,,,
,,,,,,,,,,,,,,,,,,,Sentido de vida (Podcast),,,,,,,,,,,,,,,,,,,,,,,,,,,Crecimiento integral,,,,,,,,,Intermediate,,,,,,,,,,,,,,es,,,,,,,,,,,,,,,,,,,USD,,,,https://aprende.org/cursos/view/100342,,,,,,,,,,,,https://fsvc.capacitateparaelempleo.org/CapacitateFS/coursesImages/29db1c3b-458a-4f6c-b98f-359787d0534d.png,,"La búsqueda del sentido de la vida es un viaje de autodescubrimiento. A través de la reflexión y la introspección, encontrarás respuestas que te darán un nuevo significado a tu existencia.",0.0,,,,,,,,,,,,Aprende,,,,,,,,,,,,,True,,,,,,,,,
,,,,,,,,,,,,,,,,,,,Sentido común (Podcast),,,,,,,,,,,,,,,,,,,,,,,,,,,Crecimiento integral,,,,,,,,,Intermediate,,,,,,,,,,,,,,es,,,,,,,,,,,,,,,,,,,USD,,,,https://aprende.org/cursos/view/100343,,,,,,,,,,,,https://fsvc.capacitateparaelempleo.org/CapacitateFS/coursesImages/be64b582-175b-4a1d-800e-09c0a7fecde5.png,,,0.0,,,,,,,,,,,,Aprende,,,,,,,,,,,,,True,,,,,,,,,
,,,,,,,,,,,,,,,,,,,Estrés (Podcast),,,,,,,,,,,,,,,,,,,,,,,,,,,Crecimiento integral,,,,,,,,,Intermediate,,,,,,,,,,,,,,es,,,,,,,,,,,,,,,,,,,USD,,,,https://aprende.org/cursos/view/100344,,,,,,,,,,,,https://fsvc.capacitateparaelempleo.org/CapacitateFS/coursesImages/761c3c11-9b32-49be-adbb-c8fb335a4a84.png,,,0.0,,,,,,,,,,,,Aprende,,,,,,,,,,,,,True,,,,,,,,,
,,,,,,,,,,,,,,,,,,,Resiliencia (Podcast),,,,,,,,,,,,,,,,,,,,,,,,,,,Crecimiento integral,,,,,,,,,Intermediate,,,,,,,,,,,,,,es,,,,,,,,,,,,,,,,,,,USD,,,,https://aprende.org/cursos/view/100345,,,,,,,,,,,,https://fsvc.capacitateparaelempleo.org/CapacitateFS/coursesImages/0907680c-2dc5-4076-86f9-2fe81e5879be.png,,Desarrollar la resiliencia como clave para superar obstáculos y alcanzar tu máximo potencial. Aprender a fortalecer esta habilidad para cuidar tu bienestar físico y mental.,0.0,,,,,,,,,,,,Aprende,,,,,,,,,,,,,True,,,,,,,,,
,,,,,,,,,,,,,,,,,,,De la preocupación a la ocupación (Podcast),,,,,,,,,,,,,,,,,,,,,,,,,,,Crecimiento integral,,,,,,,,,Intermediate,,,,,,,,,,,,,,es,,,,,,,,,,,,,,,,,,,USD,,,,https://aprende.org/cursos/view/100346,,,,,,,,,,,,https://fsvc.capacitateparaelempleo.org/CapacitateFS/coursesImages/dadf23fb-aa72-43b7-877a-6e249f200159.png,,Transformar las preocupaciones en oportunidades de crecimiento. Descubrir hábitos y técnicas que fortalezcan tu capacidad para superar desafíos y cuidar tu bienestar emocional.,0.0,,,,,,,,,,,,Aprende,,,,,,,,,,,,,True,,,,,,,,,
,,,,,,,,,,,,,,,,,,,Madurez (Podcast),,,,,,,,,,,,,,,,,,,,,,,,,,,Crecimiento integral,,,,,,,,,Intermediate,,,,,,,,,,,,,,es,,,,,,,,,,,,,,,,,,,USD,,,,https://aprende.org/cursos/view/100347,,,,,,,,,,,,https://fsvc.capacitateparaelempleo.org/CapacitateFS/coursesImages/1a31a82c-e8ad-4bc8-8ff7-d02ef732f0fe.png,,"Fomentar la madurez como habilidad para manejar emociones, decidir con consciencia y crecer personalmente. Trabajar en ella para lograr una vida saludable y satisfactoria.",0.0,,,,,,,,,,,,Aprende,,,,,,,,,,,,,True,,,,,,,,,
,,,,,,,,,,,,,,,,,,,Creando vínculos,,,,,,,,,,,,,,,,,,,,,,,,,,,Crecimiento integral,,,,,,,,,Intermediate,,,,,,,,,,,,,,es,,,,,,,,,,,,,,,,,,,USD,,,,https://aprende.org/cursos/view/100348,,,,,,,,,,,,https://fsvc.capacitateparaelempleo.org/CapacitateFS/coursesImages/a35385e3-49e4-4099-82ae-40abcce1b4de.png,,,0.0,,,,,,,,,,,,Aprende,,,,,,,,,,,,,True,,,,,,,,,
,,,,,,,,,,,,,,,,,,,El perdón (Podcast),,,,,,,,,,,,,,,,,,,,,,,,,,,Crecimiento integral,,,,,,,,,Intermediate,,,,,,,,,,,,,,es,,,,,,,,,,,,,,,,,,,USD,,,,https://aprende.org/cursos/view/100349,,,,,,,,,,,,https://fsvc.capacitateparaelempleo.org/CapacitateFS/coursesImages/af0f27c8-84e8-4881-86be-7d49dfadbbdb.png,,,0.0,,,,,,,,,,,,Aprende,,,,,,,,,,,,,True,,,,,,,,,
,,,,,,,,,,,,,,,,,,,Valentía (Podcast),,,,,,,,,,,,,,,,,,,,,,,,,,,Crecimiento integral,,,,,,,,,Intermediate,,,,,,,,,,,,,,es,,,,,,,,,,,,,,,,,,,USD,,,,https://aprende.org/cursos/view/100350,,,,,,,,,,,,https://fsvc.capacitateparaelempleo.org/CapacitateFS/coursesImages/2b4aedf3-1fe5-4476-af62-436a21cfb8d2.png,,,0.0,,,,,,,,,,,,Aprende,,,,,,,,,,,,,True,,,,,,,,,
,,,,,,,,,,,,,,,,,,,Talento y disciplina (Podcast),,,,,,,,,,,,,,,,,,,,,,,,,,,Crecimiento integral,,,,,,,,,Intermediate,,,,,,,,,,,,,,es,,,,,,,,,,,,,,,,,,,USD,,,,https://aprende.org/cursos/view/100351,,,,,,,,,,,,https://fsvc.capacitateparaelempleo.org/CapacitateFS/coursesImages/9515c9c6-fc51-4380-9df4-8b758cfb1659.png,,,0.0,,,,,,,,,,,,Aprende,,,,,,,,,,,,,True,,,,,,,,,
,,,,,,,,,,,,,,,,,,,Libertad (Podcast),,,,,,,,,,,,,,,,,,,,,,,,,,,Crecimiento integral,,,,,,,,,Intermediate,,,,,,,,,,,,,,es,,,,,,,,,,,,,,,,,,,USD,,,,https://aprende.org/cursos/view/100352,,,,,,,,,,,,https://fsvc.capacitateparaelempleo.org/CapacitateFS/coursesImages/3ec9b5d0-d6e0-4338-b687-651f69a8250f.png,,,0.0,,,,,,,,,,,,Aprende,,,,,,,,,,,,,True,,,,,,,,,
,,,,,,,,,,,,,,,,,,,Responsabilidad (Podcast),,,,,,,,,,,,,,,,,,,,,,,,,,,Crecimiento integral,,,,,,,,,Intermediate,,,,,,,,,,,,,,es,,,,,,,,,,,,,,,,,,,USD,,,,https://aprende.org/cursos/view/100353,,,,,,,,,,,,https://fsvc.capacitateparaelempleo.org/CapacitateFS/coursesImages/e52c30e7-ac7b-441f-ab28-1e15c2a2a347.png,,,0.0,,,,,,,,,,,,Aprende,,,,,,,,,,,,,True,,,,,,,,,
,,,,,,,,,,,,,,,,,,,Compromiso (Podcast),,,,,,,,,,,,,,,,,,,,,,,,,,,Crecimiento integral,,,,,,,,,Intermediate,,,,,,,,,,,,,,es,,,,,,,,,,,,,,,,,,,USD,,,,https://aprende.org/cursos/view/100354,,,,,,,,,,,,https://fsvc.capacitateparaelempleo.org/CapacitateFS/coursesImages/410dc92f-9f1d-4457-be56-3085ed558148.png,,,0.0,,,,,,,,,,,,Aprende,,,,,,,,,,,,,True,,,,,,,,,
,,,,,,,,,,,,,,,,,,,Culpa (Podcast),,,,,,,,,,,,,,,,,,,,,,,,,,,Crecimiento integral,,,,,,,,,Intermediate,,,,,,,,,,,,,,es,,,,,,,,,,,,,,,,,,,USD,,,,https://aprende.org/cursos/view/100355,,,,,,,,,,,,https://fsvc.capacitateparaelempleo.org/CapacitateFS/coursesImages/a1f07ded-c899-4f99-a71a-7b2a46795456.png,,,0.0,,,,,,,,,,,,Aprende,,,,,,,,,,,,,True,,,,,,,,,
,,,,,,,,,,,,,,,,,,,Felicidad y placer (Podcast),,,,,,,,,,,,,,,,,,,,,,,,,,,Crecimiento integral,,,,,,,,,Intermediate,,,,,,,,,,,,,,es,,,,,,,,,,,,,,,,,,,USD,,,,https://aprende.org/cursos/view/100356,,,,,,,,,,,,https://fsvc.capacitateparaelempleo.org/CapacitateFS/coursesImages/7307496a-e969-4646-9eea-9ead2706ebc4.png,,Distinguir entre felicidad y placer para construir un bienestar duradero y vivir en equilibrio y armonía.,0.0,,,,,,,,,,,,Aprende,,,,,,,,,,,,,True,,,,,,,,,
,,,,,,,,,,,,,,,,,,,Comunicación (Podcast),,,,,,,,,,,,,,,,,,,,,,,,,,,Crecimiento integral,,,,,,,,,Intermediate,,,,,,,,,,,,,,es,,,,,,,,,,,,,,,,,,,USD,,,,https://aprende.org/cursos/view/100357,,,,,,,,,,,,https://fsvc.capacitateparaelempleo.org/CapacitateFS/coursesImages/76c48733-407a-4038-b5d8-273b32cda245.png,,Explorar los diferentes aspectos de la comunicación y descubre cómo mejorar tus habilidades comunicativas en todos los ámbitos de tu vida.,0.0,,,,,,,,,,,,Aprende,,,,,,,,,,,,,True,,,,,,,,,
,,,,,,,,,,,,,,,,,,,Comunicación no verbal (Podcast),,,,,,,,,,,,,,,,,,,,,,,,,,,Crecimiento integral,,,,,,,,,Intermediate,,,,,,,,,,,,,,es,,,,,,,,,,,,,,,,,,,USD,,,,https://aprende.org/cursos/view/100358,,,,,,,,,,,,https://fsvc.capacitateparaelempleo.org/CapacitateFS/coursesImages/44d71e93-6d40-4875-a081-c9b462ce3369.png,,Descubrir lo que tu cuerpo comunica. La comunicación no verbal revela aspectos profundos de ti. Analiza tus señales y aprovéchalas para mejorar tu conexión con los demás.,0.0,,,,,,,,,,,,Aprende,,,,,,,,,,,,,True,,,,,,,,,
,,,,,,,,,,,,,,,,,,,Comunicación asertiva,,,,,,,,,,,,,,,,,,,,,,,,,,,Crecimiento integral,,,,,,,,,Intermediate,,,,,,,,,,,,,,es,,,,,,,,,,,,,,,,,,,USD,,,,https://aprende.org/cursos/view/100359,,,,,,,,,,,,https://fsvc.capacitateparaelempleo.org/CapacitateFS/coursesImages/c8415b98-d1fe-4efe-947e-3b26a15743d6.png,,"En este espacio vas a encontrar herramientas prácticas para tu comunicación del día a día. La idea es que logres expresarte siempre de manera asertiva, clara y respetuosa.",0.0,,,,,,,,,,,,Aprende,,,,,,,,,,,,,True,,,,,,,,,
,,,,,,,,,,,,,,,,,,,Comunicación asertiva (Podcast),,,,,,,,,,,,,,,,,,,,,,,,,,,Crecimiento integral,,,,,,,,,Intermediate,,,,,,,,,,,,,,es,,,,,,,,,,,,,,,,,,,USD,,,,https://aprende.org/cursos/view/100360,,,,,,,,,,,,https://fsvc.capacitateparaelempleo.org/CapacitateFS/coursesImages/1b98ced0-706f-4b6f-b87c-69b04aafaa92.png,,,0.0,,,,,,,,,,,,Aprende,,,,,,,,,,,,,True,,,,,,,,,
,,,,,,,,,,,,,,,,,,,Comunicación responsable,,,,,,,,,,,,,,,,,,,,,,,,,,,Crecimiento integral,,,,,,,,,Intermediate,,,,,,,,,,,,,,es,,,,,,,,,,,,,,,,,,,USD,,,,https://aprende.org/cursos/view/100361,,,,,,,,,,,,https://fsvc.capacitateparaelempleo.org/CapacitateFS/coursesImages/c974c718-fea1-489e-ac0c-d30e7fce1a59.png,,,0.0,,,,,,,,,,,,Aprende,,,,,,,,,,,,,True,,,,,,,,,
,,,,,,,,,,,,,,,,,,,Pensamiento crítico y analítico (Podcast),,,,,,,,,,,,,,,,,,,,,,,,,,,Crecimiento integral,,,,,,,,,Intermediate,,,,,,,,,,,,,,es,,,,,,,,,,,,,,,,,,,USD,,,,https://aprende.org/cursos/view/100362,,,,,,,,,,,,https://fsvc.capacitateparaelempleo.org/CapacitateFS/coursesImages/75e4fcfa-8a4d-4da3-9f26-77451516cd52.png,,Desarrollar el pensamiento crítico para evaluar información de forma objetiva y el pensamiento analítico para descomponer problemas complejos en partes sencillas.,0.0,,,,,,,,,,,,Aprende,,,,,,,,,,,,,True,,,,,,,,,
,,,,,,,,,,,,,,,,,,,Pensamiento crítico y analítico,,,,,,,,,,,,,,,,,,,,,,,,,,,Crecimiento integral,,,,,,,,,Intermediate,,,,,,,,,,,,,,es,,,,,,,,,,,,,,,,,,,USD,,,,https://aprende.org/cursos/view/100363,,,,,,,,,,,,https://fsvc.capacitateparaelempleo.org/CapacitateFS/coursesImages/26c25609-994a-4c3b-b58a-1f202f6d17da.png,,,0.0,,,,,,,,,,,,Aprende,,,,,,,,,,,,,True,,,,,,,,,
,,,,,,,,,,,,,,,,,,,Pensamiento creativo (Podcast),,,,,,,,,,,,,,,,,,,,,,,,,,,Crecimiento integral,,,,,,,,,Intermediate,,,,,,,,,,,,,,es,,,,,,,,,,,,,,,,,,,USD,,,,https://aprende.org/cursos/view/100365,,,,,,,,,,,,https://fsvc.capacitateparaelempleo.org/CapacitateFS/coursesImages/9b2fe2e2-8905-47cc-854f-d9f481442c5e.png,,"Desarrollar el pensamiento creativo para  generar ideas originales, encontrar soluciones innovadoras y expresar emociones de forma única, impulsando tu crecimiento personal.",0.0,,,,,,,,,,,,Aprende,,,,,,,,,,,,,True,,,,,,,,,
,,,,,,,,,,,,,,,,,,,Hablar para transmitir,,,,,,,,,,,,,,,,,,,,,,,,,,,Crecimiento integral,,,,,,,,,Intermediate,,,,,,,,,,,,,,es,,,,,,,,,,,,,,,,,,,USD,,,,https://aprende.org/cursos/view/100366,,,,,,,,,,,,https://fsvc.capacitateparaelempleo.org/CapacitateFS/coursesImages/ff18c14c-7e8b-46e5-8bda-20ad75cd879b.png,,Bienvenido. En este taller desarrollarás habilidades para comunicar tus ideas con seguridad y confianza a cualquier tipo de audiencia.,0.0,,,,,,,,,,,,Aprende,,,,,,,,,,,,,True,,,,,,,,,
,,,,,,,,,,,,,,,,,,,Amor por la lectura,,,,,,,,,,,,,,,,,,,,,,,,,,,Crecimiento integral,,,,,,,,,Intermediate,,,,,,,,,,,,,,es,,,,,,,,,,,,,,,,,,,USD,,,,https://aprende.org/cursos/view/100367,,,,,,,,,,,,https://fsvc.capacitateparaelempleo.org/CapacitateFS/coursesImages/583126d0-fa10-4fbb-8c3a-28527ad2df5c.png,,"Desarrollar tu hábito de lectura para viajar por el tiempo y el espacio, explorar ideas y mantener viva tu curiosidad mientras creces y cultivas tu sabiduría.",0.0,,,,,,,,,,,,Aprende,,,,,,,,,,,,,True,,,,,,,,,
,,,,,,,,,,,,,,,,,,,Pensamiento creativo,,,,,,,,,,,,,,,,,,,,,,,,,,,Crecimiento integral,,,,,,,,,Intermediate,,,,,,,,,,,,,,es,,,,,,,,,,,,,,,,,,,USD,,,,https://aprende.org/cursos/view/100368,,,,,,,,,,,,https://fsvc.capacitateparaelempleo.org/CapacitateFS/coursesImages/3f193694-0e53-4b7e-b721-4ea5c2cfebf8.png,,,0.0,,,,,,,,,,,,Aprende,,,,,,,,,,,,,True,,,,,,,,,
,,,,,,,,,,,,,,,,,,,Hablar para transmitir (Podcast),,,,,,,,,,,,,,,,,,,,,,,,,,,Crecimiento integral,,,,,,,,,Intermediate,,,,,,,,,,,,,,es,,,,,,,,,,,,,,,,,,,USD,,,,https://aprende.org/cursos/view/100369,,,,,,,,,,,,https://fsvc.capacitateparaelempleo.org/CapacitateFS/coursesImages/4acd2616-a43f-4431-8122-f492cd838550.png,,,0.0,,,,,,,,,,,,Aprende,,,,,,,,,,,,,True,,,,,,,,,
,,,,,,,,,,,,,,,,,,,Aprendizaje continuo,,,,,,,,,,,,,,,,,,,,,,,,,,,Crecimiento integral,,,,,,,,,Intermediate,,,,,,,,,,,,,,es,,,,,,,,,,,,,,,,,,,USD,,,,https://aprende.org/cursos/view/100370,,,,,,,,,,,,https://fsvc.capacitateparaelempleo.org/CapacitateFS/coursesImages/7c9f3f54-f0eb-463b-a80d-5e5527ef9432.png,,,0.0,,,,,,,,,,,,Aprende,,,,,,,,,,,,,True,,,,,,,,,
,,,,,,,,,,,,,,,,,,,Toma de decisiones (Podcast),,,,,,,,,,,,,,,,,,,,,,,,,,,Crecimiento integral,,,,,,,,,Intermediate,,,,,,,,,,,,,,es,,,,,,,,,,,,,,,,,,,USD,,,,https://aprende.org/cursos/view/100371,,,,,,,,,,,,https://fsvc.capacitateparaelempleo.org/CapacitateFS/coursesImages/76ee419f-b247-4d93-9595-27b53ffb9035.png,,"Reflexionar sobre el reconocimiento al alcanzar metas, entendiendo que su importancia varía según la cultura y aspiraciones personales, pero que el verdadero valor reside en hacer lo correcto.",0.0,,,,,,,,,,,,Aprende,,,,,,,,,,,,,True,,,,,,,,,
,,,,,,,,,,,,,,,,,,,"El cambio, la única constante",,,,,,,,,,,,,,,,,,,,,,,,,,,Crecimiento integral,,,,,,,,,Intermediate,,,,,,,,,,,,,,es,,,,,,,,,,,,,,,,,,,USD,,,,https://aprende.org/cursos/view/100372,,,,,,,,,,,,https://fsvc.capacitateparaelempleo.org/CapacitateFS/coursesImages/eccc5344-6e04-4959-9dfd-2e51446ddf95.png,,,0.0,,,,,,,,,,,,Aprende,,,,,,,,,,,,,True,,,,,,,,,
,,,,,,,,,,,,,,,,,,,Toma de decisiones,,,,,,,,,,,,,,,,,,,,,,,,,,,Crecimiento integral,,,,,,,,,Intermediate,,,,,,,,,,,,,,es,,,,,,,,,,,,,,,,,,,USD,,,,https://aprende.org/cursos/view/100373,,,,,,,,,,,,https://fsvc.capacitateparaelempleo.org/CapacitateFS/coursesImages/b5781b20-2204-4a3f-adb4-fa78d5532f7a.png,,,0.0,,,,,,,,,,,,Aprende,,,,,,,,,,,,,True,,,,,,,,,
,,,,,,,,,,,,,,,,,,,Método de solución de desafíos (Podcast),,,,,,,,,,,,,,,,,,,,,,,,,,,Crecimiento integral,,,,,,,,,Intermediate,,,,,,,,,,,,,,es,,,,,,,,,,,,,,,,,,,USD,,,,https://aprende.org/cursos/view/100374,,,,,,,,,,,,https://fsvc.capacitateparaelempleo.org/CapacitateFS/coursesImages/8c529169-c986-4b4b-98f3-0f390b3cd925.png,,Desarrollar habilidades clave para enfrentar cualquier situación a través de la reflexión y la generación de soluciones creativas podrás tomar decisiones que promuevan tu bienestar emocional.,0.0,,,,,,,,,,,,Aprende,,,,,,,,,,,,,True,,,,,,,,,
,,,,,,,,,,,,,,,,,,,Métodos de solución de desafíos,,,,,,,,,,,,,,,,,,,,,,,,,,,Crecimiento integral,,,,,,,,,Intermediate,,,,,,,,,,,,,,es,,,,,,,,,,,,,,,,,,,USD,,,,https://aprende.org/cursos/view/100375,,,,,,,,,,,,https://fsvc.capacitateparaelempleo.org/CapacitateFS/coursesImages/f78bb55c-634c-4b2d-aeb8-fd83c7d2aff1.png,,,0.0,,,,,,,,,,,,Aprende,,,,,,,,,,,,,True,,,,,,,,,
,,,,,,,,,,,,,,,,,,,Manejo de crisis,,,,,,,,,,,,,,,,,,,,,,,,,,,Crecimiento integral,,,,,,,,,Intermediate,,,,,,,,,,,,,,es,,,,,,,,,,,,,,,,,,,USD,,,,https://aprende.org/cursos/view/100377,,,,,,,,,,,,https://fsvc.capacitateparaelempleo.org/CapacitateFS/coursesImages/db39e794-1a6e-4c18-860a-899b9aef99d7.png,,"¡Bienvenido! Aquí podrás descubrir recursos y estrategias personales para enfrentar crisis, que promuevan tu estabilidad emocional y te permitan prepararte para futuras adversidades.",0.0,,,,,,,,,,,,Aprende,,,,,,,,,,,,,True,,,,,,,,,
,,,,,,,,,,,,,,,,,,,Liderazgo humano,,,,,,,,,,,,,,,,,,,,,,,,,,,Crecimiento integral,,,,,,,,,Intermediate,,,,,,,,,,,,,,es,,,,,,,,,,,,,,,,,,,USD,,,,https://aprende.org/cursos/view/100378,,,,,,,,,,,,https://fsvc.capacitateparaelempleo.org/CapacitateFS/coursesImages/36af2f2e-24c0-40f3-9abf-d03ae116d56b.png,,"¡Bienvenido! 
 En este contenido podrás desarrollar y fortalecer las habilidades de liderazgo a través de estrategias para impulsar tu desarrollo personal y el de las personas que te rodean. 
 ¡Te deseamos mucho éxito!",0.0,,,,,,,,,,,,Aprende,,,,,,,,,,,,,True,,,,,,,,,
,,,,,,,,,,,,,,,,,,,Actúa con responsabilidad (Podcast),,,,,,,,,,,,,,,,,,,,,,,,,,,Crecimiento integral,,,,,,,,,Intermediate,,,,,,,,,,,,,,es,,,,,,,,,,,,,,,,,,,USD,,,,https://aprende.org/cursos/view/100379,,,,,,,,,,,,https://fsvc.capacitateparaelempleo.org/CapacitateFS/coursesImages/5feafad8-adf3-46af-a2e3-a618af801d81.png,,,0.0,,,,,,,,,,,,Aprende,,,,,,,,,,,,,True,,,,,,,,,
,,,,,,,,,,,,,,,,,,,Momentos significativos,,,,,,,,,,,,,,,,,,,,,,,,,,,Crecimiento integral,,,,,,,,,Intermediate,,,,,,,,,,,,,,es,,,,,,,,,,,,,,,,,,,USD,,,,https://aprende.org/cursos/view/100380,,,,,,,,,,,,https://fsvc.capacitateparaelempleo.org/CapacitateFS/coursesImages/25977b34-4ea2-4c12-b496-e166fb2d4e7b.png,,¡Bienvenido! En este complemento identificarás cómo puedes crear momentos significativos al transformar tus interacciones de ordinarias a extraordinarias.,0.0,,,,,,,,,,,,Aprende,,,,,,,,,,,,,True,,,,,,,,,
,,,,,,,,,,,,,,,,,,,El arte de acompañar,,,,,,,,,,,,,,,,,,,,,,,,,,,Crecimiento integral,,,,,,,,,Intermediate,,,,,,,,,,,,,,es,,,,,,,,,,,,,,,,,,,USD,,,,https://aprende.org/cursos/view/100381,,,,,,,,,,,,https://fsvc.capacitateparaelempleo.org/CapacitateFS/coursesImages/8ca17575-b007-459f-aff5-c193f8b5699e.png,,"¡Bienvenido! 
 En este contenido podrás explorar qué significa ser un acompañante consciente para apoyar a los demás, cuidando tanto su bienestar como el tuyo. ¡Te deseamos mucho éxito!",0.0,,,,,,,,,,,,Aprende,,,,,,,,,,,,,True,,,,,,,,,
,,,,,,,,,,,,,,,,,,,Adáptate y supera retos (Podcast),,,,,,,,,,,,,,,,,,,,,,,,,,,Crecimiento integral,,,,,,,,,Intermediate,,,,,,,,,,,,,,es,,,,,,,,,,,,,,,,,,,USD,,,,https://aprende.org/cursos/view/100382,,,,,,,,,,,,https://fsvc.capacitateparaelempleo.org/CapacitateFS/coursesImages/25ead8ad-e10d-4f9d-b3fc-7d78943c367e.png,,"Desarrollar la capacidad de adaptarte y superar retos es esencial para  fortalecer tu capacidad de guiar a otros, mientras impulsas tu crecimiento personal y profesional.",0.0,,,,,,,,,,,,Aprende,,,,,,,,,,,,,True,,,,,,,,,
,,,,,,,,,,,,,,,,,,,Compartir una responsabilidad,,,,,,,,,,,,,,,,,,,,,,,,,,,Crecimiento integral,,,,,,,,,Intermediate,,,,,,,,,,,,,,es,,,,,,,,,,,,,,,,,,,USD,,,,https://aprende.org/cursos/view/100383,,,,,,,,,,,,https://fsvc.capacitateparaelempleo.org/CapacitateFS/coursesImages/0e05c733-6ef7-4f10-93b4-3e140cda9197.png,,,0.0,,,,,,,,,,,,Aprende,,,,,,,,,,,,,True,,,,,,,,,
,,,,,,,,,,,,,,,,,,,Construye confianza,,,,,,,,,,,,,,,,,,,,,,,,,,,Crecimiento integral,,,,,,,,,Intermediate,,,,,,,,,,,,,,es,,,,,,,,,,,,,,,,,,,USD,,,,https://aprende.org/cursos/view/100384,,,,,,,,,,,,https://fsvc.capacitateparaelempleo.org/CapacitateFS/coursesImages/ed4732fb-90a9-4f6a-937b-f21cc558dae4.png,,,0.0,,,,,,,,,,,,Aprende,,,,,,,,,,,,,True,,,,,,,,,
,,,,,,,,,,,,,,,,,,,Conquista tus propósitos,,,,,,,,,,,,,,,,,,,,,,,,,,,Crecimiento integral,,,,,,,,,Intermediate,,,,,,,,,,,,,,es,,,,,,,,,,,,,,,,,,,USD,,,,https://aprende.org/cursos/view/100385,,,,,,,,,,,,https://fsvc.capacitateparaelempleo.org/CapacitateFS/coursesImages/e0b94ecd-8377-4538-837f-7d216e2887a9.png,,,0.0,,,,,,,,,,,,Aprende,,,,,,,,,,,,,True,,,,,,,,,
,,,,,,,,,,,,,,,,,,,Líder con valores (Podcast),,,,,,,,,,,,,,,,,,,,,,,,,,,Crecimiento integral,,,,,,,,,Intermediate,,,,,,,,,,,,,,es,,,,,,,,,,,,,,,,,,,USD,,,,https://aprende.org/cursos/view/100386,,,,,,,,,,,,https://fsvc.capacitateparaelempleo.org/CapacitateFS/coursesImages/c41aed70-aef3-43f9-b57d-44b6e078e6c5.png,,"Liderar con empatía, respeto y transparencia para inspirar a otros, fomentar su crecimiento y crear un entorno de confianza y colaboración.",0.0,,,,,,,,,,,,Aprende,,,,,,,,,,,,,True,,,,,,,,,
,,,,,,,,,,,,,,,,,,,Sé empático (Podcast),,,,,,,,,,,,,,,,,,,,,,,,,,,Crecimiento integral,,,,,,,,,Intermediate,,,,,,,,,,,,,,es,,,,,,,,,,,,,,,,,,,USD,,,,https://aprende.org/cursos/view/100387,,,,,,,,,,,,https://fsvc.capacitateparaelempleo.org/CapacitateFS/coursesImages/023fc3a2-f33b-40bb-9a15-a259b7d35189.png,,,0.0,,,,,,,,,,,,Aprende,,,,,,,,,,,,,True,,,,,,,,,
,,,,,,,,,,,,,,,,,,,Sé integro (Podcast),,,,,,,,,,,,,,,,,,,,,,,,,,,Crecimiento integral,,,,,,,,,Intermediate,,,,,,,,,,,,,,es,,,,,,,,,,,,,,,,,,,USD,,,,https://aprende.org/cursos/view/100388,,,,,,,,,,,,https://fsvc.capacitateparaelempleo.org/CapacitateFS/coursesImages/d9c35025-3afb-4fc4-b375-9d9ec6fa7e62.png,,"Actuar con integridad y ser fiel a los valores como líder, inspirando a quienes te rodean y creando un entorno ético que fomenta el crecimiento mutuo.",0.0,,,,,,,,,,,,Aprende,,,,,,,,,,,,,True,,,,,,,,,
,,,,,,,,,,,,,,,,,,,Soy único (Podcast),,,,,,,,,,,,,,,,,,,,,,,,,,,Crecimiento integral,,,,,,,,,Intermediate,,,,,,,,,,,,,,es,,,,,,,,,,,,,,,,,,,USD,,,,https://aprende.org/cursos/view/100389,,,,,,,,,,,,https://fsvc.capacitateparaelempleo.org/CapacitateFS/coursesImages/efd6bb81-f1ef-4398-9786-4c240abad172.png,,"Descubrir tu singularidad, definir quién eres y compartir con el mundo lo que solo tú puedes ofrecer con autenticidad.",0.0,,,,,,,,,,,,Aprende,,,,,,,,,,,,,True,,,,,,,,,
,,,,,,,,,,,,,,,,,,,Vive con autoestima (Podcast),,,,,,,,,,,,,,,,,,,,,,,,,,,Crecimiento integral,,,,,,,,,Intermediate,,,,,,,,,,,,,,es,,,,,,,,,,,,,,,,,,,USD,,,,https://aprende.org/cursos/view/100390,,,,,,,,,,,,https://fsvc.capacitateparaelempleo.org/CapacitateFS/coursesImages/4cad91e2-5c60-4809-a74c-44d72bb3cafb.png,,"Cultivar el amor propio y fortalecer la percepción de uno mismo, impulsando la confianza y elevando la capacidad de liderazgo.",0.0,,,,,,,,,,,,Aprende,,,,,,,,,,,,,True,,,,,,,,,
,,,,,,,,,,,,,,,,,,,Pensamiento estratégico,,,,,,,,,,,,,,,,,,,,,,,,,,,Crecimiento integral,,,,,,,,,Intermediate,,,,,,,,,,,,,,es,,,,,,,,,,,,,,,,,,,USD,,,,https://aprende.org/cursos/view/100391,,,,,,,,,,,,https://fsvc.capacitateparaelempleo.org/CapacitateFS/coursesImages/e336859c-364e-4156-811b-4b7bd93f8a84.png,,,0.0,,,,,,,,,,,,Aprende,,,,,,,,,,,,,True,,,,,,,,,
,,,,,,,,,,,,,,,,,,,Construcción de equipos liderazgo,,,,,,,,,,,,,,,,,,,,,,,,,,,Crecimiento integral,,,,,,,,,Intermediate,,,,,,,,,,,,,,es,,,,,,,,,,,,,,,,,,,USD,,,,https://aprende.org/cursos/view/100392,,,,,,,,,,,,https://fsvc.capacitateparaelempleo.org/CapacitateFS/coursesImages/ca8ef4d5-aae8-4405-93d1-a6aeedd4e9f1.png,,,0.0,,,,,,,,,,,,Aprende,,,,,,,,,,,,,True,,,,,,,,,
,,,,,,,,,,,,,,,,,,,Fortaleza organizacional,,,,,,,,,,,,,,,,,,,,,,,,,,,Crecimiento integral,,,,,,,,,Intermediate,,,,,,,,,,,,,,es,,,,,,,,,,,,,,,,,,,USD,,,,https://aprende.org/cursos/view/100393,,,,,,,,,,,,https://fsvc.capacitateparaelempleo.org/CapacitateFS/coursesImages/c5ebd60c-6c80-40e5-96fa-de1905416d8a.png,,,0.0,,,,,,,,,,,,Aprende,,,,,,,,,,,,,True,,,,,,,,,
,,,,,,,,,,,,,,,,,,,Innovación empresarial,,,,,,,,,,,,,,,,,,,,,,,,,,,Crecimiento integral,,,,,,,,,Intermediate,,,,,,,,,,,,,,es,,,,,,,,,,,,,,,,,,,USD,,,,https://aprende.org/cursos/view/100394,,,,,,,,,,,,https://fsvc.capacitateparaelempleo.org/CapacitateFS/coursesImages/b1873d60-e69f-4abe-8e77-3aa7119cf6cf.png,,,0.0,,,,,,,,,,,,Aprende,,,,,,,,,,,,,True,,,,,,,,,
,,,,,,,,,,,,,,,,,,,Finanzas personales (Podcast),,,,,,,,,,,,,,,,,,,,,,,,,,,Crecimiento integral,,,,,,,,,Intermediate,,,,,,,,,,,,,,es,,,,,,,,,,,,,,,,,,,USD,,,,https://aprende.org/cursos/view/100396,,,,,,,,,,,,https://fsvc.capacitateparaelempleo.org/CapacitateFS/coursesImages/1c301471-ab95-4874-9d31-100b0cd31eea.png,,"Identificar las diferentes formas en que usas tu dinero, cómo impacta en tus economía y las medidas para tener unas finanzas sanas.",0.0,,,,,,,,,,,,Aprende,,,,,,,,,,,,,True,,,,,,,,,
,,,,,,,,,,,,,,,,,,,Finanzas para el hogar (Podcast),,,,,,,,,,,,,,,,,,,,,,,,,,,Crecimiento integral,,,,,,,,,Intermediate,,,,,,,,,,,,,,es,,,,,,,,,,,,,,,,,,,USD,,,,https://aprende.org/cursos/view/100397,,,,,,,,,,,,https://fsvc.capacitateparaelempleo.org/CapacitateFS/coursesImages/8e31eef4-101b-4d56-8198-271f034aa9c5.png,,Comprender las medidas que puedes implementar para tener unas buenas finanzas en el hogar ahorrando.,0.0,,,,,,,,,,,,Aprende,,,,,,,,,,,,,True,,,,,,,,,
,,,,,,,,,,,,,,,,,,,Empatía (Podcast),,,,,,,,,,,,,,,,,,,,,,,,,,,Crecimiento integral,,,,,,,,,Intermediate,,,,,,,,,,,,,,es,,,,,,,,,,,,,,,,,,,USD,,,,https://aprende.org/cursos/view/100399,,,,,,,,,,,,https://fsvc.capacitateparaelempleo.org/CapacitateFS/coursesImages/82566ce5-35e1-4320-90d2-5eec10e2125f.png,,"Explorar cómo la empatía facilita una mayor comprensión de ti y de los demás, mejorando tus interacciones.",0.0,,,,,,,,,,,,Aprende,,,,,,,,,,,,,True,,,,,,,,,
,,,,,,,,,,,,,,,,,,,Diálogo,,,,,,,,,,,,,,,,,,,,,,,,,,,Crecimiento integral,,,,,,,,,Intermediate,,,,,,,,,,,,,,es,,,,,,,,,,,,,,,,,,,USD,,,,https://aprende.org/cursos/view/100659,,,,,,,,,,,,https://fsvc.capacitateparaelempleo.org/CapacitateFS/coursesImages/1660af51-3e70-4549-8cc9-d8f9c51e0ffb.png,,,0.0,,,,,,,,,,,,Aprende,,,,,,,,,,,,,True,,,,,,,,,
,,,,,,,,,,,,,,,,,,,Escritura reflexiva,,,,,,,,,,,,,,,,,,,,,,,,,,,Crecimiento integral,,,,,,,,,Beginner,,,,,,,,,,,,,,es,,,,,,,,,,,,,,,,,,,USD,,,,https://aprende.org/cursos/view/100660,,,,,,,,,,,,https://fsvc.capacitateparaelempleo.org/CapacitateFS/coursesImages/764be0b6-707a-47d5-8ce2-6b53b79a694f.png,,,0.0,,,,,,,,,,,,Aprende,,,,,,,,,,,,,True,,,,,,,,,
,,,,,,,,,,,,,,,,,,,Autogestión,,,,,,,,,,,,,,,,,,,,,,,,,,,Crecimiento integral,,,,,,,,,Beginner,,,,,,,,,,,,,,es,,,,,,,,,,,,,,,,,,,USD,,,,https://aprende.org/cursos/view/100695,,,,,,,,,,,,https://fsvc.capacitateparaelempleo.org/CapacitateFS/coursesImages/f73fe938-d75e-4f73-a69f-e0d342baaec3.png,,,0.0,,,,,,,,,,,,Aprende,,,,,,,,,,,,,True,,,,,,,,,
,,,,,,,,,,,,,,,,,,,Gestión del tiempo,,,,,,,,,,,,,,,,,,,,,,,,,,,Crecimiento integral,,,,,,,,,Intermediate,,,,,,,,,,,,,,es,,,,,,,,,,,,,,,,,,,USD,,,,https://aprende.org/cursos/view/100696,,,,,,,,,,,,https://fsvc.capacitateparaelempleo.org/CapacitateFS/coursesImages/dd965d85-3b3f-476d-b779-5fbebe5348f5.png,,,0.0,,,,,,,,,,,,Aprende,,,,,,,,,,,,,True,,,,,,,,,
,,,,,,,,,,,,,,,,,,,Versatilidad,,,,,,,,,,,,,,,,,,,,,,,,,,,Crecimiento integral,,,,,,,,,Beginner,,,,,,,,,,,,,,es,,,,,,,,,,,,,,,,,,,USD,,,,https://aprende.org/cursos/view/100697,,,,,,,,,,,,https://fsvc.capacitateparaelempleo.org/CapacitateFS/coursesImages/9acaeda2-8e1a-4dd4-a39d-1bc0943e90a1.png,,,0.0,,,,,,,,,,,,Aprende,,,,,,,,,,,,,True,,,,,,,,,
,,,,,,,,,,,,,,,,,,,Manejo de riesgos,,,,,,,,,,,,,,,,,,,,,,,,,,,Crecimiento integral,,,,,,,,,Beginner,,,,,,,,,,,,,,es,,,,,,,,,,,,,,,,,,,USD,,,,https://aprende.org/cursos/view/100698,,,,,,,,,,,,https://fsvc.capacitateparaelempleo.org/CapacitateFS/coursesImages/623d20cb-ad8e-42af-9f8f-2596693b7155.png,,,0.0,,,,,,,,,,,,Aprende,,,,,,,,,,,,,True,,,,,,,,,
,,,,,,,,,,,,,,,,,,,Manejo de contingencias,,,,,,,,,,,,,,,,,,,,,,,,,,,Crecimiento integral,,,,,,,,,Intermediate,,,,,,,,,,,,,,es,,,,,,,,,,,,,,,,,,,USD,,,,https://aprende.org/cursos/view/100699,,,,,,,,,,,,https://fsvc.capacitateparaelempleo.org/CapacitateFS/coursesImages/31f8b0e0-0a78-4647-b06f-7237b06a49a2.png,,,0.0,,,,,,,,,,,,Aprende,,,,,,,,,,,,,True,,,,,,,,,
,,,,,,,,,,,,,,,,,,,Decisiones complejas,,,,,,,,,,,,,,,,,,,,,,,,,,,Crecimiento integral,,,,,,,,,Beginner,,,,,,,,,,,,,,es,,,,,,,,,,,,,,,,,,,USD,,,,https://aprende.org/cursos/view/100700,,,,,,,,,,,,https://fsvc.capacitateparaelempleo.org/CapacitateFS/coursesImages/a51f0203-cdb6-45e9-a673-59796adafa59.png,,,0.0,,,,,,,,,,,,Aprende,,,,,,,,,,,,,True,,,,,,,,,
,,,,,,,,,,,,,,,,,,,Planea la búsqueda de información,,,,,,,,,,,,,,,,,,,,,,,,,,,Crecimiento integral,,,,,,,,,Beginner,,,,,,,,,,,,,,es,,,,,,,,,,,,,,,,,,,USD,,,,https://aprende.org/cursos/view/100701,,,,,,,,,,,,https://fsvc.capacitateparaelempleo.org/CapacitateFS/coursesImages/f0ae1f6c-2cf3-4783-8a1e-a4ed95fcc20f.png,,,0.0,,,,,,,,,,,,Aprende,,,,,,,,,,,,,True,,,,,,,,,
,,,,,,,,,,,,,,,,,,,Organización y almacenamiento digital de información y datos,,,,,,,,,,,,,,,,,,,,,,,,,,,Crecimiento integral,,,,,,,,,Beginner,,,,,,,,,,,,,,es,,,,,,,,,,,,,,,,,,,USD,,,,https://aprende.org/cursos/view/100702,,,,,,,,,,,,https://fsvc.capacitateparaelempleo.org/CapacitateFS/coursesImages/4968c18a-7264-449e-b89f-bc953d8d480f.png,,,0.0,,,,,,,,,,,,Aprende,,,,,,,,,,,,,True,,,,,,,,,
,,,,,,,,,,,,,,,,,,,Análisis e interpretación de datos,,,,,,,,,,,,,,,,,,,,,,,,,,,Crecimiento integral,,,,,,,,,Intermediate,,,,,,,,,,,,,,es,,,,,,,,,,,,,,,,,,,USD,,,,https://aprende.org/cursos/view/100703,,,,,,,,,,,,https://fsvc.capacitateparaelempleo.org/CapacitateFS/coursesImages/8cb38870-fa5b-4ffd-a058-def0a82be414.png,,,0.0,,,,,,,,,,,,Aprende,,,,,,,,,,,,,True,,,,,,,,,
,,,,,,,,,,,,,,,,,,,Solidaridad,,,,,,,,,,,,,,,,,,,,,,,,,,,Crecimiento integral,,,,,,,,,Beginner,,,,,,,,,,,,,,es,,,,,,,,,,,,,,,,,,,USD,,,,https://aprende.org/cursos/view/100704,,,,,,,,,,,,https://fsvc.capacitateparaelempleo.org/CapacitateFS/coursesImages/a0663881-129d-4252-8076-0c12125e0636.png,,,0.0,,,,,,,,,,,,Aprende,,,,,,,,,,,,,True,,,,,,,,,
,,,,,,,,,,,,,,,,,,,Trabajo en equipo,,,,,,,,,,,,,,,,,,,,,,,,,,,Crecimiento integral,,,,,,,,,Beginner,,,,,,,,,,,,,,es,,,,,,,,,,,,,,,,,,,USD,,,,https://aprende.org/cursos/view/100705,,,,,,,,,,,,https://fsvc.capacitateparaelempleo.org/CapacitateFS/coursesImages/4d15f4b6-f3f9-4183-aa67-e9e68250ecb5.png,,,0.0,,,,,,,,,,,,Aprende,,,,,,,,,,,,,True,,,,,,,,,
,,,,,,,,,,,,,,,,,,,Networking digital,,,,,,,,,,,,,,,,,,,,,,,,,,,Crecimiento integral,,,,,,,,,Beginner,,,,,,,,,,,,,,es,,,,,,,,,,,,,,,,,,,USD,,,,https://aprende.org/cursos/view/100706,,,,,,,,,,,,https://fsvc.capacitateparaelempleo.org/CapacitateFS/coursesImages/8c7419b6-53ac-4e57-8ef4-8d0f046f3a18.png,,,0.0,,,,,,,,,,,,Aprende,,,,,,,,,,,,,True,,,,,,,,,
,,,,,,,,,,,,,,,,,,,Ortografía y redacción,,,,,,,,,,,,,,,,,,,,,,,,,,,Crecimiento integral,,,,,,,,,Beginner,,,,,,,,,,,,,,es,,,,,,,,,,,,,,,,,,,USD,,,,https://aprende.org/cursos/view/100707,,,,,,,,,,,,https://fsvc.capacitateparaelempleo.org/CapacitateFS/coursesImages/a5949d43-b949-4442-9ef3-e4b84550d873.png,,,0.0,,,,,,,,,,,,Aprende,,,,,,,,,,,,,True,,,,,,,,,
,,,,,,,,,,,,,,,,,,,Netiqueta,,,,,,,,,,,,,,,,,,,,,,,,,,,Crecimiento integral,,,,,,,,,Beginner,,,,,,,,,,,,,,es,,,,,,,,,,,,,,,,,,,USD,,,,https://aprende.org/cursos/view/100708,,,,,,,,,,,,https://fsvc.capacitateparaelempleo.org/CapacitateFS/coursesImages/0f76db33-0392-4847-ad26-ca018b1e37cd.png,,,0.0,,,,,,,,,,,,Aprende,,,,,,,,,,,,,True,,,,,,,,,
,,,,,,,,,,,,,,,,,,,Habilidades de presentación,,,,,,,,,,,,,,,,,,,,,,,,,,,Crecimiento integral,,,,,,,,,Beginner,,,,,,,,,,,,,,es,,,,,,,,,,,,,,,,,,,USD,,,,https://aprende.org/cursos/view/100709,,,,,,,,,,,,https://fsvc.capacitateparaelempleo.org/CapacitateFS/coursesImages/49f71418-4481-4dd1-81c3-89ba4a47325b.png,,,0.0,,,,,,,,,,,,Aprende,,,,,,,,,,,,,True,,,,,,,,,
,,,,,,,,,,,,,,,,,,,Habilidades de negociación,,,,,,,,,,,,,,,,,,,,,,,,,,,Crecimiento integral,,,,,,,,,Beginner,,,,,,,,,,,,,,es,,,,,,,,,,,,,,,,,,,USD,,,,https://aprende.org/cursos/view/100710,,,,,,,,,,,,https://fsvc.capacitateparaelempleo.org/CapacitateFS/coursesImages/a3d075ca-8bc1-4dac-85da-9fedc323dad1.png,,,0.0,,,,,,,,,,,,Aprende,,,,,,,,,,,,,True,,,,,,,,,
,,,,,,,,,,,,,,,,,,,Prácticas de cortesía,,,,,,,,,,,,,,,,,,,,,,,,,,,Crecimiento integral,,,,,,,,,Beginner,,,,,,,,,,,,,,es,,,,,,,,,,,,,,,,,,,USD,,,,https://aprende.org/cursos/view/100711,,,,,,,,,,,,https://fsvc.capacitateparaelempleo.org/CapacitateFS/coursesImages/cd8e9174-a97d-4259-aca0-c5ec4c0ab792.png,,,0.0,,,,,,,,,,,,Aprende,,,,,,,,,,,,,True,,,,,,,,,
,,,,,,,,,,,,,,,,,,,Integridad,,,,,,,,,,,,,,,,,,,,,,,,,,,Crecimiento integral,,,,,,,,,Intermediate,,,,,,,,,,,,,,es,,,,,,,,,,,,,,,,,,,USD,,,,https://aprende.org/cursos/view/100712,,,,,,,,,,,,https://fsvc.capacitateparaelempleo.org/CapacitateFS/coursesImages/e5f023fc-f7cd-4585-a37d-067dea6bd71f.png,,,0.0,,,,,,,,,,,,Aprende,,,,,,,,,,,,,True,,,,,,,,,
,,,,,,,,,,,,,,,,,,,Autoridad,,,,,,,,,,,,,,,,,,,,,,,,,,,Crecimiento integral,,,,,,,,,Intermediate,,,,,,,,,,,,,,es,,,,,,,,,,,,,,,,,,,USD,,,,https://aprende.org/cursos/view/100713,,,,,,,,,,,,https://fsvc.capacitateparaelempleo.org/CapacitateFS/coursesImages/7e03089b-01b0-4de0-9c37-f9d295714ddb.png,,,0.0,,,,,,,,,,,,Aprende,,,,,,,,,,,,,True,,,,,,,,,
,,,,,,,,,,,,,,,,,,,Cómo dar instrucciones,,,,,,,,,,,,,,,,,,,,,,,,,,,Crecimiento integral,,,,,,,,,Beginner,,,,,,,,,,,,,,es,,,,,,,,,,,,,,,,,,,USD,,,,https://aprende.org/cursos/view/100714,,,,,,,,,,,,https://fsvc.capacitateparaelempleo.org/CapacitateFS/coursesImages/13c52e17-9364-4ecf-979d-a17a435093b3.png,,,0.0,,,,,,,,,,,,Aprende,,,,,,,,,,,,,True,,,,,,,,,
,,,,,,,,,,,,,,,,,,,Retroalimentación en el trabajo,,,,,,,,,,,,,,,,,,,,,,,,,,,Crecimiento integral,,,,,,,,,Beginner,,,,,,,,,,,,,,es,,,,,,,,,,,,,,,,,,,USD,,,,https://aprende.org/cursos/view/100715,,,,,,,,,,,,https://fsvc.capacitateparaelempleo.org/CapacitateFS/coursesImages/16769781-2dc1-4d98-8f0f-37c79969e03d.png,,,0.0,,,,,,,,,,,,Aprende,,,,,,,,,,,,,True,,,,,,,,,
,,,,,,,,,,,,,,,,,,,Manejo de juntas de trabajo,,,,,,,,,,,,,,,,,,,,,,,,,,,Crecimiento integral,,,,,,,,,Beginner,,,,,,,,,,,,,,es,,,,,,,,,,,,,,,,,,,USD,,,,https://aprende.org/cursos/view/100716,,,,,,,,,,,,https://fsvc.capacitateparaelempleo.org/CapacitateFS/coursesImages/142f50ec-1876-4777-83b4-a02125eece9f.png,,,0.0,,,,,,,,,,,,Aprende,,,,,,,,,,,,,True,,,,,,,,,
,,,,,,,,,,,,,,,,,,,Gestión del ecosistema digital,,,,,,,,,,,,,,,,,,,,,,,,,,,Crecimiento integral,,,,,,,,,Beginner,,,,,,,,,,,,,,es,,,,,,,,,,,,,,,,,,,USD,,,,https://aprende.org/cursos/view/100717,,,,,,,,,,,,https://fsvc.capacitateparaelempleo.org/CapacitateFS/coursesImages/f6ace166-df78-46e8-98da-ca1ea675851f.png,,,0.0,,,,,,,,,,,,Aprende,,,,,,,,,,,,,True,,,,,,,,,
,,,,,,,,,,,,,,,,,,,Finanzas personales,,,,,,,,,,,,,,,,,,,,,,,,,,,Crecimiento integral,,,,,,,,,Beginner,,,,,,,,,,,,,,es,,,,,,,,,,,,,,,,,,,USD,,,,https://aprende.org/cursos/view/100718,,,,,,,,,,,,https://fsvc.capacitateparaelempleo.org/CapacitateFS/coursesImages/d5895c0a-5365-4ab9-82e1-a68cd82e2bb9.png,,,0.0,,,,,,,,,,,,Aprende,,,,,,,,,,,,,True,,,,,,,,,
,,,,,,,,,,,,,,,,,,,Finanzas para el hogar,,,,,,,,,,,,,,,,,,,,,,,,,,,Crecimiento integral,,,,,,,,,Intermediate,,,,,,,,,,,,,,es,,,,,,,,,,,,,,,,,,,USD,,,,https://aprende.org/cursos/view/100719,,,,,,,,,,,,https://fsvc.capacitateparaelempleo.org/CapacitateFS/coursesImages/7507e403-32d4-4cfa-befb-932925a6b183.png,,,0.0,,,,,,,,,,,,Aprende,,,,,,,,,,,,,True,,,,,,,,,
,,,,,,,,,,,,,,,,,,,Finanzas para el hogar,,,,,,,,,,,,,,,,,,,,,,,,,,,Crecimiento integral,,,,,,,,,Intermediate,,,,,,,,,,,,,,es,,,,,,,,,,,,,,,,,,,USD,,,,https://aprende.org/cursos/view/100720,,,,,,,,,,,,https://fsvc.capacitateparaelempleo.org/CapacitateFS/coursesImages/7507e403-32d4-4cfa-befb-932925a6b183.png,,,0.0,,,,,,,,,,,,Aprende,,,,,,,,,,,,,True,,,,,,,,,
,,,,,,,,,,,,,,,,,,,Programa de educación financiera,,,,,,,,,,,,,,,,,,,,,,,,,,,Crecimiento integral,,,,,,,,,Beginner,,,,,,,,,,,,,,es,,,,,,,,,,,,,,,,,,,USD,,,,https://aprende.org/cursos/view/100721,,,,,,,,,,,,https://fsvc.capacitateparaelempleo.org/CapacitateFS/coursesImages/3d23285b-cd7c-4483-ba07-a8ba02d192f4.png,,,0.0,,,,,,,,,,,,Aprende,,,,,,,,,,,,,True,,,,,,,,,
,,,,,,,,,,,,,,,,,,,Finanzas para manejar una deuda,,,,,,,,,,,,,,,,,,,,,,,,,,,Crecimiento integral,,,,,,,,,Intermediate,,,,,,,,,,,,,,es,,,,,,,,,,,,,,,,,,,USD,,,,https://aprende.org/cursos/view/100722,,,,,,,,,,,,https://fsvc.capacitateparaelempleo.org/CapacitateFS/coursesImages/76b7f3c5-9bed-47b1-80f1-ea9514a9e605.png,,,0.0,,,,,,,,,,,,Aprende,,,,,,,,,,,,,True,,,,,,,,,
,,,,,,,,,,,,,,,,,,,Manejo correcto de las tarjetas de crédito,,,,,,,,,,,,,,,,,,,,,,,,,,,Crecimiento integral,,,,,,,,,Intermediate,,,,,,,,,,,,,,es,,,,,,,,,,,,,,,,,,,USD,,,,https://aprende.org/cursos/view/100723,,,,,,,,,,,,https://fsvc.capacitateparaelempleo.org/CapacitateFS/coursesImages/3aea8677-d544-4187-bdd6-87906fada8a7.png,,,0.0,,,,,,,,,,,,Aprende,,,,,,,,,,,,,True,,,,,,,,,
,,,,,,,,,,,,,,,,,,,Finanzas para elegir un seguro,,,,,,,,,,,,,,,,,,,,,,,,,,,Crecimiento integral,,,,,,,,,Beginner,,,,,,,,,,,,,,es,,,,,,,,,,,,,,,,,,,USD,,,,https://aprende.org/cursos/view/100724,,,,,,,,,,,,https://fsvc.capacitateparaelempleo.org/CapacitateFS/coursesImages/384cbc32-3775-4fe2-884a-fff2aaaf8488.png,,,0.0,,,,,,,,,,,,Aprende,,,,,,,,,,,,,True,,,,,,,,,
,,,,,,,,,,,,,,,,,,,Planea tu retiro,,,,,,,,,,,,,,,,,,,,,,,,,,,Crecimiento integral,,,,,,,,,Beginner,,,,,,,,,,,,,,es,,,,,,,,,,,,,,,,,,,USD,,,,https://aprende.org/cursos/view/100725,,,,,,,,,,,,https://fsvc.capacitateparaelempleo.org/CapacitateFS/coursesImages/46643c5c-70ce-4989-8a07-502fc742a72e.png,,,0.0,,,,,,,,,,,,Aprende,,,,,,,,,,,,,True,,,,,,,,,
,,,,,,,,,,,,,,,,,,,Egoísmo,,,,,,,,,,,,,,,,,,,,,,,,,,,Crecimiento integral,,,,,,,,,Intermediate,,,,,,,,,,,,,,es,,,,,,,,,,,,,,,,,,,USD,,,,https://aprende.org/cursos/view/100854,,,,,,,,,,,,https://fsvc.capacitateparaelempleo.org/CapacitateFS/coursesImages/7e266dc3-1022-40c9-9315-653506bbfbf3.png,,,0.0,,,,,,,,,,,,Aprende,,,,,,,,,,,,,True,,,,,,,,,
,,,,,,,,,,,,,,,,,,,El equilibrio de vida,,,,,,,,,,,,,,,,,,,,,,,,,,,Crecimiento integral,,,,,,,,,Intermediate,,,,,,,,,,,,,,es,,,,,,,,,,,,,,,,,,,USD,,,,https://aprende.org/cursos/view/100855,,,,,,,,,,,,https://fsvc.capacitateparaelempleo.org/CapacitateFS/coursesImages/d955b52a-f3c4-47a4-9489-64b9bd709713.png,,,0.0,,,,,,,,,,,,Aprende,,,,,,,,,,,,,True,,,,,,,,,
,,,,,,,,,,,,,,,,,,,Crecimiento espiritual,,,,,,,,,,,,,,,,,,,,,,,,,,,Crecimiento integral,,,,,,,,,Intermediate,,,,,,,,,,,,,,es,,,,,,,,,,,,,,,,,,,USD,,,,https://aprende.org/cursos/view/100856,,,,,,,,,,,,https://fsvc.capacitateparaelempleo.org/CapacitateFS/coursesImages/8e2ecaa9-efa2-4cea-84ff-ebbfdfe9b59c.png,,,0.0,,,,,,,,,,,,Aprende,,,,,,,,,,,,,True,,,,,,,,,
,,,,,,,,,,,,,,,,,,,Manejo de ansiedad,,,,,,,,,,,,,,,,,,,,,,,,,,,Crecimiento integral,,,,,,,,,Intermediate,,,,,,,,,,,,,,es,,,,,,,,,,,,,,,,,,,USD,,,,https://aprende.org/cursos/view/100857,,,,,,,,,,,,https://fsvc.capacitateparaelempleo.org/CapacitateFS/coursesImages/7829df66-f69a-4601-b5d9-444171eb396a.png,,,0.0,,,,,,,,,,,,Aprende,,,,,,,,,,,,,True,,,,,,,,,
,,,,,,,,,,,,,,,,,,,Mi aportación a la sociedad,,,,,,,,,,,,,,,,,,,,,,,,,,,Crecimiento integral,,,,,,,,,Intermediate,,,,,,,,,,,,,,es,,,,,,,,,,,,,,,,,,,USD,,,,https://aprende.org/cursos/view/100858,,,,,,,,,,,,https://fsvc.capacitateparaelempleo.org/CapacitateFS/coursesImages/773c8e23-abf2-44dc-aeec-594da6cec622.png,,,0.0,,,,,,,,,,,,Aprende,,,,,,,,,,,,,True,,,,,,,,,
,,,,,,,,,,,,,,,,,,,La ciencia y los niños,,,,,,,,,,,,,,,,,,,,,,,,,,,Cursos en línea,,,,,,,,,Beginner,,,,,,,,,,,,,,es,,,,,,,,,,,,,,,,,,,USD,,,,https://aprende.org/cursos/view/100407,,,,,,,,,,,,https://fsvc.capacitateparaelempleo.org/CapacitateFS/coursesImages/3b30118f-48b9-4000-9acc-0fc520de4f80.png,,,0.0,,,,,,,,,,,,Aprende,,,,,,,,,,,,,True,,,,,,,,,
,,,,,,,,,,,,,,,,,,,El arte en la vida de los niños,,,,,,,,,,,,,,,,,,,,,,,,,,,Cursos en línea,,,,,,,,,Beginner,,,,,,,,,,,,,,es,,,,,,,,,,,,,,,,,,,USD,,,,https://aprende.org/cursos/view/100408,,,,,,,,,,,,https://fsvc.capacitateparaelempleo.org/CapacitateFS/coursesImages/44138c59-142c-42b4-bf3d-a26de4535414.png,,,0.0,,,,,,,,,,,,Aprende,,,,,,,,,,,,,True,,,,,,,,,
,,,,,,,,,,,,,,,,,,,Crecer juntos,,,,,,,,,,,,,,,,,,,,,,,,,,,Cursos en línea,,,,,,,,,Beginner,,,,,,,,,,,,,,es,,,,,,,,,,,,,,,,,,,USD,,,,https://aprende.org/cursos/view/100409,,,,,,,,,,,,https://fsvc.capacitateparaelempleo.org/CapacitateFS/coursesImages/a87e4d0b-bebc-4c73-bb1a-aaebd709343a.png,,,0.0,,,,,,,,,,,,Aprende,,,,,,,,,,,,,True,,,,,,,,,
,,,,,,,,,,,,,,,,,,,Discapacidad en la primera infancia,,,,,,,,,,,,,,,,,,,,,,,,,,,Cursos en línea,,,,,,,,,Beginner,,,,,,,,,,,,,,es,,,,,,,,,,,,,,,,,,,USD,,,,https://aprende.org/cursos/view/100410,,,,,,,,,,,,https://fsvc.capacitateparaelempleo.org/CapacitateFS/coursesImages/26e75d87-f6d7-4a96-937b-ef81158f653d.png,,,0.0,,,,,,,,,,,,Aprende,,,,,,,,,,,,,True,,,,,,,,,
,,,,,,,,,,,,,,,,,,,Jugar para crecer,,,,,,,,,,,,,,,,,,,,,,,,,,,Cursos en línea,,,,,,,,,Beginner,,,,,,,,,,,,,,es,,,,,,,,,,,,,,,,,,,USD,,,,https://aprende.org/cursos/view/100411,,,,,,,,,,,,https://fsvc.capacitateparaelempleo.org/CapacitateFS/coursesImages/3e51d13f-8525-42e4-841d-931f22f3dde3.png,,,0.0,,,,,,,,,,,,Aprende,,,,,,,,,,,,,True,,,,,,,,,
,,,,,,,,,,,,,,,,,,,Promotor del desarrollo infantil,,,,,,,,,,,,,,,,,,,,,,,,,,,Cursos en línea,,,,,,,,,Beginner,,,,,,,,,,,,,,es,,,,,,,,,,,,,,,,,,,USD,,,,https://aprende.org/cursos/view/100412,,,,,,,,,,,,https://fsvc.capacitateparaelempleo.org/CapacitateFS/coursesImages/ea824c58-ee51-4bb1-aaf9-45958937460c.png,,,0.0,,,,,,,,,,,,Aprende,,,,,,,,,,,,,True,,,,,,,,,
,,,,,,,,,,,,,,,,,,,La trascendencia del educador durante la primera infancia,,,,,,,,,,,,,,,,,,,,,,,,,,,Cursos en línea,,,,,,,,,Beginner,,,,,,,,,,,,,,es,,,,,,,,,,,,,,,,,,,USD,,,,https://aprende.org/cursos/view/100413,,,,,,,,,,,,https://fsvc.capacitateparaelempleo.org/CapacitateFS/coursesImages/029834a3-7420-4b52-a492-ab1d62b160f9.png,,,0.0,,,,,,,,,,,,Aprende,,,,,,,,,,,,,True,,,,,,,,,
,,,,,,,,,,,,,,,,,,,Cuidador de niños,,,,,,,,,,,,,,,,,,,,,,,,,,,Cursos en línea,,,,,,,,,Beginner,,,,,,,,,,,,,,es,,,,,,,,,,,,,,,,,,,USD,,,,https://aprende.org/cursos/view/100414,,,,,,,,,,,,https://fsvc.capacitateparaelempleo.org/CapacitateFS/coursesImages/ed71c7f4-2155-4781-aa2c-e0bbb61fd862.png,,,0.0,,,,,,,,,,,,Aprende,,,,,,,,,,,,,True,,,,,,,,,
,,,,,,,,,,,,,,,,,,,ASUME,,,,,,,,,,,,,,,,,,,,,,,,,,,Formación Humana Aprende,,,,,,,,,Intermediate,,,,,,,,,,,,,,es,,,,,,,,,,,,,,,,,,,USD,,,,https://aprende.org/cursos/view/100416,,,,,,,,,,,,,,,0.0,,,,,,,,,,,,Aprende,,,,,,,,,,,,,True,,,,,,,,,
,,,,,,,,,,,,,,,,,,,Duelo,,,,,,,,,,,,,,,,,,,,,,,,,,,Formación Humana Aprende,,,,,,,,,Intermediate,,,,,,,,,,,,,,es,,,,,,,,,,,,,,,,,,,USD,,,,https://aprende.org/cursos/view/100863,,,,,,,,,,,,,,,0.0,,,,,,,,,,,,Aprende,,,,,,,,,,,,,True,,,,,,,,,
,,,,,,,,,,,,,,,,,,,Voluntarios,,,,,,,,,,,,,,,,,,,,,,,,,,,Voluntarios,,,,,,,,,Intermediate,,,,,,,,,,,,,,es,,,,,,,,,,,,,,,,,,,USD,,,,https://aprende.org/cursos/view/100419,,,,,,,,,,,,,,,0.0,,,,,,,,,,,,Aprende,,,,,,,,,,,,,True,,,,,,,,,
,,,,,,,,,,,,,,,,,,,Prevención de delitos cibernéticos,,,,,,,,,,,,,,,,,,,,,,,,,,,Nearshoring,,,,,,,,,Intermediate,,,,,,,,,,,,,,es,,,,,,,,,,,,,,,,,,,USD,,,,https://aprende.org/cursos/view/100421,,,,,,,,,,,,https://fsvc.capacitateparaelempleo.org/CapacitateFS/coursesImages/7d76bf71-a26a-464e-b87f-44779092a743.png,,,0.0,,,,,,,,,,,,Aprende,,,,,,,,,,,,,True,,,,,,,,,
,,,,,,,,,,,,,,,,,,,Técnico en seguridad informática (análisis de riesgos),,,,,,,,,,,,,,,,,,,,,,,,,,,Nearshoring,,,,,,,,,Intermediate,,,,,,,,,,,,,,es,,,,,,,,,,,,,,,,,,,USD,,,,https://aprende.org/cursos/view/100422,,,,,,,,,,,,https://fsvc.capacitateparaelempleo.org/CapacitateFS/coursesImages/eb1fbb5e-292c-4792-8c46-e7590232aea7.png,,,0.0,,,,,,,,,,,,Aprende,,,,,,,,,,,,,True,,,,,,,,,
,,,,,,,,,,,,,,,,,,,Analista de datos,,,,,,,,,,,,,,,,,,,,,,,,,,,Nearshoring,,,,,,,,,Intermediate,,,,,,,,,,,,,,es,,,,,,,,,,,,,,,,,,,USD,,,,https://aprende.org/cursos/view/100423,,,,,,,,,,,,https://fsvc.capacitateparaelempleo.org/CapacitateFS/coursesImages/8d5363eb-2f96-40bd-b11a-b772b7c0d435.png,,,0.0,,,,,,,,,,,,Aprende,,,,,,,,,,,,,True,,,,,,,,,
,,,,,,,,,,,,,,,,,,,Análisis e interpretación de datos,,,,,,,,,,,,,,,,,,,,,,,,,,,Nearshoring,,,,,,,,,Intermediate,,,,,,,,,,,,,,es,,,,,,,,,,,,,,,,,,,USD,,,,https://aprende.org/cursos/view/100424,,,,,,,,,,,,https://fsvc.capacitateparaelempleo.org/CapacitateFS/coursesImages/8cb38870-fa5b-4ffd-a058-def0a82be414.png,,,0.0,,,,,,,,,,,,Aprende,,,,,,,,,,,,,True,,,,,,,,,
,,,,,,,,,,,,,,,,,,,Evaluador de procesos,,,,,,,,,,,,,,,,,,,,,,,,,,,Nearshoring,,,,,,,,,Intermediate,,,,,,,,,,,,,,es,,,,,,,,,,,,,,,,,,,USD,,,,https://aprende.org/cursos/view/100425,,,,,,,,,,,,https://fsvc.capacitateparaelempleo.org/CapacitateFS/coursesImages/74037892-64ac-4e28-a363-f9437252b4dc.png,,,0.0,,,,,,,,,,,,Aprende,,,,,,,,,,,,,True,,,,,,,,,
,,,,,,,,,,,,,,,,,,,Evaluador de Indicadores Clave (KPI),,,,,,,,,,,,,,,,,,,,,,,,,,,Nearshoring,,,,,,,,,Intermediate,,,,,,,,,,,,,,es,,,,,,,,,,,,,,,,,,,USD,,,,https://aprende.org/cursos/view/100426,,,,,,,,,,,,https://fsvc.capacitateparaelempleo.org/CapacitateFS/coursesImages/e9e4dbce-f81d-401a-bbc0-daa24407388e.png,,,0.0,,,,,,,,,,,,Aprende,,,,,,,,,,,,,True,,,,,,,,,
,,,,,,,,,,,,,,,,,,,Integrador de soluciones BI,,,,,,,,,,,,,,,,,,,,,,,,,,,Nearshoring,,,,,,,,,Intermediate,,,,,,,,,,,,,,es,,,,,,,,,,,,,,,,,,,USD,,,,https://aprende.org/cursos/view/100427,,,,,,,,,,,,https://fsvc.capacitateparaelempleo.org/CapacitateFS/coursesImages/fa9818a5-5065-4bad-bc2f-5c2695bc77de.png,,,0.0,,,,,,,,,,,,Aprende,,,,,,,,,,,,,True,,,,,,,,,
,,,,,,,,,,,,,,,,,,,Analista de proyectos BI,,,,,,,,,,,,,,,,,,,,,,,,,,,Nearshoring,,,,,,,,,Intermediate,,,,,,,,,,,,,,es,,,,,,,,,,,,,,,,,,,USD,,,,https://aprende.org/cursos/view/100428,,,,,,,,,,,,https://fsvc.capacitateparaelempleo.org/CapacitateFS/coursesImages/d8b83e7d-c342-4101-aa19-c72ab4800ea5.png,,,0.0,,,,,,,,,,,,Aprende,,,,,,,,,,,,,True,,,,,,,,,
,,,,,,,,,,,,,,,,,,,Técnico en minería de datos,,,,,,,,,,,,,,,,,,,,,,,,,,,Nearshoring,,,,,,,,,Intermediate,,,,,,,,,,,,,,es,,,,,,,,,,,,,,,,,,,USD,,,,https://aprende.org/cursos/view/100429,,,,,,,,,,,,https://fsvc.capacitateparaelempleo.org/CapacitateFS/coursesImages/5ba74d4e-eb7e-45c6-960a-b89614592111.png,,,0.0,,,,,,,,,,,,Aprende,,,,,,,,,,,,,True,,,,,,,,,
,,,,,,,,,,,,,,,,,,,Visualizador de Big Data,,,,,,,,,,,,,,,,,,,,,,,,,,,Nearshoring,,,,,,,,,Intermediate,,,,,,,,,,,,,,es,,,,,,,,,,,,,,,,,,,USD,,,,https://aprende.org/cursos/view/100430,,,,,,,,,,,,https://fsvc.capacitateparaelempleo.org/CapacitateFS/coursesImages/ce492243-33b6-417d-93c7-8735d8f6f6b1.png,,,0.0,,,,,,,,,,,,Aprende,,,,,,,,,,,,,True,,,,,,,,,
,,,,,,,,,,,,,,,,,,,Técnico en Business Analytics,,,,,,,,,,,,,,,,,,,,,,,,,,,Nearshoring,,,,,,,,,Intermediate,,,,,,,,,,,,,,es,,,,,,,,,,,,,,,,,,,USD,,,,https://aprende.org/cursos/view/100431,,,,,,,,,,,,https://fsvc.capacitateparaelempleo.org/CapacitateFS/coursesImages/e2ebe184-c808-426e-a515-e53f20794874.png,,,0.0,,,,,,,,,,,,Aprende,,,,,,,,,,,,,True,,,,,,,,,
,,,,,,,,,,,,,,,,,,,Visualizador de datos,,,,,,,,,,,,,,,,,,,,,,,,,,,Nearshoring,,,,,,,,,Intermediate,,,,,,,,,,,,,,es,,,,,,,,,,,,,,,,,,,USD,,,,https://aprende.org/cursos/view/100432,,,,,,,,,,,,https://fsvc.capacitateparaelempleo.org/CapacitateFS/coursesImages/46ac407b-b57f-4528-9526-ec802f8a90da.png,,,0.0,,,,,,,,,,,,Aprende,,,,,,,,,,,,,True,,,,,,,,,
,,,,,,,,,,,,,,,,,,,Fundamentos de inteligencia artificial,,,,,,,,,,,,,,,,,,,,,,,,,,,Nearshoring,,,,,,,,,Intermediate,,,,,,,,,,,,,,es,,,,,,,,,,,,,,,,,,,USD,,,,https://aprende.org/cursos/view/100433,,,,,,,,,,,,https://fsvc.capacitateparaelempleo.org/CapacitateFS/coursesImages/23599fc4-d7a1-48e6-b320-d8e09e8b9444.png,,,0.0,,,,,,,,,,,,Aprende,,,,,,,,,,,,,True,,,,,,,,,
,,,,,,,,,,,,,,,,,,,Fundamentos de Machine Learning,,,,,,,,,,,,,,,,,,,,,,,,,,,Nearshoring,,,,,,,,,Beginner,,,,,,,,,,,,,,es,,,,,,,,,,,,,,,,,,,USD,,,,https://aprende.org/cursos/view/100434,,,,,,,,,,,,https://fsvc.capacitateparaelempleo.org/CapacitateFS/coursesImages/9e880321-e9e7-4822-ac4a-a76c5761ef49.png,,,0.0,,,,,,,,,,,,Aprende,,,,,,,,,,,,,True,,,,,,,,,
,,,,,,,,,,,,,,,,,,,Diseñador de peticiones para modelos de IA generativa,,,,,,,,,,,,,,,,,,,,,,,,,,,Nearshoring,,,,,,,,,Intermediate,,,,,,,,,,,,,,es,,,,,,,,,,,,,,,,,,,USD,,,,https://aprende.org/cursos/view/100435,,,,,,,,,,,,https://fsvc.capacitateparaelempleo.org/CapacitateFS/coursesImages/d8ab3913-d454-47f1-8563-bece5094f0d1.png,,,0.0,,,,,,,,,,,,Aprende,,,,,,,,,,,,,True,,,,,,,,,
,,,,,,,,,,,,,,,,,,,Fundamentos de blockchain,,,,,,,,,,,,,,,,,,,,,,,,,,,Nearshoring,,,,,,,,,Beginner,,,,,,,,,,,,,,es,,,,,,,,,,,,,,,,,,,USD,,,,https://aprende.org/cursos/view/100436,,,,,,,,,,,,https://fsvc.capacitateparaelempleo.org/CapacitateFS/coursesImages/39a26257-526f-4996-a05a-171527a68c30.png,,,0.0,,,,,,,,,,,,Aprende,,,,,,,,,,,,,True,,,,,,,,,
,,,,,,,,,,,,,,,,,,,Transformación digital y evolución tecnológica,,,,,,,,,,,,,,,,,,,,,,,,,,,Nearshoring,,,,,,,,,Beginner,,,,,,,,,,,,,,es,,,,,,,,,,,,,,,,,,,USD,,,,https://aprende.org/cursos/view/100437,,,,,,,,,,,,https://fsvc.capacitateparaelempleo.org/CapacitateFS/coursesImages/352b9fd9-2161-45da-9407-b86579d08bf5.png,,,0.0,,,,,,,,,,,,Aprende,,,,,,,,,,,,,True,,,,,,,,,
,,,,,,,,,,,,,,,,,,,"Introducción a realidad virtual, aumentada y mixta",,,,,,,,,,,,,,,,,,,,,,,,,,,Nearshoring,,,,,,,,,Intermediate,,,,,,,,,,,,,,es,,,,,,,,,,,,,,,,,,,USD,,,,https://aprende.org/cursos/view/100438,,,,,,,,,,,,https://fsvc.capacitateparaelempleo.org/CapacitateFS/coursesImages/9a2a71b4-59d3-4c60-ac8c-b3857414573e.png,,,0.0,,,,,,,,,,,,Aprende,,,,,,,,,,,,,True,,,,,,,,,
,,,,,,,,,,,,,,,,,,,Realidad virtual inmersiva,,,,,,,,,,,,,,,,,,,,,,,,,,,Nearshoring,,,,,,,,,Beginner,,,,,,,,,,,,,,es,,,,,,,,,,,,,,,,,,,USD,,,,https://aprende.org/cursos/view/100439,,,,,,,,,,,,https://fsvc.capacitateparaelempleo.org/CapacitateFS/coursesImages/4fa5d3b8-8f45-4186-b1bf-34a5080c19e6.png,,,0.0,,,,,,,,,,,,Aprende,,,,,,,,,,,,,True,,,,,,,,,
,,,,,,,,,,,,,,,,,,,Creación de modelos 3D para entornos virtuales,,,,,,,,,,,,,,,,,,,,,,,,,,,Nearshoring,,,,,,,,,Intermediate,,,,,,,,,,,,,,es,,,,,,,,,,,,,,,,,,,USD,,,,https://aprende.org/cursos/view/100440,,,,,,,,,,,,https://fsvc.capacitateparaelempleo.org/CapacitateFS/coursesImages/a4979020-569b-4be4-ba6c-0124fd07809c.png,,,0.0,,,,,,,,,,,,Aprende,,,,,,,,,,,,,True,,,,,,,,,
,,,,,,,,,,,,,,,,,,,Creación de físicas e interfaz con C# para RV y RA,,,,,,,,,,,,,,,,,,,,,,,,,,,Nearshoring,,,,,,,,,Intermediate,,,,,,,,,,,,,,es,,,,,,,,,,,,,,,,,,,USD,,,,https://aprende.org/cursos/view/100441,,,,,,,,,,,,https://fsvc.capacitateparaelempleo.org/CapacitateFS/coursesImages/00ccb640-4fde-4acc-8da9-6b4a03d000bf.png,,,0.0,,,,,,,,,,,,Aprende,,,,,,,,,,,,,True,,,,,,,,,
,,,,,,,,,,,,,,,,,,,Mercadotecnia digital,,,,,,,,,,,,,,,,,,,,,,,,,,,Nearshoring,,,,,,,,,Beginner,,,,,,,,,,,,,,es,,,,,,,,,,,,,,,,,,,USD,,,,https://aprende.org/cursos/view/100442,,,,,,,,,,,,https://fsvc.capacitateparaelempleo.org/CapacitateFS/coursesImages/c572d10e-8a91-420c-9421-63b814bb57d2.png,,,0.0,,,,,,,,,,,,Aprende,,,,,,,,,,,,,True,,,,,,,,,
,,,,,,,,,,,,,,,,,,,Desarrollador de contenido digital,,,,,,,,,,,,,,,,,,,,,,,,,,,Nearshoring,,,,,,,,,Beginner,,,,,,,,,,,,,,es,,,,,,,,,,,,,,,,,,,USD,,,,https://aprende.org/cursos/view/100443,,,,,,,,,,,,https://fsvc.capacitateparaelempleo.org/CapacitateFS/coursesImages/ae9ceb38-60b9-4d82-a19b-3addf0380a91.png,,,0.0,,,,,,,,,,,,Aprende,,,,,,,,,,,,,True,,,,,,,,,
,,,,,,,,,,,,,,,,,,,Gestor de imagen web,,,,,,,,,,,,,,,,,,,,,,,,,,,Nearshoring,,,,,,,,,Beginner,,,,,,,,,,,,,,es,,,,,,,,,,,,,,,,,,,USD,,,,https://aprende.org/cursos/view/100444,,,,,,,,,,,,https://fsvc.capacitateparaelempleo.org/CapacitateFS/coursesImages/7fae7cdd-eca3-449b-9295-1a003ea2195d.png,,,0.0,,,,,,,,,,,,Aprende,,,,,,,,,,,,,True,,,,,,,,,
,,,,,,,,,,,,,,,,,,,Analista de optimización en motores de búsqueda (SEO),,,,,,,,,,,,,,,,,,,,,,,,,,,Nearshoring,,,,,,,,,Beginner,,,,,,,,,,,,,,es,,,,,,,,,,,,,,,,,,,USD,,,,https://aprende.org/cursos/view/100445,,,,,,,,,,,,https://fsvc.capacitateparaelempleo.org/CapacitateFS/coursesImages/04d476ad-eb1e-496a-8092-28483130cd9c.png,,,0.0,,,,,,,,,,,,Aprende,,,,,,,,,,,,,True,,,,,,,,,
,,,,,,,,,,,,,,,,,,,Analista en mercadotecnia de motores de búsqueda (SEM),,,,,,,,,,,,,,,,,,,,,,,,,,,Nearshoring,,,,,,,,,Beginner,,,,,,,,,,,,,,es,,,,,,,,,,,,,,,,,,,USD,,,,https://aprende.org/cursos/view/100446,,,,,,,,,,,,https://fsvc.capacitateparaelempleo.org/CapacitateFS/coursesImages/2a941dbb-c7e3-4ca0-b928-e14e449ed40f.png,,,0.0,,,,,,,,,,,,Aprende,,,,,,,,,,,,,True,,,,,,,,,
,,,,,,,,,,,,,,,,,,,Asesor de energías renovables,,,,,,,,,,,,,,,,,,,,,,,,,,,Nearshoring,,,,,,,,,Beginner,,,,,,,,,,,,,,es,,,,,,,,,,,,,,,,,,,USD,,,,https://aprende.org/cursos/view/100447,,,,,,,,,,,,https://fsvc.capacitateparaelempleo.org/CapacitateFS/coursesImages/248888ba-1e5e-4d87-8e77-6c39c45eae5c.png,,,0.0,,,,,,,,,,,,Aprende,,,,,,,,,,,,,True,,,,,,,,,
,,,,,,,,,,,,,,,,,,,Fundamentos de electrónica digital,,,,,,,,,,,,,,,,,,,,,,,,,,,Nearshoring,,,,,,,,,Beginner,,,,,,,,,,,,,,es,,,,,,,,,,,,,,,,,,,USD,,,,https://aprende.org/cursos/view/100448,,,,,,,,,,,,https://fsvc.capacitateparaelempleo.org/CapacitateFS/coursesImages/a71669ac-4e92-41e0-9f55-5a2c598c9411.png,,,0.0,,,,,,,,,,,,Aprende,,,,,,,,,,,,,True,,,,,,,,,
,,,,,,,,,,,,,,,,,,,Fundamentos de electrónica analógica,,,,,,,,,,,,,,,,,,,,,,,,,,,Nearshoring,,,,,,,,,Beginner,,,,,,,,,,,,,,es,,,,,,,,,,,,,,,,,,,USD,,,,https://aprende.org/cursos/view/100449,,,,,,,,,,,,https://fsvc.capacitateparaelempleo.org/CapacitateFS/coursesImages/08fb7084-c22d-4349-b567-0f1476ffa65b.png,,,0.0,,,,,,,,,,,,Aprende,,,,,,,,,,,,,True,,,,,,,,,
,,,,,,,,,,,,,,,,,,,Técnico en electrónica,,,,,,,,,,,,,,,,,,,,,,,,,,,Nearshoring,,,,,,,,,Beginner,,,,,,,,,,,,,,es,,,,,,,,,,,,,,,,,,,USD,,,,https://aprende.org/cursos/view/100450,,,,,,,,,,,,https://fsvc.capacitateparaelempleo.org/CapacitateFS/coursesImages/28b175c1-c465-419c-86e8-61cc42663b86.png,,,0.0,,,,,,,,,,,,Aprende,,,,,,,,,,,,,True,,,,,,,,,
,,,,,,,,,,,,,,,,,,,Instalador de paneles solares,,,,,,,,,,,,,,,,,,,,,,,,,,,Nearshoring,,,,,,,,,Beginner,,,,,,,,,,,,,,es,,,,,,,,,,,,,,,,,,,USD,,,,https://aprende.org/cursos/view/100451,,,,,,,,,,,,https://fsvc.capacitateparaelempleo.org/CapacitateFS/coursesImages/055d7219-2905-4bd7-92fe-204f98399443.png,,,0.0,,,,,,,,,,,,Aprende,,,,,,,,,,,,,True,,,,,,,,,
,,,,,,,,,,,,,,,,,,,Técnico en instalación de calentadores solares,,,,,,,,,,,,,,,,,,,,,,,,,,,Nearshoring,,,,,,,,,Beginner,,,,,,,,,,,,,,es,,,,,,,,,,,,,,,,,,,USD,,,,https://aprende.org/cursos/view/100452,,,,,,,,,,,,https://fsvc.capacitateparaelempleo.org/CapacitateFS/coursesImages/69631486-e517-4d5b-a905-f20419c65f5b.png,,,0.0,,,,,,,,,,,,Aprende,,,,,,,,,,,,,True,,,,,,,,,
,,,,,,,,,,,,,,,,,,,Cómputo básico,,,,,,,,,,,,,,,,,,,,,,,,,,,Nearshoring,,,,,,,,,Intermediate,,,,,,,,,,,,,,es,,,,,,,,,,,,,,,,,,,USD,,,,https://aprende.org/cursos/view/100453,,,,,,,,,,,,https://fsvc.capacitateparaelempleo.org/CapacitateFS/coursesImages/15f21d33-49b1-4a91-a506-29c438d5f3c5.png,,,0.0,,,,,,,,,,,,Aprende,,,,,,,,,,,,,True,,,,,,,,,
,,,,,,,,,,,,,,,,,,,Conexión a internet en el hogar,,,,,,,,,,,,,,,,,,,,,,,,,,,Nearshoring,,,,,,,,,Intermediate,,,,,,,,,,,,,,es,,,,,,,,,,,,,,,,,,,USD,,,,https://aprende.org/cursos/view/100454,,,,,,,,,,,,https://fsvc.capacitateparaelempleo.org/CapacitateFS/coursesImages/527d92ba-a131-4045-8296-d046c6f5b766.png,,,0.0,,,,,,,,,,,,Aprende,,,,,,,,,,,,,True,,,,,,,,,
,,,,,,,,,,,,,,,,,,,Uso de interfaz de dispositivos móviles,,,,,,,,,,,,,,,,,,,,,,,,,,,Nearshoring,,,,,,,,,Intermediate,,,,,,,,,,,,,,es,,,,,,,,,,,,,,,,,,,USD,,,,https://aprende.org/cursos/view/100455,,,,,,,,,,,,https://fsvc.capacitateparaelempleo.org/CapacitateFS/coursesImages/f4bbb1ee-bcbf-4b0d-a980-1e9d678fbaff.png,,,0.0,,,,,,,,,,,,Aprende,,,,,,,,,,,,,True,,,,,,,,,
,,,,,,,,,,,,,,,,,,,Técnico en informática (Ofimática),,,,,,,,,,,,,,,,,,,,,,,,,,,Nearshoring,,,,,,,,,Intermediate,,,,,,,,,,,,,,es,,,,,,,,,,,,,,,,,,,USD,,,,https://aprende.org/cursos/view/100456,,,,,,,,,,,,https://fsvc.capacitateparaelempleo.org/CapacitateFS/coursesImages/09a6dfee-ca36-44a2-b88d-f5df2543c4ff.png,,,0.0,,,,,,,,,,,,Aprende,,,,,,,,,,,,,True,,,,,,,,,
,,,,,,,,,,,,,,,,,,,Responsabilidad digital,,,,,,,,,,,,,,,,,,,,,,,,,,,Nearshoring,,,,,,,,,Intermediate,,,,,,,,,,,,,,es,,,,,,,,,,,,,,,,,,,USD,,,,https://aprende.org/cursos/view/100457,,,,,,,,,,,,https://fsvc.capacitateparaelempleo.org/CapacitateFS/coursesImages/d537b9d5-aa26-4974-ab61-18899f397e67.png,,,0.0,,,,,,,,,,,,Aprende,,,,,,,,,,,,,True,,,,,,,,,
,,,,,,,,,,,,,,,,,,,Técnico en instalación de energía eólica,,,,,,,,,,,,,,,,,,,,,,,,,,,Nearshoring,,,,,,,,,Beginner,,,,,,,,,,,,,,es,,,,,,,,,,,,,,,,,,,USD,,,,https://aprende.org/cursos/view/100458,,,,,,,,,,,,https://fsvc.capacitateparaelempleo.org/CapacitateFS/coursesImages/7736a148-b02c-4674-a2f9-3b90489390f0.png,,,0.0,,,,,,,,,,,,Aprende,,,,,,,,,,,,,True,,,,,,,,,
,,,,,,,,,,,,,,,,,,,Recuperación de cuerpos de agua,,,,,,,,,,,,,,,,,,,,,,,,,,,Nearshoring,,,,,,,,,Beginner,,,,,,,,,,,,,,es,,,,,,,,,,,,,,,,,,,USD,,,,https://aprende.org/cursos/view/100459,,,,,,,,,,,,https://fsvc.capacitateparaelempleo.org/CapacitateFS/coursesImages/2992710f-658f-4ce5-b7c7-09b7e088e745.png,,,0.0,,,,,,,,,,,,Aprende,,,,,,,,,,,,,True,,,,,,,,,
,,,,,,,,,,,,,,,,,,,Técnico en agua residual (doméstico),,,,,,,,,,,,,,,,,,,,,,,,,,,Nearshoring,,,,,,,,,Beginner,,,,,,,,,,,,,,es,,,,,,,,,,,,,,,,,,,USD,,,,https://aprende.org/cursos/view/100460,,,,,,,,,,,,https://fsvc.capacitateparaelempleo.org/CapacitateFS/coursesImages/884098e3-fa24-4082-b492-03c0b03432b5.png,,,0.0,,,,,,,,,,,,Aprende,,,,,,,,,,,,,True,,,,,,,,,
,,,,,,,,,,,,,,,,,,,Energía hidroeléctrica para autoconsumo,,,,,,,,,,,,,,,,,,,,,,,,,,,Nearshoring,,,,,,,,,Intermediate,,,,,,,,,,,,,,es,,,,,,,,,,,,,,,,,,,USD,,,,https://aprende.org/cursos/view/100461,,,,,,,,,,,,https://fsvc.capacitateparaelempleo.org/CapacitateFS/coursesImages/7cb85ffc-1f16-4116-ad07-ccf6efcd40a6.png,,,0.0,,,,,,,,,,,,Aprende,,,,,,,,,,,,,True,,,,,,,,,
,,,,,,,,,,,,,,,,,,,Productor de biomasa,,,,,,,,,,,,,,,,,,,,,,,,,,,Nearshoring,,,,,,,,,Intermediate,,,,,,,,,,,,,,es,,,,,,,,,,,,,,,,,,,USD,,,,https://aprende.org/cursos/view/100462,,,,,,,,,,,,https://fsvc.capacitateparaelempleo.org/CapacitateFS/coursesImages/b652774b-9e24-4749-b4d2-67f026f7401e.png,,,0.0,,,,,,,,,,,,Aprende,,,,,,,,,,,,,True,,,,,,,,,
,,,,,,,,,,,,,,,,,,,Productor de cultivos energéticos,,,,,,,,,,,,,,,,,,,,,,,,,,,Nearshoring,,,,,,,,,Intermediate,,,,,,,,,,,,,,es,,,,,,,,,,,,,,,,,,,USD,,,,https://aprende.org/cursos/view/100463,,,,,,,,,,,,https://fsvc.capacitateparaelempleo.org/CapacitateFS/coursesImages/4627ca18-3b19-4f27-b131-89ab49088d7c.png,,,0.0,,,,,,,,,,,,Aprende,,,,,,,,,,,,,True,,,,,,,,,
,,,,,,,,,,,,,,,,,,,Electricista,,,,,,,,,,,,,,,,,,,,,,,,,,,Nearshoring,,,,,,,,,Beginner,,,,,,,,,,,,,,es,,,,,,,,,,,,,,,,,,,USD,,,,https://aprende.org/cursos/view/100464,,,,,,,,,,,,https://fsvc.capacitateparaelempleo.org/CapacitateFS/coursesImages/d8283606-6a08-4904-9a9c-155f7d396358.png,,,0.0,,,,,,,,,,,,Aprende,,,,,,,,,,,,,True,,,,,,,,,
,,,,,,,,,,,,,,,,,,,Almacenamiento de energías renovables en baterías,,,,,,,,,,,,,,,,,,,,,,,,,,,Nearshoring,,,,,,,,,Beginner,,,,,,,,,,,,,,es,,,,,,,,,,,,,,,,,,,USD,,,,https://aprende.org/cursos/view/100465,,,,,,,,,,,,https://fsvc.capacitateparaelempleo.org/CapacitateFS/coursesImages/a65635ae-ab68-4590-be3a-03c832f1b9d1.png,,,0.0,,,,,,,,,,,,Aprende,,,,,,,,,,,,,True,,,,,,,,,
,,,,,,,,,,,,,,,,,,,Técnico topógrafo,,,,,,,,,,,,,,,,,,,,,,,,,,,Nearshoring,,,,,,,,,Beginner,,,,,,,,,,,,,,es,,,,,,,,,,,,,,,,,,,USD,,,,https://aprende.org/cursos/view/100466,,,,,,,,,,,,https://fsvc.capacitateparaelempleo.org/CapacitateFS/coursesImages/ad4381bd-864f-43e1-9c06-102e435778d0.png,,,0.0,,,,,,,,,,,,Aprende,,,,,,,,,,,,,True,,,,,,,,,
,,,,,,,,,,,,,,,,,,,Cimentación de una obra,,,,,,,,,,,,,,,,,,,,,,,,,,,Nearshoring,,,,,,,,,Beginner,,,,,,,,,,,,,,es,,,,,,,,,,,,,,,,,,,USD,,,,https://aprende.org/cursos/view/100467,,,,,,,,,,,,https://fsvc.capacitateparaelempleo.org/CapacitateFS/coursesImages/fe2c6556-d9c4-4228-9250-84ee63a57f68.png,,,0.0,,,,,,,,,,,,Aprende,,,,,,,,,,,,,True,,,,,,,,,
,,,,,,,,,,,,,,,,,,,Albañil,,,,,,,,,,,,,,,,,,,,,,,,,,,Nearshoring,,,,,,,,,Beginner,,,,,,,,,,,,,,es,,,,,,,,,,,,,,,,,,,USD,,,,https://aprende.org/cursos/view/100468,,,,,,,,,,,,https://fsvc.capacitateparaelempleo.org/CapacitateFS/coursesImages/9e660492-7442-4a03-b962-189a295022b0.png,,,0.0,,,,,,,,,,,,Aprende,,,,,,,,,,,,,True,,,,,,,,,
,,,,,,,,,,,,,,,,,,,Soldador industrial,,,,,,,,,,,,,,,,,,,,,,,,,,,Nearshoring,,,,,,,,,Intermediate,,,,,,,,,,,,,,es,,,,,,,,,,,,,,,,,,,USD,,,,https://aprende.org/cursos/view/100469,,,,,,,,,,,,https://fsvc.capacitateparaelempleo.org/CapacitateFS/coursesImages/4982fa37-3568-4c0e-8ec2-58d68f29b9f9.png,,,0.0,,,,,,,,,,,,Aprende,,,,,,,,,,,,,True,,,,,,,,,
,,,,,,,,,,,,,,,,,,,"Herrero, balconero, aluminador y forjador",,,,,,,,,,,,,,,,,,,,,,,,,,,Nearshoring,,,,,,,,,Beginner,,,,,,,,,,,,,,es,,,,,,,,,,,,,,,,,,,USD,,,,https://aprende.org/cursos/view/100470,,,,,,,,,,,,https://fsvc.capacitateparaelempleo.org/CapacitateFS/coursesImages/448030ad-5ae8-4685-9e3e-41037b831442.png,,,0.0,,,,,,,,,,,,Aprende,,,,,,,,,,,,,True,,,,,,,,,
,,,,,,,,,,,,,,,,,,,"Plomeros, fontaneros e instaladores de tubería",,,,,,,,,,,,,,,,,,,,,,,,,,,Nearshoring,,,,,,,,,Beginner,,,,,,,,,,,,,,es,,,,,,,,,,,,,,,,,,,USD,,,,https://aprende.org/cursos/view/100472,,,,,,,,,,,,https://fsvc.capacitateparaelempleo.org/CapacitateFS/coursesImages/db2c2fb1-dc82-4827-b9bd-d33bb7349f9b.png,,,0.0,,,,,,,,,,,,Aprende,,,,,,,,,,,,,True,,,,,,,,,
,,,,,,,,,,,,,,,,,,,Instalador de pisos de loseta,,,,,,,,,,,,,,,,,,,,,,,,,,,Nearshoring,,,,,,,,,Beginner,,,,,,,,,,,,,,es,,,,,,,,,,,,,,,,,,,USD,,,,https://aprende.org/cursos/view/100473,,,,,,,,,,,,https://fsvc.capacitateparaelempleo.org/CapacitateFS/coursesImages/d5a1087b-42b2-425b-8652-88262081a7a3.png,,,0.0,,,,,,,,,,,,Aprende,,,,,,,,,,,,,True,,,,,,,,,
,,,,,,,,,,,,,,,,,,,Instalador de paneles de yeso,,,,,,,,,,,,,,,,,,,,,,,,,,,Nearshoring,,,,,,,,,Beginner,,,,,,,,,,,,,,es,,,,,,,,,,,,,,,,,,,USD,,,,https://aprende.org/cursos/view/100474,,,,,,,,,,,,https://fsvc.capacitateparaelempleo.org/CapacitateFS/coursesImages/3502edd8-c937-4a78-9180-4b9d069838ef.png,,,0.0,,,,,,,,,,,,Aprende,,,,,,,,,,,,,True,,,,,,,,,
,,,,,,,,,,,,,,,,,,,Instalador de tejados,,,,,,,,,,,,,,,,,,,,,,,,,,,Nearshoring,,,,,,,,,Beginner,,,,,,,,,,,,,,es,,,,,,,,,,,,,,,,,,,USD,,,,https://aprende.org/cursos/view/100475,,,,,,,,,,,,https://fsvc.capacitateparaelempleo.org/CapacitateFS/coursesImages/6a9e81f9-4adb-4673-8aad-3928cde52032.png,,,0.0,,,,,,,,,,,,Aprende,,,,,,,,,,,,,True,,,,,,,,,
,,,,,,,,,,,,,,,,,,,Diseño de interiores,,,,,,,,,,,,,,,,,,,,,,,,,,,Nearshoring,,,,,,,,,Beginner,,,,,,,,,,,,,,es,,,,,,,,,,,,,,,,,,,USD,,,,https://aprende.org/cursos/view/100476,,,,,,,,,,,,https://fsvc.capacitateparaelempleo.org/CapacitateFS/coursesImages/f0fc8ac7-7939-4dc5-8f78-43bbd389688f.png,,,0.0,,,,,,,,,,,,Aprende,,,,,,,,,,,,,True,,,,,,,,,
,,,,,,,,,,,,,,,,,,,Carpintero,,,,,,,,,,,,,,,,,,,,,,,,,,,Nearshoring,,,,,,,,,Beginner,,,,,,,,,,,,,,es,,,,,,,,,,,,,,,,,,,USD,,,,https://aprende.org/cursos/view/100477,,,,,,,,,,,,https://fsvc.capacitateparaelempleo.org/CapacitateFS/coursesImages/848910f2-a898-4499-9536-9a59149ddac3.png,,,0.0,,,,,,,,,,,,Aprende,,,,,,,,,,,,,True,,,,,,,,,
,,,,,,,,,,,,,,,,,,,Pintor,,,,,,,,,,,,,,,,,,,,,,,,,,,Nearshoring,,,,,,,,,Beginner,,,,,,,,,,,,,,es,,,,,,,,,,,,,,,,,,,USD,,,,https://aprende.org/cursos/view/100478,,,,,,,,,,,,https://fsvc.capacitateparaelempleo.org/CapacitateFS/coursesImages/5f958b4e-ea2b-460e-a144-1fe94d80a988.png,,,0.0,,,,,,,,,,,,Aprende,,,,,,,,,,,,,True,,,,,,,,,
,,,,,,,,,,,,,,,,,,,Reparador de aire acondicionado,,,,,,,,,,,,,,,,,,,,,,,,,,,Nearshoring,,,,,,,,,Beginner,,,,,,,,,,,,,,es,,,,,,,,,,,,,,,,,,,USD,,,,https://aprende.org/cursos/view/100479,,,,,,,,,,,,https://fsvc.capacitateparaelempleo.org/CapacitateFS/coursesImages/f85f3e2a-cb5c-485a-ad67-7af75d5cf014.png,,,0.0,,,,,,,,,,,,Aprende,,,,,,,,,,,,,True,,,,,,,,,
,,,,,,,,,,,,,,,,,,,Autoconstrucción,,,,,,,,,,,,,,,,,,,,,,,,,,,Nearshoring,,,,,,,,,Beginner,,,,,,,,,,,,,,es,,,,,,,,,,,,,,,,,,,USD,,,,https://aprende.org/cursos/view/100480,,,,,,,,,,,,https://fsvc.capacitateparaelempleo.org/CapacitateFS/coursesImages/1304cf13-8ee1-475d-9c60-0e1082a64e45.png,,,0.0,,,,,,,,,,,,Aprende,,,,,,,,,,,,,True,,,,,,,,,
,,,,,,,,,,,,,,,,,,,Guía de autoconstrucción,,,,,,,,,,,,,,,,,,,,,,,,,,,Nearshoring,,,,,,,,,Beginner,,,,,,,,,,,,,,es,,,,,,,,,,,,,,,,,,,USD,,,,https://aprende.org/cursos/view/100481,,,,,,,,,,,,https://fsvc.capacitateparaelempleo.org/CapacitateFS/coursesImages/9a0d26c8-47b7-4f09-9b8b-e2393d5a202a.png,,,0.0,,,,,,,,,,,,Aprende,,,,,,,,,,,,,True,,,,,,,,,
,,,,,,,,,,,,,,,,,,,Banderero,,,,,,,,,,,,,,,,,,,,,,,,,,,Nearshoring,,,,,,,,,Beginner,,,,,,,,,,,,,,es,,,,,,,,,,,,,,,,,,,USD,,,,https://aprende.org/cursos/view/100482,,,,,,,,,,,,https://fsvc.capacitateparaelempleo.org/CapacitateFS/coursesImages/0dda5f21-866a-4e2d-b2c5-54270d7b84be.png,,,0.0,,,,,,,,,,,,Aprende,,,,,,,,,,,,,True,,,,,,,,,
,,,,,,,,,,,,,,,,,,,Auxiliar Operativo,,,,,,,,,,,,,,,,,,,,,,,,,,,Nearshoring,,,,,,,,,Beginner,,,,,,,,,,,,,,es,,,,,,,,,,,,,,,,,,,USD,,,,https://aprende.org/cursos/view/100483,,,,,,,,,,,,https://fsvc.capacitateparaelempleo.org/CapacitateFS/coursesImages/4528ebcb-7145-46d4-a92b-3d349621afb5.png,,,0.0,,,,,,,,,,,,Aprende,,,,,,,,,,,,,True,,,,,,,,,
,,,,,,,,,,,,,,,,,,,Almacenista-montacarguista,,,,,,,,,,,,,,,,,,,,,,,,,,,Nearshoring,,,,,,,,,Beginner,,,,,,,,,,,,,,es,,,,,,,,,,,,,,,,,,,USD,,,,https://aprende.org/cursos/view/100484,,,,,,,,,,,,https://fsvc.capacitateparaelempleo.org/CapacitateFS/coursesImages/e45e730b-2da4-42dd-b65e-f4eaaf6fb222.png,,,0.0,,,,,,,,,,,,Aprende,,,,,,,,,,,,,True,,,,,,,,,
,,,,,,,,,,,,,,,,,,,Formación para conductores,,,,,,,,,,,,,,,,,,,,,,,,,,,Nearshoring,,,,,,,,,Beginner,,,,,,,,,,,,,,es,,,,,,,,,,,,,,,,,,,USD,,,,https://aprende.org/cursos/view/100486,,,,,,,,,,,,https://fsvc.capacitateparaelempleo.org/CapacitateFS/coursesImages/fc840a91-3732-4547-89b3-bd4f810ac9fd.png,,,0.0,,,,,,,,,,,,Aprende,,,,,,,,,,,,,True,,,,,,,,,
,,,,,,,,,,,,,,,,,,,Movilidad no motorizada,,,,,,,,,,,,,,,,,,,,,,,,,,,Nearshoring,,,,,,,,,Beginner,,,,,,,,,,,,,,es,,,,,,,,,,,,,,,,,,,USD,,,,https://aprende.org/cursos/view/100487,,,,,,,,,,,,https://fsvc.capacitateparaelempleo.org/CapacitateFS/coursesImages/0671d7f6-1f16-4414-a2c8-df06574b0bcf.png,,,0.0,,,,,,,,,,,,Aprende,,,,,,,,,,,,,True,,,,,,,,,
,,,,,,,,,,,,,,,,,,,Movilidad motorizada,,,,,,,,,,,,,,,,,,,,,,,,,,,Nearshoring,,,,,,,,,Beginner,,,,,,,,,,,,,,es,,,,,,,,,,,,,,,,,,,USD,,,,https://aprende.org/cursos/view/100488,,,,,,,,,,,,https://fsvc.capacitateparaelempleo.org/CapacitateFS/coursesImages/c5d3ab15-7d22-4a34-b015-1f75842a18b9.png,,,0.0,,,,,,,,,,,,Aprende,,,,,,,,,,,,,True,,,,,,,,,
,,,,,,,,,,,,,,,,,,,Operador de autotransporte,,,,,,,,,,,,,,,,,,,,,,,,,,,Nearshoring,,,,,,,,,Beginner,,,,,,,,,,,,,,es,,,,,,,,,,,,,,,,,,,USD,,,,https://aprende.org/cursos/view/100489,,,,,,,,,,,,https://fsvc.capacitateparaelempleo.org/CapacitateFS/coursesImages/594bd937-b7fc-4cf9-8dc4-7c0b76d0735f.png,,,0.0,,,,,,,,,,,,Aprende,,,,,,,,,,,,,True,,,,,,,,,
,,,,,,,,,,,,,,,,,,,Operación de flotas eficientes,,,,,,,,,,,,,,,,,,,,,,,,,,,Nearshoring,,,,,,,,,Beginner,,,,,,,,,,,,,,es,,,,,,,,,,,,,,,,,,,USD,,,,https://aprende.org/cursos/view/100490,,,,,,,,,,,,https://fsvc.capacitateparaelempleo.org/CapacitateFS/coursesImages/cc807ca4-0960-42df-8ebe-3d4cf14b9f8d.png,,,0.0,,,,,,,,,,,,Aprende,,,,,,,,,,,,,True,,,,,,,,,
,,,,,,,,,,,,,,,,,,,Conductor de transporte ejecutivo,,,,,,,,,,,,,,,,,,,,,,,,,,,Nearshoring,,,,,,,,,Beginner,,,,,,,,,,,,,,es,,,,,,,,,,,,,,,,,,,USD,,,,https://aprende.org/cursos/view/100491,,,,,,,,,,,,https://fsvc.capacitateparaelempleo.org/CapacitateFS/coursesImages/57f6350b-92cf-4d8c-8297-327e744de8e8.png,,,0.0,,,,,,,,,,,,Aprende,,,,,,,,,,,,,True,,,,,,,,,
,,,,,,,,,,,,,,,,,,,Conductor de transporte público,,,,,,,,,,,,,,,,,,,,,,,,,,,Nearshoring,,,,,,,,,Beginner,,,,,,,,,,,,,,es,,,,,,,,,,,,,,,,,,,USD,,,,https://aprende.org/cursos/view/100492,,,,,,,,,,,,https://fsvc.capacitateparaelempleo.org/CapacitateFS/coursesImages/31ac425d-bf3a-4ed7-b25e-52bd50cad173.png,,,0.0,,,,,,,,,,,,Aprende,,,,,,,,,,,,,True,,,,,,,,,
,,,,,,,,,,,,,,,,,,,Profesionalización del autotransporte,,,,,,,,,,,,,,,,,,,,,,,,,,,Nearshoring,,,,,,,,,Beginner,,,,,,,,,,,,,,es,,,,,,,,,,,,,,,,,,,USD,,,,https://aprende.org/cursos/view/100493,,,,,,,,,,,,https://fsvc.capacitateparaelempleo.org/CapacitateFS/coursesImages/63838821-af40-4e8e-a78d-db14edaade7a.png,,,0.0,,,,,,,,,,,,Aprende,,,,,,,,,,,,,True,,,,,,,,,
,,,,,,,,,,,,,,,,,,,Elige un vehículo seguro,,,,,,,,,,,,,,,,,,,,,,,,,,,Nearshoring,,,,,,,,,Beginner,,,,,,,,,,,,,,es,,,,,,,,,,,,,,,,,,,USD,,,,https://aprende.org/cursos/view/100494,,,,,,,,,,,,https://fsvc.capacitateparaelempleo.org/CapacitateFS/coursesImages/835e059f-24ac-4500-8f0b-971951d17f6e.png,,,0.0,,,,,,,,,,,,Aprende,,,,,,,,,,,,,True,,,,,,,,,
,,,,,,,,,,,,,,,,,,,Mecánico automotriz,,,,,,,,,,,,,,,,,,,,,,,,,,,Nearshoring,,,,,,,,,Beginner,,,,,,,,,,,,,,es,,,,,,,,,,,,,,,,,,,USD,,,,https://aprende.org/cursos/view/100495,,,,,,,,,,,,https://fsvc.capacitateparaelempleo.org/CapacitateFS/coursesImages/86f0fc84-2d07-4034-89ea-7b4944cb6778.png,,,0.0,,,,,,,,,,,,Aprende,,,,,,,,,,,,,True,,,,,,,,,
,,,,,,,,,,,,,,,,,,,Cadena de suministro y costo del autotransporte,,,,,,,,,,,,,,,,,,,,,,,,,,,Nearshoring,,,,,,,,,Beginner,,,,,,,,,,,,,,es,,,,,,,,,,,,,,,,,,,USD,,,,https://aprende.org/cursos/view/100496,,,,,,,,,,,,https://fsvc.capacitateparaelempleo.org/CapacitateFS/coursesImages/3f8c217d-a9be-4d33-81b3-dbf273a8df4b.png,,,0.0,,,,,,,,,,,,Aprende,,,,,,,,,,,,,True,,,,,,,,,
,,,,,,,,,,,,,,,,,,,Uso de código QR,,,,,,,,,,,,,,,,,,,,,,,,,,,Nearshoring,,,,,,,,,Beginner,,,,,,,,,,,,,,es,,,,,,,,,,,,,,,,,,,USD,,,,https://aprende.org/cursos/view/100497,,,,,,,,,,,,https://fsvc.capacitateparaelempleo.org/CapacitateFS/coursesImages/3718451d-8c9e-44ad-95b8-f4a877750d28.png,,,0.0,,,,,,,,,,,,Aprende,,,,,,,,,,,,,True,,,,,,,,,
,,,,,,,,,,,,,,,,,,,Plan de producción,,,,,,,,,,,,,,,,,,,,,,,,,,,Nearshoring,,,,,,,,,Beginner,,,,,,,,,,,,,,es,,,,,,,,,,,,,,,,,,,USD,,,,https://aprende.org/cursos/view/100500,,,,,,,,,,,,https://fsvc.capacitateparaelempleo.org/CapacitateFS/coursesImages/8ad42b9e-ff92-4d22-95e2-9d08326e8637.png,,,0.0,,,,,,,,,,,,Aprende,,,,,,,,,,,,,True,,,,,,,,,
,,,,,,,,,,,,,,,,,,,Etiquetado,,,,,,,,,,,,,,,,,,,,,,,,,,,Nearshoring,,,,,,,,,Beginner,,,,,,,,,,,,,,es,,,,,,,,,,,,,,,,,,,USD,,,,https://aprende.org/cursos/view/100501,,,,,,,,,,,,https://fsvc.capacitateparaelempleo.org/CapacitateFS/coursesImages/4c57d132-7b70-41a4-802c-32c3085d67a0.png,,,0.0,,,,,,,,,,,,Aprende,,,,,,,,,,,,,True,,,,,,,,,
,,,,,,,,,,,,,,,,,,,Envasado,,,,,,,,,,,,,,,,,,,,,,,,,,,Nearshoring,,,,,,,,,Beginner,,,,,,,,,,,,,,es,,,,,,,,,,,,,,,,,,,USD,,,,https://aprende.org/cursos/view/100502,,,,,,,,,,,,https://fsvc.capacitateparaelempleo.org/CapacitateFS/coursesImages/4fe6c38b-8def-4eca-b43a-113230155ed2.png,,,0.0,,,,,,,,,,,,Aprende,,,,,,,,,,,,,True,,,,,,,,,
,,,,,,,,,,,,,,,,,,,Supervisor de operaciones,,,,,,,,,,,,,,,,,,,,,,,,,,,Nearshoring,,,,,,,,,Beginner,,,,,,,,,,,,,,es,,,,,,,,,,,,,,,,,,,USD,,,,https://aprende.org/cursos/view/100504,,,,,,,,,,,,https://fsvc.capacitateparaelempleo.org/CapacitateFS/coursesImages/5d6d94f2-6288-4817-ab0f-73cc5259c24a.png,,,0.0,,,,,,,,,,,,Aprende,,,,,,,,,,,,,True,,,,,,,,,
,,,,,,,,,,,,,,,,,,,Comercialización y distribución,,,,,,,,,,,,,,,,,,,,,,,,,,,Nearshoring,,,,,,,,,Beginner,,,,,,,,,,,,,,es,,,,,,,,,,,,,,,,,,,USD,,,,https://aprende.org/cursos/view/100507,,,,,,,,,,,,https://fsvc.capacitateparaelempleo.org/CapacitateFS/coursesImages/e35e9e3c-b074-40cb-97e3-cfb75cf2ec7e.png,,,0.0,,,,,,,,,,,,Aprende,,,,,,,,,,,,,True,,,,,,,,,
,,,,,,,,,,,,,,,,,,,Embalado,,,,,,,,,,,,,,,,,,,,,,,,,,,Nearshoring,,,,,,,,,Beginner,,,,,,,,,,,,,,es,,,,,,,,,,,,,,,,,,,USD,,,,https://aprende.org/cursos/view/100508,,,,,,,,,,,,https://fsvc.capacitateparaelempleo.org/CapacitateFS/coursesImages/6931ec77-fcf6-4f19-8370-84c312bac79c.png,,,0.0,,,,,,,,,,,,Aprende,,,,,,,,,,,,,True,,,,,,,,,
,,,,,,,,,,,,,,,,,,,Diseño de embalajes sostenibles,,,,,,,,,,,,,,,,,,,,,,,,,,,Nearshoring,,,,,,,,,Beginner,,,,,,,,,,,,,,es,,,,,,,,,,,,,,,,,,,USD,,,,https://aprende.org/cursos/view/100509,,,,,,,,,,,,https://fsvc.capacitateparaelempleo.org/CapacitateFS/coursesImages/02953283-23f8-4693-b980-c289b70bd30a.png,,,0.0,,,,,,,,,,,,Aprende,,,,,,,,,,,,,True,,,,,,,,,
,,,,,,,,,,,,,,,,,,,Empaquetado,,,,,,,,,,,,,,,,,,,,,,,,,,,Nearshoring,,,,,,,,,Beginner,,,,,,,,,,,,,,es,,,,,,,,,,,,,,,,,,,USD,,,,https://aprende.org/cursos/view/100510,,,,,,,,,,,,https://fsvc.capacitateparaelempleo.org/CapacitateFS/coursesImages/5c046b43-73f2-4869-a28a-e8be89a5ca56.png,,,0.0,,,,,,,,,,,,Aprende,,,,,,,,,,,,,True,,,,,,,,,
,,,,,,,,,,,,,,,,,,,Repartidor a domicilio,,,,,,,,,,,,,,,,,,,,,,,,,,,Nearshoring,,,,,,,,,Intermediate,,,,,,,,,,,,,,es,,,,,,,,,,,,,,,,,,,USD,,,,https://aprende.org/cursos/view/100514,,,,,,,,,,,,https://fsvc.capacitateparaelempleo.org/CapacitateFS/coursesImages/b5a98d95-7042-4b16-8077-47f30b80690e.png,,,0.0,,,,,,,,,,,,Aprende,,,,,,,,,,,,,True,,,,,,,,,
,,,,,,,,,,,,,,,,,,,Plan de exportación,,,,,,,,,,,,,,,,,,,,,,,,,,,Nearshoring,,,,,,,,,Beginner,,,,,,,,,,,,,,es,,,,,,,,,,,,,,,,,,,USD,,,,https://aprende.org/cursos/view/100515,,,,,,,,,,,,https://fsvc.capacitateparaelempleo.org/CapacitateFS/coursesImages/62a1ebbc-a1cb-4e83-98ba-110f3753f373.png,,,0.0,,,,,,,,,,,,Aprende,,,,,,,,,,,,,True,,,,,,,,,
,,,,,,,,,,,,,,,,,,,Técnico minero,,,,,,,,,,,,,,,,,,,,,,,,,,,Nearshoring,,,,,,,,,Beginner,,,,,,,,,,,,,,es,,,,,,,,,,,,,,,,,,,USD,,,,https://aprende.org/cursos/view/100516,,,,,,,,,,,,https://fsvc.capacitateparaelempleo.org/CapacitateFS/coursesImages/6e8638fd-df1c-45da-8099-9f124554d295.png,,,0.0,,,,,,,,,,,,Aprende,,,,,,,,,,,,,True,,,,,,,,,
,,,,,,,,,,,,,,,,,,,Corte y confección,,,,,,,,,,,,,,,,,,,,,,,,,,,Nearshoring,,,,,,,,,Beginner,,,,,,,,,,,,,,es,,,,,,,,,,,,,,,,,,,USD,,,,https://aprende.org/cursos/view/100517,,,,,,,,,,,,https://fsvc.capacitateparaelempleo.org/CapacitateFS/coursesImages/b8cd99d9-bf52-4c0b-a15b-2d441ed0a332.png,,,0.0,,,,,,,,,,,,Aprende,,,,,,,,,,,,,True,,,,,,,,,
,,,,,,,,,,,,,,,,,,,Planchador,,,,,,,,,,,,,,,,,,,,,,,,,,,Nearshoring,,,,,,,,,Beginner,,,,,,,,,,,,,,es,,,,,,,,,,,,,,,,,,,USD,,,,https://aprende.org/cursos/view/100518,,,,,,,,,,,,https://fsvc.capacitateparaelempleo.org/CapacitateFS/coursesImages/9096af15-45d5-4073-b049-8ab37453b82d.png,,,0.0,,,,,,,,,,,,Aprende,,,,,,,,,,,,,True,,,,,,,,,
,,,,,,,,,,,,,,,,,,,Programa de educación financiera,,,,,,,,,,,,,,,,,,,,,,,,,,,Nearshoring,,,,,,,,,Beginner,,,,,,,,,,,,,,es,,,,,,,,,,,,,,,,,,,USD,,,,https://aprende.org/cursos/view/100519,,,,,,,,,,,,https://fsvc.capacitateparaelempleo.org/CapacitateFS/coursesImages/3d23285b-cd7c-4483-ba07-a8ba02d192f4.png,,,0.0,,,,,,,,,,,,Aprende,,,,,,,,,,,,,True,,,,,,,,,
,,,,,,,,,,,,,,,,,,,Mercados financieros,,,,,,,,,,,,,,,,,,,,,,,,,,,Nearshoring,,,,,,,,,Beginner,,,,,,,,,,,,,,es,,,,,,,,,,,,,,,,,,,USD,,,,https://aprende.org/cursos/view/100520,,,,,,,,,,,,https://fsvc.capacitateparaelempleo.org/CapacitateFS/coursesImages/c1c4e291-adfd-4d17-b394-d2aa97736e9f.png,,,0.0,,,,,,,,,,,,Aprende,,,,,,,,,,,,,True,,,,,,,,,
,,,,,,,,,,,,,,,,,,,Bolsa de valores,,,,,,,,,,,,,,,,,,,,,,,,,,,Nearshoring,,,,,,,,,Beginner,,,,,,,,,,,,,,es,,,,,,,,,,,,,,,,,,,USD,,,,https://aprende.org/cursos/view/100521,,,,,,,,,,,,https://fsvc.capacitateparaelempleo.org/CapacitateFS/coursesImages/a9941cc2-03a0-4638-9e35-7f8bae7ab903.png,,,0.0,,,,,,,,,,,,Aprende,,,,,,,,,,,,,True,,,,,,,,,
,,,,,,,,,,,,,,,,,,,Introducción a la economía,,,,,,,,,,,,,,,,,,,,,,,,,,,Nearshoring,,,,,,,,,Beginner,,,,,,,,,,,,,,es,,,,,,,,,,,,,,,,,,,USD,,,,https://aprende.org/cursos/view/100522,,,,,,,,,,,,https://fsvc.capacitateparaelempleo.org/CapacitateFS/coursesImages/7a13f52a-77d9-45ff-aee3-4f86e408a765.png,,,0.0,,,,,,,,,,,,Aprende,,,,,,,,,,,,,True,,,,,,,,,
,,,,,,,,,,,,,,,,,,,Cultura económica (Introducción),,,,,,,,,,,,,,,,,,,,,,,,,,,Nearshoring,,,,,,,,,Beginner,,,,,,,,,,,,,,es,,,,,,,,,,,,,,,,,,,USD,,,,https://aprende.org/cursos/view/100523,,,,,,,,,,,,https://fsvc.capacitateparaelempleo.org/CapacitateFS/coursesImages/b8a99ca9-0beb-46ac-b0fa-24cdc7bb0a1f.png,,,0.0,,,,,,,,,,,,Aprende,,,,,,,,,,,,,True,,,,,,,,,
,,,,,,,,,,,,,,,,,,,Cultura económica (PIB),,,,,,,,,,,,,,,,,,,,,,,,,,,Nearshoring,,,,,,,,,Beginner,,,,,,,,,,,,,,es,,,,,,,,,,,,,,,,,,,USD,,,,https://aprende.org/cursos/view/100524,,,,,,,,,,,,https://fsvc.capacitateparaelempleo.org/CapacitateFS/coursesImages/e9ebde25-bef7-4980-8de5-52de84a6cddd.png,,,0.0,,,,,,,,,,,,Aprende,,,,,,,,,,,,,True,,,,,,,,,
,,,,,,,,,,,,,,,,,,,Cultura económica (Inflación),,,,,,,,,,,,,,,,,,,,,,,,,,,Nearshoring,,,,,,,,,Beginner,,,,,,,,,,,,,,es,,,,,,,,,,,,,,,,,,,USD,,,,https://aprende.org/cursos/view/100525,,,,,,,,,,,,https://fsvc.capacitateparaelempleo.org/CapacitateFS/coursesImages/4080e988-5df4-421b-b907-c154771afd3f.png,,,0.0,,,,,,,,,,,,Aprende,,,,,,,,,,,,,True,,,,,,,,,
,,,,,,,,,,,,,,,,,,,Finanzas personales,,,,,,,,,,,,,,,,,,,,,,,,,,,Nearshoring,,,,,,,,,Beginner,,,,,,,,,,,,,,es,,,,,,,,,,,,,,,,,,,USD,,,,https://aprende.org/cursos/view/100526,,,,,,,,,,,,https://fsvc.capacitateparaelempleo.org/CapacitateFS/coursesImages/d5895c0a-5365-4ab9-82e1-a68cd82e2bb9.png,,,0.0,,,,,,,,,,,,Aprende,,,,,,,,,,,,,True,,,,,,,,,
,,,,,,,,,,,,,,,,,,,Manejo correcto de las tarjetas de crédito,,,,,,,,,,,,,,,,,,,,,,,,,,,Nearshoring,,,,,,,,,Intermediate,,,,,,,,,,,,,,es,,,,,,,,,,,,,,,,,,,USD,,,,https://aprende.org/cursos/view/100527,,,,,,,,,,,,https://fsvc.capacitateparaelempleo.org/CapacitateFS/coursesImages/3aea8677-d544-4187-bdd6-87906fada8a7.png,,,0.0,,,,,,,,,,,,Aprende,,,,,,,,,,,,,True,,,,,,,,,
,,,,,,,,,,,,,,,,,,,Finanzas para elegir un seguro,,,,,,,,,,,,,,,,,,,,,,,,,,,Nearshoring,,,,,,,,,Beginner,,,,,,,,,,,,,,es,,,,,,,,,,,,,,,,,,,USD,,,,https://aprende.org/cursos/view/100528,,,,,,,,,,,,https://fsvc.capacitateparaelempleo.org/CapacitateFS/coursesImages/384cbc32-3775-4fe2-884a-fff2aaaf8488.png,,,0.0,,,,,,,,,,,,Aprende,,,,,,,,,,,,,True,,,,,,,,,
,,,,,,,,,,,,,,,,,,,Planea tu retiro,,,,,,,,,,,,,,,,,,,,,,,,,,,Nearshoring,,,,,,,,,Beginner,,,,,,,,,,,,,,es,,,,,,,,,,,,,,,,,,,USD,,,,https://aprende.org/cursos/view/100529,,,,,,,,,,,,https://fsvc.capacitateparaelempleo.org/CapacitateFS/coursesImages/46643c5c-70ce-4989-8a07-502fc742a72e.png,,,0.0,,,,,,,,,,,,Aprende,,,,,,,,,,,,,True,,,,,,,,,
,,,,,,,,,,,,,,,,,,,Analista de inversiones personales,,,,,,,,,,,,,,,,,,,,,,,,,,,Nearshoring,,,,,,,,,Intermediate,,,,,,,,,,,,,,es,,,,,,,,,,,,,,,,,,,USD,,,,https://aprende.org/cursos/view/100530,,,,,,,,,,,,https://fsvc.capacitateparaelempleo.org/CapacitateFS/coursesImages/f219b2be-f01a-4755-a8d4-989cfa03f2a3.png,,,0.0,,,,,,,,,,,,Aprende,,,,,,,,,,,,,True,,,,,,,,,
,,,,,,,,,,,,,,,,,,,Introducción al cajero de banco,,,,,,,,,,,,,,,,,,,,,,,,,,,Nearshoring,,,,,,,,,Beginner,,,,,,,,,,,,,,es,,,,,,,,,,,,,,,,,,,USD,,,,https://aprende.org/cursos/view/100531,,,,,,,,,,,,https://fsvc.capacitateparaelempleo.org/CapacitateFS/coursesImages/e71d798e-8992-4146-9fe1-e62557166353.png,,,0.0,,,,,,,,,,,,Aprende,,,,,,,,,,,,,True,,,,,,,,,
,,,,,,,,,,,,,,,,,,,Asesor financiero,,,,,,,,,,,,,,,,,,,,,,,,,,,Nearshoring,,,,,,,,,Beginner,,,,,,,,,,,,,,es,,,,,,,,,,,,,,,,,,,USD,,,,https://aprende.org/cursos/view/100532,,,,,,,,,,,,https://fsvc.capacitateparaelempleo.org/CapacitateFS/coursesImages/56b3d66e-bbed-454d-bbe2-b4d84ba0a4aa.png,,,0.0,,,,,,,,,,,,Aprende,,,,,,,,,,,,,True,,,,,,,,,
,,,,,,,,,,,,,,,,,,,Auxiliar contable,,,,,,,,,,,,,,,,,,,,,,,,,,,Nearshoring,,,,,,,,,Beginner,,,,,,,,,,,,,,es,,,,,,,,,,,,,,,,,,,USD,,,,https://aprende.org/cursos/view/100533,,,,,,,,,,,,https://fsvc.capacitateparaelempleo.org/CapacitateFS/coursesImages/6f3ec707-50fb-4c67-bb8c-dd8d15a48f37.png,,,0.0,,,,,,,,,,,,Aprende,,,,,,,,,,,,,True,,,,,,,,,
,,,,,,,,,,,,,,,,,,,Contabilidad empresarial,,,,,,,,,,,,,,,,,,,,,,,,,,,Nearshoring,,,,,,,,,Beginner,,,,,,,,,,,,,,es,,,,,,,,,,,,,,,,,,,USD,,,,https://aprende.org/cursos/view/100534,,,,,,,,,,,,https://fsvc.capacitateparaelempleo.org/CapacitateFS/coursesImages/d844524f-2eda-407e-8558-b53d9b975da0.png,,,0.0,,,,,,,,,,,,Aprende,,,,,,,,,,,,,True,,,,,,,,,
,,,,,,,,,,,,,,,,,,,Regulación de la interacción digital,,,,,,,,,,,,,,,,,,,,,,,,,,,Nearshoring,,,,,,,,,Intermediate,,,,,,,,,,,,,,es,,,,,,,,,,,,,,,,,,,USD,,,,https://aprende.org/cursos/view/100535,,,,,,,,,,,,https://fsvc.capacitateparaelempleo.org/CapacitateFS/coursesImages/1f609943-5f54-4501-b5ef-0ca20cb8a172.png,,,0.0,,,,,,,,,,,,Aprende,,,,,,,,,,,,,True,,,,,,,,,
,,,,,,,,,,,,,,,,,,,Planea la búsqueda de información,,,,,,,,,,,,,,,,,,,,,,,,,,,Nearshoring,,,,,,,,,Intermediate,,,,,,,,,,,,,,es,,,,,,,,,,,,,,,,,,,USD,,,,https://aprende.org/cursos/view/100536,,,,,,,,,,,,https://fsvc.capacitateparaelempleo.org/CapacitateFS/coursesImages/f0ae1f6c-2cf3-4783-8a1e-a4ed95fcc20f.png,,,0.0,,,,,,,,,,,,Aprende,,,,,,,,,,,,,True,,,,,,,,,
,,,,,,,,,,,,,,,,,,,Uso de información y datos,,,,,,,,,,,,,,,,,,,,,,,,,,,Nearshoring,,,,,,,,,Intermediate,,,,,,,,,,,,,,es,,,,,,,,,,,,,,,,,,,USD,,,,https://aprende.org/cursos/view/100537,,,,,,,,,,,,https://fsvc.capacitateparaelempleo.org/CapacitateFS/coursesImages/e60bbf29-469d-412a-8efa-ca15b95b7e0c.png,,,0.0,,,,,,,,,,,,Aprende,,,,,,,,,,,,,True,,,,,,,,,
,,,,,,,,,,,,,,,,,,,Manejo ético de la información y datos,,,,,,,,,,,,,,,,,,,,,,,,,,,Nearshoring,,,,,,,,,Intermediate,,,,,,,,,,,,,,es,,,,,,,,,,,,,,,,,,,USD,,,,https://aprende.org/cursos/view/100538,,,,,,,,,,,,https://fsvc.capacitateparaelempleo.org/CapacitateFS/coursesImages/83f7f2e6-8b26-4557-bcdf-1bc41ac4d2d6.png,,,0.0,,,,,,,,,,,,Aprende,,,,,,,,,,,,,True,,,,,,,,,
,,,,,,,,,,,,,,,,,,,Identificación de información errónea,,,,,,,,,,,,,,,,,,,,,,,,,,,Nearshoring,,,,,,,,,Intermediate,,,,,,,,,,,,,,es,,,,,,,,,,,,,,,,,,,USD,,,,https://aprende.org/cursos/view/100539,,,,,,,,,,,,https://fsvc.capacitateparaelempleo.org/CapacitateFS/coursesImages/72847575-bf71-4114-8de3-1025fa30a881.png,,,0.0,,,,,,,,,,,,Aprende,,,,,,,,,,,,,True,,,,,,,,,
,,,,,,,,,,,,,,,,,,,Organización y almacenamiento digital de información y datos,,,,,,,,,,,,,,,,,,,,,,,,,,,Nearshoring,,,,,,,,,Intermediate,,,,,,,,,,,,,,es,,,,,,,,,,,,,,,,,,,USD,,,,https://aprende.org/cursos/view/100540,,,,,,,,,,,,https://fsvc.capacitateparaelempleo.org/CapacitateFS/coursesImages/4968c18a-7264-449e-b89f-bc953d8d480f.png,,,0.0,,,,,,,,,,,,Aprende,,,,,,,,,,,,,True,,,,,,,,,
,,,,,,,,,,,,,,,,,,,Finder,,,,,,,,,,,,,,,,,,,,,,,,,,,Nearshoring,,,,,,,,,Beginner,,,,,,,,,,,,,,es,,,,,,,,,,,,,,,,,,,USD,,,,https://aprende.org/cursos/view/100541,,,,,,,,,,,,https://fsvc.capacitateparaelempleo.org/CapacitateFS/coursesImages/bdd3d668-261e-409a-8cb5-db27d47166f7.png,,,0.0,,,,,,,,,,,,Aprende,,,,,,,,,,,,,True,,,,,,,,,
,,,,,,,,,,,,,,,,,,,Uso del correo electrónico,,,,,,,,,,,,,,,,,,,,,,,,,,,Nearshoring,,,,,,,,,Intermediate,,,,,,,,,,,,,,es,,,,,,,,,,,,,,,,,,,USD,,,,https://aprende.org/cursos/view/100542,,,,,,,,,,,,https://fsvc.capacitateparaelempleo.org/CapacitateFS/coursesImages/8f11f723-3e6b-4af8-8d2f-10febd52b0bb.png,,,0.0,,,,,,,,,,,,Aprende,,,,,,,,,,,,,True,,,,,,,,,
,,,,,,,,,,,,,,,,,,,Uso de herramientas colaborativas,,,,,,,,,,,,,,,,,,,,,,,,,,,Nearshoring,,,,,,,,,Intermediate,,,,,,,,,,,,,,es,,,,,,,,,,,,,,,,,,,USD,,,,https://aprende.org/cursos/view/100543,,,,,,,,,,,,https://fsvc.capacitateparaelempleo.org/CapacitateFS/coursesImages/b208785f-85e0-43d9-b0c0-21335c25aeb9.png,,,0.0,,,,,,,,,,,,Aprende,,,,,,,,,,,,,True,,,,,,,,,
,,,,,,,,,,,,,,,,,,,Comunicación por videollamadas,,,,,,,,,,,,,,,,,,,,,,,,,,,Nearshoring,,,,,,,,,Beginner,,,,,,,,,,,,,,es,,,,,,,,,,,,,,,,,,,USD,,,,https://aprende.org/cursos/view/100544,,,,,,,,,,,,https://fsvc.capacitateparaelempleo.org/CapacitateFS/coursesImages/1179d1ec-3d48-4b56-b3cf-5b87ce0e7c8d.png,,,0.0,,,,,,,,,,,,Aprende,,,,,,,,,,,,,True,,,,,,,,,
,,,,,,,,,,,,,,,,,,,Gobernanza TI,,,,,,,,,,,,,,,,,,,,,,,,,,,Nearshoring,,,,,,,,,Beginner,,,,,,,,,,,,,,es,,,,,,,,,,,,,,,,,,,USD,,,,https://aprende.org/cursos/view/100545,,,,,,,,,,,,https://fsvc.capacitateparaelempleo.org/CapacitateFS/coursesImages/f8c09112-bc98-4d57-a75e-0eb7408229d5.png,,,0.0,,,,,,,,,,,,Aprende,,,,,,,,,,,,,True,,,,,,,,,
,,,,,,,,,,,,,,,,,,,Seguridad e Higiene en ambiente laboral,,,,,,,,,,,,,,,,,,,,,,,,,,,Nearshoring,,,,,,,,,Intermediate,,,,,,,,,,,,,,es,,,,,,,,,,,,,,,,,,,USD,,,,https://aprende.org/cursos/view/100546,,,,,,,,,,,,https://fsvc.capacitateparaelempleo.org/CapacitateFS/coursesImages/68d1a346-a382-4b53-8519-6a8608c0395f.png,,,0.0,,,,,,,,,,,,Aprende,,,,,,,,,,,,,True,,,,,,,,,
,,,,,,,,,,,,,,,,,,,Promotor en prevención de accidentes,,,,,,,,,,,,,,,,,,,,,,,,,,,Nearshoring,,,,,,,,,Intermediate,,,,,,,,,,,,,,es,,,,,,,,,,,,,,,,,,,USD,,,,https://aprende.org/cursos/view/100547,,,,,,,,,,,,https://fsvc.capacitateparaelempleo.org/CapacitateFS/coursesImages/f3061a1d-c387-491c-b342-08682faf0bd4.png,,,0.0,,,,,,,,,,,,Aprende,,,,,,,,,,,,,True,,,,,,,,,
,,,,,,,,,,,,,,,,,,,Manejo manual de cargas,,,,,,,,,,,,,,,,,,,,,,,,,,,Nearshoring,,,,,,,,,Intermediate,,,,,,,,,,,,,,es,,,,,,,,,,,,,,,,,,,USD,,,,https://aprende.org/cursos/view/100548,,,,,,,,,,,,https://fsvc.capacitateparaelempleo.org/CapacitateFS/coursesImages/1a7894cd-62c1-45bc-bd0c-516e46c87054.png,,,0.0,,,,,,,,,,,,Aprende,,,,,,,,,,,,,True,,,,,,,,,
,,,,,,,,,,,,,,,,,,,Ergonometría digital,,,,,,,,,,,,,,,,,,,,,,,,,,,Nearshoring,,,,,,,,,Intermediate,,,,,,,,,,,,,,es,,,,,,,,,,,,,,,,,,,USD,,,,https://aprende.org/cursos/view/100549,,,,,,,,,,,,https://fsvc.capacitateparaelempleo.org/CapacitateFS/coursesImages/4eeb86f1-0104-4d0f-9eff-2f9098c34349.png,,,0.0,,,,,,,,,,,,Aprende,,,,,,,,,,,,,True,,,,,,,,,
,,,,,,,,,,,,,,,,,,,Buenas prácticas para el uso de dispositivos electrónicos,,,,,,,,,,,,,,,,,,,,,,,,,,,Nearshoring,,,,,,,,,Beginner,,,,,,,,,,,,,,es,,,,,,,,,,,,,,,,,,,USD,,,,https://aprende.org/cursos/view/100550,,,,,,,,,,,,https://fsvc.capacitateparaelempleo.org/CapacitateFS/coursesImages/9bc1622c-098a-437b-8cb9-368e2894f892.png,,,0.0,,,,,,,,,,,,Aprende,,,,,,,,,,,,,True,,,,,,,,,
,,,,,,,,,,,,,,,,,,,Introducción a Primer Respondiente,,,,,,,,,,,,,,,,,,,,,,,,,,,Nearshoring,,,,,,,,,Intermediate,,,,,,,,,,,,,,es,,,,,,,,,,,,,,,,,,,USD,,,,https://aprende.org/cursos/view/100551,,,,,,,,,,,,https://fsvc.capacitateparaelempleo.org/CapacitateFS/coursesImages/b18002df-81a3-41c3-8e4a-7156e9d05277.png,,,0.0,,,,,,,,,,,,Aprende,,,,,,,,,,,,,True,,,,,,,,,
,,,,,,,,,,,,,,,,,,,Estándares de calidad,,,,,,,,,,,,,,,,,,,,,,,,,,,Nearshoring,,,,,,,,,Intermediate,,,,,,,,,,,,,,es,,,,,,,,,,,,,,,,,,,USD,,,,https://aprende.org/cursos/view/100552,,,,,,,,,,,,https://fsvc.capacitateparaelempleo.org/CapacitateFS/coursesImages/b5306d78-a28a-44dd-af6e-f91b988b02ee.png,,,0.0,,,,,,,,,,,,Aprende,,,,,,,,,,,,,True,,,,,,,,,
,,,,,,,,,,,,,,,,,,,Mejora de procesos,,,,,,,,,,,,,,,,,,,,,,,,,,,Nearshoring,,,,,,,,,Intermediate,,,,,,,,,,,,,,es,,,,,,,,,,,,,,,,,,,USD,,,,https://aprende.org/cursos/view/100553,,,,,,,,,,,,https://fsvc.capacitateparaelempleo.org/CapacitateFS/coursesImages/62e82a74-52b7-4d10-be0a-69f305ceb942.png,,,0.0,,,,,,,,,,,,Aprende,,,,,,,,,,,,,True,,,,,,,,,
,,,,,,,,,,,,,,,,,,,Diseño de indicadores,,,,,,,,,,,,,,,,,,,,,,,,,,,Nearshoring,,,,,,,,,Intermediate,,,,,,,,,,,,,,es,,,,,,,,,,,,,,,,,,,USD,,,,https://aprende.org/cursos/view/100554,,,,,,,,,,,,https://fsvc.capacitateparaelempleo.org/CapacitateFS/coursesImages/e1ba1799-26bc-4b5d-9320-6c223300fa3f.png,,,0.0,,,,,,,,,,,,Aprende,,,,,,,,,,,,,True,,,,,,,,,
,,,,,,,,,,,,,,,,,,,Introducción a la estadística y probabilidad,,,,,,,,,,,,,,,,,,,,,,,,,,,Nearshoring,,,,,,,,,Advanced,,,,,,,,,,,,,,es,,,,,,,,,,,,,,,,,,,USD,,,,https://aprende.org/cursos/view/100555,,,,,,,,,,,,https://fsvc.capacitateparaelempleo.org/CapacitateFS/coursesImages/f05d9ea9-4301-49f0-a368-5fc354ba459a.png,,,0.0,,,,,,,,,,,,Aprende,,,,,,,,,,,,,True,,,,,,,,,
,,,,,,,,,,,,,,,,,,,Manejo de riesgos,,,,,,,,,,,,,,,,,,,,,,,,,,,Nearshoring,,,,,,,,,Intermediate,,,,,,,,,,,,,,es,,,,,,,,,,,,,,,,,,,USD,,,,https://aprende.org/cursos/view/100557,,,,,,,,,,,,https://fsvc.capacitateparaelempleo.org/CapacitateFS/coursesImages/623d20cb-ad8e-42af-9f8f-2596693b7155.png,,,0.0,,,,,,,,,,,,Aprende,,,,,,,,,,,,,True,,,,,,,,,
,,,,,,,,,,,,,,,,,,,Manejo de contingencias,,,,,,,,,,,,,,,,,,,,,,,,,,,Nearshoring,,,,,,,,,Intermediate,,,,,,,,,,,,,,es,,,,,,,,,,,,,,,,,,,USD,,,,https://aprende.org/cursos/view/100558,,,,,,,,,,,,https://fsvc.capacitateparaelempleo.org/CapacitateFS/coursesImages/31f8b0e0-0a78-4647-b06f-7237b06a49a2.png,,,0.0,,,,,,,,,,,,Aprende,,,,,,,,,,,,,True,,,,,,,,,
,,,,,,,,,,,,,,,,,,,Cultura ambiental,,,,,,,,,,,,,,,,,,,,,,,,,,,Nearshoring,,,,,,,,,Intermediate,,,,,,,,,,,,,,es,,,,,,,,,,,,,,,,,,,USD,,,,https://aprende.org/cursos/view/100559,,,,,,,,,,,,https://fsvc.capacitateparaelempleo.org/CapacitateFS/coursesImages/8b5af7a9-9434-4a94-88dc-1d67da019235.png,,,0.0,,,,,,,,,,,,Aprende,,,,,,,,,,,,,True,,,,,,,,,
,,,,,,,,,,,,,,,,,,,Ecología industrial,,,,,,,,,,,,,,,,,,,,,,,,,,,Nearshoring,,,,,,,,,Intermediate,,,,,,,,,,,,,,es,,,,,,,,,,,,,,,,,,,USD,,,,https://aprende.org/cursos/view/100560,,,,,,,,,,,,https://fsvc.capacitateparaelempleo.org/CapacitateFS/coursesImages/35323ed5-c787-4ba4-8f26-83474030771a.png,,,0.0,,,,,,,,,,,,Aprende,,,,,,,,,,,,,True,,,,,,,,,
,,,,,,,,,,,,,,,,,,,Economía circular,,,,,,,,,,,,,,,,,,,,,,,,,,,Nearshoring,,,,,,,,,Intermediate,,,,,,,,,,,,,,es,,,,,,,,,,,,,,,,,,,USD,,,,https://aprende.org/cursos/view/100561,,,,,,,,,,,,https://fsvc.capacitateparaelempleo.org/CapacitateFS/coursesImages/45ebc584-31b4-42b9-88f0-8a6f7f7650d0.png,,,0.0,,,,,,,,,,,,Aprende,,,,,,,,,,,,,True,,,,,,,,,
,,,,,,,,,,,,,,,,,,,Cálculo de huella de carbono,,,,,,,,,,,,,,,,,,,,,,,,,,,Nearshoring,,,,,,,,,Beginner,,,,,,,,,,,,,,es,,,,,,,,,,,,,,,,,,,USD,,,,https://aprende.org/cursos/view/100562,,,,,,,,,,,,https://fsvc.capacitateparaelempleo.org/CapacitateFS/coursesImages/2a940ec7-ad73-499f-8d0f-17f9bd4c909e.png,,,0.0,,,,,,,,,,,,Aprende,,,,,,,,,,,,,True,,,,,,,,,
,,,,,,,,,,,,,,,,,,,Cálculo de huella hídrica,,,,,,,,,,,,,,,,,,,,,,,,,,,Nearshoring,,,,,,,,,Intermediate,,,,,,,,,,,,,,es,,,,,,,,,,,,,,,,,,,USD,,,,https://aprende.org/cursos/view/100563,,,,,,,,,,,,https://fsvc.capacitateparaelempleo.org/CapacitateFS/coursesImages/98d2775b-f823-4c28-9e49-6cc285aeb3e2.png,,,0.0,,,,,,,,,,,,Aprende,,,,,,,,,,,,,True,,,,,,,,,
,,,,,,,,,,,,,,,,,,,Huella digital,,,,,,,,,,,,,,,,,,,,,,,,,,,Nearshoring,,,,,,,,,Intermediate,,,,,,,,,,,,,,es,,,,,,,,,,,,,,,,,,,USD,,,,https://aprende.org/cursos/view/100564,,,,,,,,,,,,https://fsvc.capacitateparaelempleo.org/CapacitateFS/coursesImages/3d276de5-7a31-4073-8ece-d266fb79dea6.png,,,0.0,,,,,,,,,,,,Aprende,,,,,,,,,,,,,True,,,,,,,,,
,,,,,,,,,,,,,,,,,,,Cálculo de huella ecológica,,,,,,,,,,,,,,,,,,,,,,,,,,,Nearshoring,,,,,,,,,Intermediate,,,,,,,,,,,,,,es,,,,,,,,,,,,,,,,,,,USD,,,,https://aprende.org/cursos/view/100565,,,,,,,,,,,,https://fsvc.capacitateparaelempleo.org/CapacitateFS/coursesImages/b0112fe8-2c83-4802-84b8-d64f3ad6ccfb.png,,,0.0,,,,,,,,,,,,Aprende,,,,,,,,,,,,,True,,,,,,,,,
,,,,,,,,,,,,,,,,,,,Asesor de generación de residuos cero,,,,,,,,,,,,,,,,,,,,,,,,,,,Nearshoring,,,,,,,,,Intermediate,,,,,,,,,,,,,,es,,,,,,,,,,,,,,,,,,,USD,,,,https://aprende.org/cursos/view/100566,,,,,,,,,,,,https://fsvc.capacitateparaelempleo.org/CapacitateFS/coursesImages/d0989902-fdfe-4261-802b-bb15fe5d8201.png,,,0.0,,,,,,,,,,,,Aprende,,,,,,,,,,,,,True,,,,,,,,,
,,,,,,,,,,,,,,,,,,,Técnico en manejo de residuos sólidos urbanos,,,,,,,,,,,,,,,,,,,,,,,,,,,Nearshoring,,,,,,,,,Intermediate,,,,,,,,,,,,,,es,,,,,,,,,,,,,,,,,,,USD,,,,https://aprende.org/cursos/view/100567,,,,,,,,,,,,https://fsvc.capacitateparaelempleo.org/CapacitateFS/coursesImages/dd680030-0b0a-4669-8b48-5a20c9f37758.png,,,0.0,,,,,,,,,,,,Aprende,,,,,,,,,,,,,True,,,,,,,,,
,,,,,,,,,,,,,,,,,,,Técnico en reciclaje,,,,,,,,,,,,,,,,,,,,,,,,,,,Nearshoring,,,,,,,,,Intermediate,,,,,,,,,,,,,,es,,,,,,,,,,,,,,,,,,,USD,,,,https://aprende.org/cursos/view/100568,,,,,,,,,,,,https://fsvc.capacitateparaelempleo.org/CapacitateFS/coursesImages/10398b6e-8f95-4c0f-b3c2-df27df668f0c.png,,,0.0,,,,,,,,,,,,Aprende,,,,,,,,,,,,,True,,,,,,,,,
,,,,,,,,,,,,,,,,,,,Técnico en reciclaje,,,,,,,,,,,,,,,,,,,,,,,,,,,Nearshoring,,,,,,,,,Intermediate,,,,,,,,,,,,,,es,,,,,,,,,,,,,,,,,,,USD,,,,https://aprende.org/cursos/view/100569,,,,,,,,,,,,https://fsvc.capacitateparaelempleo.org/CapacitateFS/coursesImages/10398b6e-8f95-4c0f-b3c2-df27df668f0c.png,,,0.0,,,,,,,,,,,,Aprende,,,,,,,,,,,,,True,,,,,,,,,
,,,,,,,,,,,,,,,,,,,Controlador de plagas en espacios urbanos,,,,,,,,,,,,,,,,,,,,,,,,,,,Nearshoring,,,,,,,,,Intermediate,,,,,,,,,,,,,,es,,,,,,,,,,,,,,,,,,,USD,,,,https://aprende.org/cursos/view/100570,,,,,,,,,,,,https://fsvc.capacitateparaelempleo.org/CapacitateFS/coursesImages/18635e61-15d4-4794-8e70-81c99a4ca7b7.png,,,0.0,,,,,,,,,,,,Aprende,,,,,,,,,,,,,True,,,,,,,,,
,,,,,,,,,,,,,,,,,,,Programador de microordenadores,,,,,,,,,,,,,,,,,,,,,,,,,,,Nearshoring,,,,,,,,,Intermediate,,,,,,,,,,,,,,es,,,,,,,,,,,,,,,,,,,USD,,,,https://aprende.org/cursos/view/100574,,,,,,,,,,,,https://fsvc.capacitateparaelempleo.org/CapacitateFS/coursesImages/bb49006c-441b-432f-8f6f-ea7867608f5b.png,,,0.0,,,,,,,,,,,,Aprende,,,,,,,,,,,,,True,,,,,,,,,
,,,,,,,,,,,,,,,,,,,Jefe de mantenimiento,,,,,,,,,,,,,,,,,,,,,,,,,,,Nearshoring,,,,,,,,,Intermediate,,,,,,,,,,,,,,es,,,,,,,,,,,,,,,,,,,USD,,,,https://aprende.org/cursos/view/100575,,,,,,,,,,,,https://fsvc.capacitateparaelempleo.org/CapacitateFS/coursesImages/54e41352-e9e4-4567-8ecb-cb12b039f50f.png,,,0.0,,,,,,,,,,,,Aprende,,,,,,,,,,,,,True,,,,,,,,,
,,,,,,,,,,,,,,,,,,,Armador de arneses eléctricos,,,,,,,,,,,,,,,,,,,,,,,,,,,Nearshoring,,,,,,,,,Intermediate,,,,,,,,,,,,,,es,,,,,,,,,,,,,,,,,,,USD,,,,https://aprende.org/cursos/view/100583,,,,,,,,,,,,https://fsvc.capacitateparaelempleo.org/CapacitateFS/coursesImages/fdb03dc7-c026-4c75-a552-540d9331ee37.png,,,0.0,,,,,,,,,,,,Aprende,,,,,,,,,,,,,True,,,,,,,,,
,,,,,,,,,,,,,,,,,,,Diseñador de circuitos impresos (PCB),,,,,,,,,,,,,,,,,,,,,,,,,,,Nearshoring,,,,,,,,,Intermediate,,,,,,,,,,,,,,es,,,,,,,,,,,,,,,,,,,USD,,,,https://aprende.org/cursos/view/100585,,,,,,,,,,,,https://fsvc.capacitateparaelempleo.org/CapacitateFS/coursesImages/bfa34549-53b8-49fa-a80f-302d9e98de66.png,,,0.0,,,,,,,,,,,,Aprende,,,,,,,,,,,,,True,,,,,,,,,
,,,,,,,,,,,,,,,,,,,Introducción a la programación,,,,,,,,,,,,,,,,,,,,,,,,,,,Nearshoring,,,,,,,,,Intermediate,,,,,,,,,,,,,,es,,,,,,,,,,,,,,,,,,,USD,,,,https://aprende.org/cursos/view/100586,,,,,,,,,,,,https://fsvc.capacitateparaelempleo.org/CapacitateFS/coursesImages/aefc2830-d0aa-4cb4-bdc5-f1b7e03ac283.png,,,0.0,,,,,,,,,,,,Aprende,,,,,,,,,,,,,True,,,,,,,,,
,,,,,,,,,,,,,,,,,,,Lógica de programación,,,,,,,,,,,,,,,,,,,,,,,,,,,Nearshoring,,,,,,,,,Intermediate,,,,,,,,,,,,,,es,,,,,,,,,,,,,,,,,,,USD,,,,https://aprende.org/cursos/view/100587,,,,,,,,,,,,https://fsvc.capacitateparaelempleo.org/CapacitateFS/coursesImages/884edb23-a449-4ba2-b996-28d2544402a7.png,,,0.0,,,,,,,,,,,,Aprende,,,,,,,,,,,,,True,,,,,,,,,
,,,,,,,,,,,,,,,,,,,Programador (orientado a objetos),,,,,,,,,,,,,,,,,,,,,,,,,,,Nearshoring,,,,,,,,,Intermediate,,,,,,,,,,,,,,es,,,,,,,,,,,,,,,,,,,USD,,,,https://aprende.org/cursos/view/100588,,,,,,,,,,,,https://fsvc.capacitateparaelempleo.org/CapacitateFS/coursesImages/7d65b83a-d216-44f3-a77c-bb10b925381b.png,,,0.0,,,,,,,,,,,,Aprende,,,,,,,,,,,,,True,,,,,,,,,
,,,,,,,,,,,,,,,,,,,Programador en C#,,,,,,,,,,,,,,,,,,,,,,,,,,,Nearshoring,,,,,,,,,Beginner,,,,,,,,,,,,,,es,,,,,,,,,,,,,,,,,,,USD,,,,https://aprende.org/cursos/view/100589,,,,,,,,,,,,https://fsvc.capacitateparaelempleo.org/CapacitateFS/coursesImages/4b03f651-346a-493f-8aff-eeccf96a9431.png,,,0.0,,,,,,,,,,,,Aprende,,,,,,,,,,,,,True,,,,,,,,,
,,,,,,,,,,,,,,,,,,,Programador de microcontroladores,,,,,,,,,,,,,,,,,,,,,,,,,,,Nearshoring,,,,,,,,,Intermediate,,,,,,,,,,,,,,es,,,,,,,,,,,,,,,,,,,USD,,,,https://aprende.org/cursos/view/100590,,,,,,,,,,,,https://fsvc.capacitateparaelempleo.org/CapacitateFS/coursesImages/d9f4c731-3171-4992-b90b-588893961768.png,,,0.0,,,,,,,,,,,,Aprende,,,,,,,,,,,,,True,,,,,,,,,
,,,,,,,,,,,,,,,,,,,Desarrollador de interfaces gráficas,,,,,,,,,,,,,,,,,,,,,,,,,,,Nearshoring,,,,,,,,,Intermediate,,,,,,,,,,,,,,es,,,,,,,,,,,,,,,,,,,USD,,,,https://aprende.org/cursos/view/100592,,,,,,,,,,,,https://fsvc.capacitateparaelempleo.org/CapacitateFS/coursesImages/303e3811-f9d4-42b6-bda4-42452154c29a.png,,,0.0,,,,,,,,,,,,Aprende,,,,,,,,,,,,,True,,,,,,,,,
,,,,,,,,,,,,,,,,,,,Desarrollador de aplicaciones móviles,,,,,,,,,,,,,,,,,,,,,,,,,,,Nearshoring,,,,,,,,,Intermediate,,,,,,,,,,,,,,es,,,,,,,,,,,,,,,,,,,USD,,,,https://aprende.org/cursos/view/100593,,,,,,,,,,,,https://fsvc.capacitateparaelempleo.org/CapacitateFS/coursesImages/8a40dc4c-34fb-4877-b185-3551601cc880.png,,,0.0,,,,,,,,,,,,Aprende,,,,,,,,,,,,,True,,,,,,,,,
,,,,,,,,,,,,,,,,,,,Reparador de celulares y tablets,,,,,,,,,,,,,,,,,,,,,,,,,,,Nearshoring,,,,,,,,,Intermediate,,,,,,,,,,,,,,es,,,,,,,,,,,,,,,,,,,USD,,,,https://aprende.org/cursos/view/100594,,,,,,,,,,,,https://fsvc.capacitateparaelempleo.org/CapacitateFS/coursesImages/8c46433e-c8ce-4ab7-8a65-6f6acb8c5b52.png,,,0.0,,,,,,,,,,,,Aprende,,,,,,,,,,,,,True,,,,,,,,,
,,,,,,,,,,,,,,,,,,,Técnico en instalación y reparación de equipo de cómputo,,,,,,,,,,,,,,,,,,,,,,,,,,,Nearshoring,,,,,,,,,Intermediate,,,,,,,,,,,,,,es,,,,,,,,,,,,,,,,,,,USD,,,,https://aprende.org/cursos/view/100595,,,,,,,,,,,,https://fsvc.capacitateparaelempleo.org/CapacitateFS/coursesImages/1e2b808f-7158-4850-90e2-6279af10c891.png,,,0.0,,,,,,,,,,,,Aprende,,,,,,,,,,,,,True,,,,,,,,,
,,,,,,,,,,,,,,,,,,,Técnico en reparación de laptops,,,,,,,,,,,,,,,,,,,,,,,,,,,Nearshoring,,,,,,,,,Intermediate,,,,,,,,,,,,,,es,,,,,,,,,,,,,,,,,,,USD,,,,https://aprende.org/cursos/view/100596,,,,,,,,,,,,https://fsvc.capacitateparaelempleo.org/CapacitateFS/coursesImages/329999cb-df73-4f59-8df5-c72c32a47cc7.png,,,0.0,,,,,,,,,,,,Aprende,,,,,,,,,,,,,True,,,,,,,,,
,,,,,,,,,,,,,,,,,,,Técnico en construcción y reparación de drones,,,,,,,,,,,,,,,,,,,,,,,,,,,Nearshoring,,,,,,,,,Intermediate,,,,,,,,,,,,,,es,,,,,,,,,,,,,,,,,,,USD,,,,https://aprende.org/cursos/view/100597,,,,,,,,,,,,https://fsvc.capacitateparaelempleo.org/CapacitateFS/coursesImages/983d675d-89aa-403c-b606-3a038852eb95.png,,,0.0,,,,,,,,,,,,Aprende,,,,,,,,,,,,,True,,,,,,,,,
,,,,,,,,,,,,,,,,,,,Reparador de TV de plasma y LCD,,,,,,,,,,,,,,,,,,,,,,,,,,,Nearshoring,,,,,,,,,Intermediate,,,,,,,,,,,,,,es,,,,,,,,,,,,,,,,,,,USD,,,,https://aprende.org/cursos/view/100598,,,,,,,,,,,,https://fsvc.capacitateparaelempleo.org/CapacitateFS/coursesImages/33b0ecc3-c784-4276-bd82-01f71789ac11.png,,,0.0,,,,,,,,,,,,Aprende,,,,,,,,,,,,,True,,,,,,,,,
,,,,,,,,,,,,,,,,,,,Diseñador de objetos para impresión 3D,,,,,,,,,,,,,,,,,,,,,,,,,,,Nearshoring,,,,,,,,,Intermediate,,,,,,,,,,,,,,es,,,,,,,,,,,,,,,,,,,USD,,,,https://aprende.org/cursos/view/100599,,,,,,,,,,,,https://fsvc.capacitateparaelempleo.org/CapacitateFS/coursesImages/324979bf-6c72-4282-9954-ebb479aac64f.png,,,0.0,,,,,,,,,,,,Aprende,,,,,,,,,,,,,True,,,,,,,,,
,,,,,,,,,,,,,,,,,,,Operador de impresoras 3D,,,,,,,,,,,,,,,,,,,,,,,,,,,Nearshoring,,,,,,,,,Intermediate,,,,,,,,,,,,,,es,,,,,,,,,,,,,,,,,,,USD,,,,https://aprende.org/cursos/view/100600,,,,,,,,,,,,https://fsvc.capacitateparaelempleo.org/CapacitateFS/coursesImages/20aa06ec-d2ac-48c8-9812-d29c3943c921.png,,,0.0,,,,,,,,,,,,Aprende,,,,,,,,,,,,,True,,,,,,,,,
,,,,,,,,,,,,,,,,,,,Técnico en redes de datos,,,,,,,,,,,,,,,,,,,,,,,,,,,Nearshoring,,,,,,,,,Intermediate,,,,,,,,,,,,,,es,,,,,,,,,,,,,,,,,,,USD,,,,https://aprende.org/cursos/view/100601,,,,,,,,,,,,https://fsvc.capacitateparaelempleo.org/CapacitateFS/coursesImages/dc68998c-398c-46e0-8e99-cca253396064.png,,,0.0,,,,,,,,,,,,Aprende,,,,,,,,,,,,,True,,,,,,,,,
,,,,,,,,,,,,,,,,,,,Desarrollador PHP (Orientado a objetos),,,,,,,,,,,,,,,,,,,,,,,,,,,Nearshoring,,,,,,,,,Intermediate,,,,,,,,,,,,,,es,,,,,,,,,,,,,,,,,,,USD,,,,https://aprende.org/cursos/view/100603,,,,,,,,,,,,https://fsvc.capacitateparaelempleo.org/CapacitateFS/coursesImages/e9fb6005-d064-4932-a063-e33a5d631e87.png,,,0.0,,,,,,,,,,,,Aprende,,,,,,,,,,,,,True,,,,,,,,,
,,,,,,,,,,,,,,,,,,,Paradigma de programación (orientado a objetos),,,,,,,,,,,,,,,,,,,,,,,,,,,Nearshoring,,,,,,,,,Intermediate,,,,,,,,,,,,,,es,,,,,,,,,,,,,,,,,,,USD,,,,https://aprende.org/cursos/view/100606,,,,,,,,,,,,https://fsvc.capacitateparaelempleo.org/CapacitateFS/coursesImages/032f354e-fc03-4236-9888-2850abdf2b86.png,,,0.0,,,,,,,,,,,,Aprende,,,,,,,,,,,,,True,,,,,,,,,
,,,,,,,,,,,,,,,,,,,Fundamentos de estructura de datos,,,,,,,,,,,,,,,,,,,,,,,,,,,Nearshoring,,,,,,,,,Intermediate,,,,,,,,,,,,,,es,,,,,,,,,,,,,,,,,,,USD,,,,https://aprende.org/cursos/view/100608,,,,,,,,,,,,https://fsvc.capacitateparaelempleo.org/CapacitateFS/coursesImages/966e0c67-c456-4dce-b5b8-f6e0e5d08378.png,,,0.0,,,,,,,,,,,,Aprende,,,,,,,,,,,,,True,,,,,,,,,
,,,,,,,,,,,,,,,,,,,Desarrollador de videojuegos,,,,,,,,,,,,,,,,,,,,,,,,,,,Nearshoring,,,,,,,,,Intermediate,,,,,,,,,,,,,,es,,,,,,,,,,,,,,,,,,,USD,,,,https://aprende.org/cursos/view/100610,,,,,,,,,,,,https://fsvc.capacitateparaelempleo.org/CapacitateFS/coursesImages/ddf4f3fb-a013-45b6-bfa4-594070b2cf8a.png,,,0.0,,,,,,,,,,,,Aprende,,,,,,,,,,,,,True,,,,,,,,,
,,,,,,,,,,,,,,,,,,,Control de versiones,,,,,,,,,,,,,,,,,,,,,,,,,,,Nearshoring,,,,,,,,,Intermediate,,,,,,,,,,,,,,es,,,,,,,,,,,,,,,,,,,USD,,,,https://aprende.org/cursos/view/100611,,,,,,,,,,,,https://fsvc.capacitateparaelempleo.org/CapacitateFS/coursesImages/3f1a4f15-3ddf-419c-b9a9-04d87ac50617.png,,,0.0,,,,,,,,,,,,Aprende,,,,,,,,,,,,,True,,,,,,,,,
,,,,,,,,,,,,,,,,,,,Tester,,,,,,,,,,,,,,,,,,,,,,,,,,,Nearshoring,,,,,,,,,Intermediate,,,,,,,,,,,,,,es,,,,,,,,,,,,,,,,,,,USD,,,,https://aprende.org/cursos/view/100612,,,,,,,,,,,,https://fsvc.capacitateparaelempleo.org/CapacitateFS/coursesImages/0b309949-2bbd-414d-987e-debc8d2d78f4.png,,,0.0,,,,,,,,,,,,Aprende,,,,,,,,,,,,,True,,,,,,,,,
,,,,,,,,,,,,,,,,,,,Gestiona tu portafolio como desarrollador,,,,,,,,,,,,,,,,,,,,,,,,,,,Nearshoring,,,,,,,,,Intermediate,,,,,,,,,,,,,,es,,,,,,,,,,,,,,,,,,,USD,,,,https://aprende.org/cursos/view/100613,,,,,,,,,,,,https://fsvc.capacitateparaelempleo.org/CapacitateFS/coursesImages/1dff3a31-9359-4b8f-ac9f-7a9e64402449.png,,,0.0,,,,,,,,,,,,Aprende,,,,,,,,,,,,,True,,,,,,,,,
,,,,,,,,,,,,,,,,,,,Asistente web,,,,,,,,,,,,,,,,,,,,,,,,,,,Nearshoring,,,,,,,,,Intermediate,,,,,,,,,,,,,,es,,,,,,,,,,,,,,,,,,,USD,,,,https://aprende.org/cursos/view/100614,,,,,,,,,,,,https://fsvc.capacitateparaelempleo.org/CapacitateFS/coursesImages/7bac42c6-6a7b-42e6-8ebe-566b7cff6f40.png,,,0.0,,,,,,,,,,,,Aprende,,,,,,,,,,,,,True,,,,,,,,,
,,,,,,,,,,,,,,,,,,,Preprocesadores de estilo,,,,,,,,,,,,,,,,,,,,,,,,,,,Nearshoring,,,,,,,,,Intermediate,,,,,,,,,,,,,,es,,,,,,,,,,,,,,,,,,,USD,,,,https://aprende.org/cursos/view/100615,,,,,,,,,,,,https://fsvc.capacitateparaelempleo.org/CapacitateFS/coursesImages/3f5ab5b9-5e3f-4cb2-b901-12d978c339c0.png,,,0.0,,,,,,,,,,,,Aprende,,,,,,,,,,,,,True,,,,,,,,,
,,,,,,,,,,,,,,,,,,,Postprocesadores de estilo,,,,,,,,,,,,,,,,,,,,,,,,,,,Nearshoring,,,,,,,,,Intermediate,,,,,,,,,,,,,,es,,,,,,,,,,,,,,,,,,,USD,,,,https://aprende.org/cursos/view/100616,,,,,,,,,,,,https://fsvc.capacitateparaelempleo.org/CapacitateFS/coursesImages/cebe3de4-4947-4f30-8e19-a0afaf5df507.png,,,0.0,,,,,,,,,,,,Aprende,,,,,,,,,,,,,True,,,,,,,,,
,,,,,,,,,,,,,,,,,,,Diseñador de experiencia de usuario (UX),,,,,,,,,,,,,,,,,,,,,,,,,,,Nearshoring,,,,,,,,,Intermediate,,,,,,,,,,,,,,es,,,,,,,,,,,,,,,,,,,USD,,,,https://aprende.org/cursos/view/100617,,,,,,,,,,,,https://fsvc.capacitateparaelempleo.org/CapacitateFS/coursesImages/ff7a1410-f68d-40c7-95cd-dc2a23bd9215.png,,,0.0,,,,,,,,,,,,Aprende,,,,,,,,,,,,,True,,,,,,,,,
,,,,,,,,,,,,,,,,,,,Evaluador de experiencia de usuario (UX),,,,,,,,,,,,,,,,,,,,,,,,,,,Nearshoring,,,,,,,,,Intermediate,,,,,,,,,,,,,,es,,,,,,,,,,,,,,,,,,,USD,,,,https://aprende.org/cursos/view/100618,,,,,,,,,,,,https://fsvc.capacitateparaelempleo.org/CapacitateFS/coursesImages/6cdf65c7-aa00-40c4-b400-3eb759d2cf72.png,,,0.0,,,,,,,,,,,,Aprende,,,,,,,,,,,,,True,,,,,,,,,
,,,,,,,,,,,,,,,,,,,Desarrollador Front-end,,,,,,,,,,,,,,,,,,,,,,,,,,,Nearshoring,,,,,,,,,Intermediate,,,,,,,,,,,,,,es,,,,,,,,,,,,,,,,,,,USD,,,,https://aprende.org/cursos/view/100619,,,,,,,,,,,,https://fsvc.capacitateparaelempleo.org/CapacitateFS/coursesImages/00f79d87-4a44-4eac-a426-bb794db9e317.png,,,0.0,,,,,,,,,,,,Aprende,,,,,,,,,,,,,True,,,,,,,,,
,,,,,,,,,,,,,,,,,,,Desarrollador de sitios web responsivos,,,,,,,,,,,,,,,,,,,,,,,,,,,Nearshoring,,,,,,,,,Intermediate,,,,,,,,,,,,,,es,,,,,,,,,,,,,,,,,,,USD,,,,https://aprende.org/cursos/view/100620,,,,,,,,,,,,https://fsvc.capacitateparaelempleo.org/CapacitateFS/coursesImages/d6df3193-21f4-4197-95aa-9d85061f0b86.png,,,0.0,,,,,,,,,,,,Aprende,,,,,,,,,,,,,True,,,,,,,,,
,,,,,,,,,,,,,,,,,,,Desarrollador de JavaScript (React),,,,,,,,,,,,,,,,,,,,,,,,,,,Nearshoring,,,,,,,,,Intermediate,,,,,,,,,,,,,,es,,,,,,,,,,,,,,,,,,,USD,,,,https://aprende.org/cursos/view/100621,,,,,,,,,,,,https://fsvc.capacitateparaelempleo.org/CapacitateFS/coursesImages/99628eaa-274e-430c-9666-0cb43afa1d42.png,,,0.0,,,,,,,,,,,,Aprende,,,,,,,,,,,,,True,,,,,,,,,
,,,,,,,,,,,,,,,,,,,Desarrollador Back-end,,,,,,,,,,,,,,,,,,,,,,,,,,,Nearshoring,,,,,,,,,Intermediate,,,,,,,,,,,,,,es,,,,,,,,,,,,,,,,,,,USD,,,,https://aprende.org/cursos/view/100622,,,,,,,,,,,,https://fsvc.capacitateparaelempleo.org/CapacitateFS/coursesImages/26afe79f-48dd-4497-b491-ebeaa0d57757.png,,,0.0,,,,,,,,,,,,Aprende,,,,,,,,,,,,,True,,,,,,,,,
,,,,,,,,,,,,,,,,,,,Desarrollador de JavaScript (Node JS),,,,,,,,,,,,,,,,,,,,,,,,,,,Nearshoring,,,,,,,,,Intermediate,,,,,,,,,,,,,,es,,,,,,,,,,,,,,,,,,,USD,,,,https://aprende.org/cursos/view/100623,,,,,,,,,,,,https://fsvc.capacitateparaelempleo.org/CapacitateFS/coursesImages/37f0f50b-cc69-42ee-bc75-e75b5f3f5e6c.png,,,0.0,,,,,,,,,,,,Aprende,,,,,,,,,,,,,True,,,,,,,,,
,,,,,,,,,,,,,,,,,,,Desarrollo móvil en línea,,,,,,,,,,,,,,,,,,,,,,,,,,,Nearshoring,,,,,,,,,Intermediate,,,,,,,,,,,,,,es,,,,,,,,,,,,,,,,,,,USD,,,,https://aprende.org/cursos/view/100624,,,,,,,,,,,,https://fsvc.capacitateparaelempleo.org/CapacitateFS/coursesImages/c832696d-a17e-4b52-b12a-651684c71bb3.png,,,0.0,,,,,,,,,,,,Aprende,,,,,,,,,,,,,True,,,,,,,,,
,,,,,,,,,,,,,,,,,,,Curador de datos,,,,,,,,,,,,,,,,,,,,,,,,,,,Nearshoring,,,,,,,,,Intermediate,,,,,,,,,,,,,,es,,,,,,,,,,,,,,,,,,,USD,,,,https://aprende.org/cursos/view/100625,,,,,,,,,,,,https://fsvc.capacitateparaelempleo.org/CapacitateFS/coursesImages/e56a4e14-36f8-44bd-91b9-f4564214eb88.png,,,0.0,,,,,,,,,,,,Aprende,,,,,,,,,,,,,True,,,,,,,,,
,,,,,,,,,,,,,,,,,,,Administrador de bases de datos,,,,,,,,,,,,,,,,,,,,,,,,,,,Nearshoring,,,,,,,,,Intermediate,,,,,,,,,,,,,,es,,,,,,,,,,,,,,,,,,,USD,,,,https://aprende.org/cursos/view/100626,,,,,,,,,,,,https://fsvc.capacitateparaelempleo.org/CapacitateFS/coursesImages/30040080-a3fb-4b85-8cab-4aed4f06b90a.png,,,0.0,,,,,,,,,,,,Aprende,,,,,,,,,,,,,True,,,,,,,,,
,,,,,,,,,,,,,,,,,,,Administrador de bases de datos relacionales,,,,,,,,,,,,,,,,,,,,,,,,,,,Nearshoring,,,,,,,,,Intermediate,,,,,,,,,,,,,,es,,,,,,,,,,,,,,,,,,,USD,,,,https://aprende.org/cursos/view/100627,,,,,,,,,,,,https://fsvc.capacitateparaelempleo.org/CapacitateFS/coursesImages/6ddfc053-5411-45b2-ba33-eccb193eb14e.png,,,0.0,,,,,,,,,,,,Aprende,,,,,,,,,,,,,True,,,,,,,,,
,,,,,,,,,,,,,,,,,,,Administrador de bases de datos no relacionales,,,,,,,,,,,,,,,,,,,,,,,,,,,Nearshoring,,,,,,,,,Intermediate,,,,,,,,,,,,,,es,,,,,,,,,,,,,,,,,,,USD,,,,https://aprende.org/cursos/view/100628,,,,,,,,,,,,https://fsvc.capacitateparaelempleo.org/CapacitateFS/coursesImages/2eb4af96-19c6-46f7-be9f-773dec02bce4.png,,,0.0,,,,,,,,,,,,Aprende,,,,,,,,,,,,,True,,,,,,,,,
,,,,,,,,,,,,,,,,,,,Administrador de servidores,,,,,,,,,,,,,,,,,,,,,,,,,,,Nearshoring,,,,,,,,,Intermediate,,,,,,,,,,,,,,es,,,,,,,,,,,,,,,,,,,USD,,,,https://aprende.org/cursos/view/100629,,,,,,,,,,,,https://fsvc.capacitateparaelempleo.org/CapacitateFS/coursesImages/ef8bb2f9-f3be-47a4-ad47-ad134cb6c66e.png,,,0.0,,,,,,,,,,,,Aprende,,,,,,,,,,,,,True,,,,,,,,,
,,,,,,,,,,,,,,,,,,,Técnico en seguridad informática (servidores),,,,,,,,,,,,,,,,,,,,,,,,,,,Nearshoring,,,,,,,,,Intermediate,,,,,,,,,,,,,,es,,,,,,,,,,,,,,,,,,,USD,,,,https://aprende.org/cursos/view/100630,,,,,,,,,,,,https://fsvc.capacitateparaelempleo.org/CapacitateFS/coursesImages/6cf120b9-6b25-43cf-93fc-2cf2052c942c.png,,,0.0,,,,,,,,,,,,Aprende,,,,,,,,,,,,,True,,,,,,,,,
,,,,,,,,,,,,,,,,,,,Fundamentos del cómputo en la nube,,,,,,,,,,,,,,,,,,,,,,,,,,,Nearshoring,,,,,,,,,Intermediate,,,,,,,,,,,,,,es,,,,,,,,,,,,,,,,,,,USD,,,,https://aprende.org/cursos/view/100631,,,,,,,,,,,,https://fsvc.capacitateparaelempleo.org/CapacitateFS/coursesImages/593835be-5a1b-47cd-8c62-78748284ee18.png,,,0.0,,,,,,,,,,,,Aprende,,,,,,,,,,,,,True,,,,,,,,,
,,,,,,,,,,,,,,,,,,,Fundamentos de virtualización,,,,,,,,,,,,,,,,,,,,,,,,,,,Nearshoring,,,,,,,,,Intermediate,,,,,,,,,,,,,,es,,,,,,,,,,,,,,,,,,,USD,,,,https://aprende.org/cursos/view/100632,,,,,,,,,,,,https://fsvc.capacitateparaelempleo.org/CapacitateFS/coursesImages/fce8c20e-2370-4322-810a-57e6bc85aaf5.png,,,0.0,,,,,,,,,,,,Aprende,,,,,,,,,,,,,True,,,,,,,,,
,,,,,,,,,,,,,,,,,,,Asesor de servicios de infraestructura en la nube,,,,,,,,,,,,,,,,,,,,,,,,,,,Nearshoring,,,,,,,,,Intermediate,,,,,,,,,,,,,,es,,,,,,,,,,,,,,,,,,,USD,,,,https://aprende.org/cursos/view/100633,,,,,,,,,,,,https://fsvc.capacitateparaelempleo.org/CapacitateFS/coursesImages/ef8b91c9-22c8-4977-b03c-85c542ab2e1e.png,,,0.0,,,,,,,,,,,,Aprende,,,,,,,,,,,,,True,,,,,,,,,
,,,,,,,,,,,,,,,,,,,Administrador de la nube,,,,,,,,,,,,,,,,,,,,,,,,,,,Nearshoring,,,,,,,,,Intermediate,,,,,,,,,,,,,,es,,,,,,,,,,,,,,,,,,,USD,,,,https://aprende.org/cursos/view/100634,,,,,,,,,,,,https://fsvc.capacitateparaelempleo.org/CapacitateFS/coursesImages/cf0c01c0-3232-4cf3-b837-731549b35b7a.png,,,0.0,,,,,,,,,,,,Aprende,,,,,,,,,,,,,True,,,,,,,,,
,,,,,,,,,,,,,,,,,,,Técnico en seguridad en la nube,,,,,,,,,,,,,,,,,,,,,,,,,,,Nearshoring,,,,,,,,,Intermediate,,,,,,,,,,,,,,es,,,,,,,,,,,,,,,,,,,USD,,,,https://aprende.org/cursos/view/100635,,,,,,,,,,,,https://fsvc.capacitateparaelempleo.org/CapacitateFS/coursesImages/869546ee-ec32-4660-9694-c06fbaff646a.png,,,0.0,,,,,,,,,,,,Aprende,,,,,,,,,,,,,True,,,,,,,,,
,,,,,,,,,,,,,,,,,,,Desarrollador de aplicaciones en la nube,,,,,,,,,,,,,,,,,,,,,,,,,,,Nearshoring,,,,,,,,,Intermediate,,,,,,,,,,,,,,es,,,,,,,,,,,,,,,,,,,USD,,,,https://aprende.org/cursos/view/100636,,,,,,,,,,,,https://fsvc.capacitateparaelempleo.org/CapacitateFS/coursesImages/db6902eb-b3c1-46ff-8e33-a2dd22c84676.png,,,0.0,,,,,,,,,,,,Aprende,,,,,,,,,,,,,True,,,,,,,,,
,,,,,,,,,,,,,,,,,,,Fundamentos de seguridad informática,,,,,,,,,,,,,,,,,,,,,,,,,,,Nearshoring,,,,,,,,,Intermediate,,,,,,,,,,,,,,es,,,,,,,,,,,,,,,,,,,USD,,,,https://aprende.org/cursos/view/100637,,,,,,,,,,,,https://fsvc.capacitateparaelempleo.org/CapacitateFS/coursesImages/e6179a35-66fd-4ef4-a27a-a8a373fdc089.png,,,0.0,,,,,,,,,,,,Aprende,,,,,,,,,,,,,True,,,,,,,,,
,,,,,,,,,,,,,,,,,,,Seguridad en dispositivos móviles y aplicativos (datos personales),,,,,,,,,,,,,,,,,,,,,,,,,,,Nearshoring,,,,,,,,,Intermediate,,,,,,,,,,,,,,es,,,,,,,,,,,,,,,,,,,USD,,,,https://aprende.org/cursos/view/100638,,,,,,,,,,,,https://fsvc.capacitateparaelempleo.org/CapacitateFS/coursesImages/f1186b97-d8e0-4dbf-bf89-b3db44f73f74.png,,,0.0,,,,,,,,,,,,Aprende,,,,,,,,,,,,,True,,,,,,,,,
,,,,,,,,,,,,,,,,,,,Seguridad y privacidad en el manejo de información (Regulación),,,,,,,,,,,,,,,,,,,,,,,,,,,Nearshoring,,,,,,,,,Intermediate,,,,,,,,,,,,,,es,,,,,,,,,,,,,,,,,,,USD,,,,https://aprende.org/cursos/view/100639,,,,,,,,,,,,https://fsvc.capacitateparaelempleo.org/CapacitateFS/coursesImages/b66355d1-2501-44d1-962c-df0669a861ed.png,,,0.0,,,,,,,,,,,,Aprende,,,,,,,,,,,,,True,,,,,,,,,
,,,,,,,,,,,,,,,,,,,Guía de autoconstrucción,,,,,,,,,,,,,,,,,,,,,,,,,,,Nearshoring,,,,,,,,,Beginner,,,,,,,,,,,,,,es,,,,,,,,,,,,,,,,,,,USD,,,,https://aprende.org/cursos/view/100641,,,,,,,,,,,,https://fsvc.capacitateparaelempleo.org/CapacitateFS/coursesImages/9a0d26c8-47b7-4f09-9b8b-e2393d5a202a.png,,,0.0,,,,,,,,,,,,Aprende,,,,,,,,,,,,,True,,,,,,,,,
,,,,,,,,,,,,,,,,,,,Técnico instalador de cableado estructurado,,,,,,,,,,,,,,,,,,,,,,,,,,,Nearshoring,,,,,,,,,Beginner,,,,,,,,,,,,,,es,,,,,,,,,,,,,,,,,,,USD,,,,https://aprende.org/cursos/view/100642,,,,,,,,,,,,https://fsvc.capacitateparaelempleo.org/CapacitateFS/coursesImages/0dfaf040-ecdc-45eb-9697-7c8207539b30.png,,,0.0,,,,,,,,,,,,Aprende,,,,,,,,,,,,,True,,,,,,,,,
,,,,,,,,,,,,,,,,,,,Instalador de cables de cobre,,,,,,,,,,,,,,,,,,,,,,,,,,,Nearshoring,,,,,,,,,Beginner,,,,,,,,,,,,,,es,,,,,,,,,,,,,,,,,,,USD,,,,https://aprende.org/cursos/view/100643,,,,,,,,,,,,https://fsvc.capacitateparaelempleo.org/CapacitateFS/coursesImages/0341c438-b4ad-4e63-a03e-9a99be09bbff.png,,,0.0,,,,,,,,,,,,Aprende,,,,,,,,,,,,,True,,,,,,,,,
,,,,,,,,,,,,,,,,,,,Técnico en redes IP,,,,,,,,,,,,,,,,,,,,,,,,,,,Nearshoring,,,,,,,,,Beginner,,,,,,,,,,,,,,es,,,,,,,,,,,,,,,,,,,USD,,,,https://aprende.org/cursos/view/100644,,,,,,,,,,,,https://fsvc.capacitateparaelempleo.org/CapacitateFS/coursesImages/29f069c2-dbf9-49b6-96c4-81c327866aae.png,,,0.0,,,,,,,,,,,,Aprende,,,,,,,,,,,,,True,,,,,,,,,
,,,,,,,,,,,,,,,,,,,Instalador de fibra óptica,,,,,,,,,,,,,,,,,,,,,,,,,,,Nearshoring,,,,,,,,,Beginner,,,,,,,,,,,,,,es,,,,,,,,,,,,,,,,,,,USD,,,,https://aprende.org/cursos/view/100645,,,,,,,,,,,,https://fsvc.capacitateparaelempleo.org/CapacitateFS/coursesImages/8f63ffe9-4678-4d55-a5f2-c58c339bc2ac.png,,,0.0,,,,,,,,,,,,Aprende,,,,,,,,,,,,,True,,,,,,,,,
,,,,,,,,,,,,,,,,,,,Técnico en comunicaciones por microondas,,,,,,,,,,,,,,,,,,,,,,,,,,,Nearshoring,,,,,,,,,Beginner,,,,,,,,,,,,,,es,,,,,,,,,,,,,,,,,,,USD,,,,https://aprende.org/cursos/view/100646,,,,,,,,,,,,https://fsvc.capacitateparaelempleo.org/CapacitateFS/coursesImages/40e82d7b-e901-4e1c-a8ee-cb2b2c134888.png,,,0.0,,,,,,,,,,,,Aprende,,,,,,,,,,,,,True,,,,,,,,,
,,,,,,,,,,,,,,,,,,,Técnico en comunicaciones inalámbricas,,,,,,,,,,,,,,,,,,,,,,,,,,,Nearshoring,,,,,,,,,Beginner,,,,,,,,,,,,,,es,,,,,,,,,,,,,,,,,,,USD,,,,https://aprende.org/cursos/view/100647,,,,,,,,,,,,https://fsvc.capacitateparaelempleo.org/CapacitateFS/coursesImages/f4f8c480-db10-49d0-9647-be69e4366fe9.png,,,0.0,,,,,,,,,,,,Aprende,,,,,,,,,,,,,True,,,,,,,,,
,,,,,,,,,,,,,,,,,,,Técnico en radiofrecuencia,,,,,,,,,,,,,,,,,,,,,,,,,,,Nearshoring,,,,,,,,,Beginner,,,,,,,,,,,,,,es,,,,,,,,,,,,,,,,,,,USD,,,,https://aprende.org/cursos/view/100648,,,,,,,,,,,,https://fsvc.capacitateparaelempleo.org/CapacitateFS/coursesImages/e5a989dd-a0eb-4495-a37d-9511cec55804.png,,,0.0,,,,,,,,,,,,Aprende,,,,,,,,,,,,,True,,,,,,,,,
,,,,,,,,,,,,,,,,,,,Fundamentos de la red 4.5G,,,,,,,,,,,,,,,,,,,,,,,,,,,Nearshoring,,,,,,,,,Beginner,,,,,,,,,,,,,,es,,,,,,,,,,,,,,,,,,,USD,,,,https://aprende.org/cursos/view/100649,,,,,,,,,,,,https://fsvc.capacitateparaelempleo.org/CapacitateFS/coursesImages/5829d694-4082-4377-82ee-10590037a850.png,,,0.0,,,,,,,,,,,,Aprende,,,,,,,,,,,,,True,,,,,,,,,
,,,,,,,,,,,,,,,,,,,Fundamentos de la red 5G,,,,,,,,,,,,,,,,,,,,,,,,,,,Nearshoring,,,,,,,,,Beginner,,,,,,,,,,,,,,es,,,,,,,,,,,,,,,,,,,USD,,,,https://aprende.org/cursos/view/100650,,,,,,,,,,,,https://fsvc.capacitateparaelempleo.org/CapacitateFS/coursesImages/17cad077-3b3a-4419-aeeb-5a51573ef81c.png,,,0.0,,,,,,,,,,,,Aprende,,,,,,,,,,,,,True,,,,,,,,,
,,,,,,,,,,,,,,,,,,,Instalador de Home Networking,,,,,,,,,,,,,,,,,,,,,,,,,,,Nearshoring,,,,,,,,,Beginner,,,,,,,,,,,,,,es,,,,,,,,,,,,,,,,,,,USD,,,,https://aprende.org/cursos/view/100651,,,,,,,,,,,,https://fsvc.capacitateparaelempleo.org/CapacitateFS/coursesImages/cd63c5b4-c1dd-436d-86bd-f45873ced7e0.png,,,0.0,,,,,,,,,,,,Aprende,,,,,,,,,,,,,True,,,,,,,,,
,,,,,,,,,,,,,,,,,,,Fundamentos de redes definidas por software (SDN),,,,,,,,,,,,,,,,,,,,,,,,,,,Nearshoring,,,,,,,,,Beginner,,,,,,,,,,,,,,es,,,,,,,,,,,,,,,,,,,USD,,,,https://aprende.org/cursos/view/100652,,,,,,,,,,,,https://fsvc.capacitateparaelempleo.org/CapacitateFS/coursesImages/0f537e69-eb35-435f-9f85-7a348f56248f.png,,,0.0,,,,,,,,,,,,Aprende,,,,,,,,,,,,,True,,,,,,,,,
,,,,,,,,,,,,,,,,,,,Técnico en seguridad física y del entorno,,,,,,,,,,,,,,,,,,,,,,,,,,,Nearshoring,,,,,,,,,Beginner,,,,,,,,,,,,,,es,,,,,,,,,,,,,,,,,,,USD,,,,https://aprende.org/cursos/view/100653,,,,,,,,,,,,https://fsvc.capacitateparaelempleo.org/CapacitateFS/coursesImages/171f5bd4-8707-4525-ba3b-42eaf27fefe5.png,,,0.0,,,,,,,,,,,,Aprende,,,,,,,,,,,,,True,,,,,,,,,
,,,,,,,,,,,,,,,,,,,Técnico en seguridad - Control de accesos,,,,,,,,,,,,,,,,,,,,,,,,,,,Nearshoring,,,,,,,,,Beginner,,,,,,,,,,,,,,es,,,,,,,,,,,,,,,,,,,USD,,,,https://aprende.org/cursos/view/100654,,,,,,,,,,,,https://fsvc.capacitateparaelempleo.org/CapacitateFS/coursesImages/3c76b6b7-04fd-406b-877f-c2c60a58be0d.png,,,0.0,,,,,,,,,,,,Aprende,,,,,,,,,,,,,True,,,,,,,,,
,,,,,,,,,,,,,,,,,,,Técnico en seguridad informática perimetral,,,,,,,,,,,,,,,,,,,,,,,,,,,Nearshoring,,,,,,,,,Beginner,,,,,,,,,,,,,,es,,,,,,,,,,,,,,,,,,,USD,,,,https://aprende.org/cursos/view/100655,,,,,,,,,,,,https://fsvc.capacitateparaelempleo.org/CapacitateFS/coursesImages/3af0cd13-5b3b-4c95-bb0a-60f03b8f3d67.png,,,0.0,,,,,,,,,,,,Aprende,,,,,,,,,,,,,True,,,,,,,,,
,,,,,,,,,,,,,,,,,,,Fundamentos de tecnologías 4K y OTT,,,,,,,,,,,,,,,,,,,,,,,,,,,Nearshoring,,,,,,,,,Beginner,,,,,,,,,,,,,,es,,,,,,,,,,,,,,,,,,,USD,,,,https://aprende.org/cursos/view/100656,,,,,,,,,,,,https://fsvc.capacitateparaelempleo.org/CapacitateFS/coursesImages/14de21de-fe26-4eb3-b397-fc6613add47a.png,,,0.0,,,,,,,,,,,,Aprende,,,,,,,,,,,,,True,,,,,,,,,
,,,,,,,,,,,,,,,,,,,Seguridad en cocinas industriales,,,,,,,,,,,,,,,,,,,,,,,,,,,Nearshoring,,,,,,,,,Intermediate,,,,,,,,,,,,,,es,,,,,,,,,,,,,,,,,,,USD,,,,https://aprende.org/cursos/view/100662,,,,,,,,,,,,https://fsvc.capacitateparaelempleo.org/CapacitateFS/coursesImages/68b6463e-10f1-4239-b572-32e1a6e640d1.png,,,0.0,,,,,,,,,,,,Aprende,,,,,,,,,,,,,True,,,,,,,,,
,,,,,,,,,,,,,,,,,,,Manejo higiénico de los alimentos,,,,,,,,,,,,,,,,,,,,,,,,,,,Nearshoring,,,,,,,,,Beginner,,,,,,,,,,,,,,es,,,,,,,,,,,,,,,,,,,USD,,,,https://aprende.org/cursos/view/100663,,,,,,,,,,,,https://fsvc.capacitateparaelempleo.org/CapacitateFS/coursesImages/f8788d26-23cc-40f6-b8bb-38ce8763618d.png,,,0.0,,,,,,,,,,,,Aprende,,,,,,,,,,,,,True,,,,,,,,,
,,,,,,,,,,,,,,,,,,,Buenas prácticas para el ahorro de agua,,,,,,,,,,,,,,,,,,,,,,,,,,,Nearshoring,,,,,,,,,Beginner,,,,,,,,,,,,,,es,,,,,,,,,,,,,,,,,,,USD,,,,https://aprende.org/cursos/view/100664,,,,,,,,,,,,https://fsvc.capacitateparaelempleo.org/CapacitateFS/coursesImages/c588b88a-4e5d-4747-ae5b-4647daedcfaf.png,,,0.0,,,,,,,,,,,,Aprende,,,,,,,,,,,,,True,,,,,,,,,
,,,,,,,,,,,,,,,,,,,Potabilización de agua,,,,,,,,,,,,,,,,,,,,,,,,,,,Nearshoring,,,,,,,,,Beginner,,,,,,,,,,,,,,es,,,,,,,,,,,,,,,,,,,USD,,,,https://aprende.org/cursos/view/100665,,,,,,,,,,,,https://fsvc.capacitateparaelempleo.org/CapacitateFS/coursesImages/3fcd8771-550d-49ff-9389-000f373e58e0.png,,,0.0,,,,,,,,,,,,Aprende,,,,,,,,,,,,,True,,,,,,,,,
,,,,,,,,,,,,,,,,,,,Técnico procesador de frutas y verduras,,,,,,,,,,,,,,,,,,,,,,,,,,,Nearshoring,,,,,,,,,Beginner,,,,,,,,,,,,,,es,,,,,,,,,,,,,,,,,,,USD,,,,https://aprende.org/cursos/view/100666,,,,,,,,,,,,https://fsvc.capacitateparaelempleo.org/CapacitateFS/coursesImages/8dee0f88-b5b8-4db1-bb1d-c2c004f498ae.png,,,0.0,,,,,,,,,,,,Aprende,,,,,,,,,,,,,True,,,,,,,,,
,,,,,,,,,,,,,,,,,,,Cosecha y cultivo de agua,,,,,,,,,,,,,,,,,,,,,,,,,,,Nearshoring,,,,,,,,,Beginner,,,,,,,,,,,,,,es,,,,,,,,,,,,,,,,,,,USD,,,,https://aprende.org/cursos/view/100667,,,,,,,,,,,,https://fsvc.capacitateparaelempleo.org/CapacitateFS/coursesImages/98acc325-9c04-4eac-bfbc-140247b55bac.png,,,0.0,,,,,,,,,,,,Aprende,,,,,,,,,,,,,True,,,,,,,,,
,,,,,,,,,,,,,,,,,,,Elaboración de composta,,,,,,,,,,,,,,,,,,,,,,,,,,,Nearshoring,,,,,,,,,Beginner,,,,,,,,,,,,,,es,,,,,,,,,,,,,,,,,,,USD,,,,https://aprende.org/cursos/view/100668,,,,,,,,,,,,https://fsvc.capacitateparaelempleo.org/CapacitateFS/coursesImages/92e231ed-e209-4a15-832d-f7d5be1a16ce.png,,,0.0,,,,,,,,,,,,Aprende,,,,,,,,,,,,,True,,,,,,,,,
,,,,,,,,,,,,,,,,,,,Técnico en cultivos vegetales,,,,,,,,,,,,,,,,,,,,,,,,,,,Nearshoring,,,,,,,,,Beginner,,,,,,,,,,,,,,es,,,,,,,,,,,,,,,,,,,USD,,,,https://aprende.org/cursos/view/100669,,,,,,,,,,,,https://fsvc.capacitateparaelempleo.org/CapacitateFS/coursesImages/b81c52ce-b845-462b-bd9e-0d84dfc998c2.png,,,0.0,,,,,,,,,,,,Aprende,,,,,,,,,,,,,True,,,,,,,,,
,,,,,,,,,,,,,,,,,,,Técnico en cultivo de vegetales orgánicos,,,,,,,,,,,,,,,,,,,,,,,,,,,Nearshoring,,,,,,,,,Beginner,,,,,,,,,,,,,,es,,,,,,,,,,,,,,,,,,,USD,,,,https://aprende.org/cursos/view/100670,,,,,,,,,,,,https://fsvc.capacitateparaelempleo.org/CapacitateFS/coursesImages/8b8eaee1-66f2-4983-bda5-e25bb40a138c.png,,,0.0,,,,,,,,,,,,Aprende,,,,,,,,,,,,,True,,,,,,,,,
,,,,,,,,,,,,,,,,,,,Jardinero a gran escala,,,,,,,,,,,,,,,,,,,,,,,,,,,Nearshoring,,,,,,,,,Beginner,,,,,,,,,,,,,,es,,,,,,,,,,,,,,,,,,,USD,,,,https://aprende.org/cursos/view/100671,,,,,,,,,,,,https://fsvc.capacitateparaelempleo.org/CapacitateFS/coursesImages/6dc5ea3b-1f7f-4880-af08-13d6ab05f2e2.png,,,0.0,,,,,,,,,,,,Aprende,,,,,,,,,,,,,True,,,,,,,,,
,,,,,,,,,,,,,,,,,,,Granjero de lechería (ordeña y alimentación),,,,,,,,,,,,,,,,,,,,,,,,,,,Nearshoring,,,,,,,,,Beginner,,,,,,,,,,,,,,es,,,,,,,,,,,,,,,,,,,USD,,,,https://aprende.org/cursos/view/100672,,,,,,,,,,,,https://fsvc.capacitateparaelempleo.org/CapacitateFS/coursesImages/9543bc0d-9265-44cd-89ba-181657e82d0a.png,,,0.0,,,,,,,,,,,,Aprende,,,,,,,,,,,,,True,,,,,,,,,
,,,,,,,,,,,,,,,,,,,Apicultor,,,,,,,,,,,,,,,,,,,,,,,,,,,Nearshoring,,,,,,,,,Beginner,,,,,,,,,,,,,,es,,,,,,,,,,,,,,,,,,,USD,,,,https://aprende.org/cursos/view/100673,,,,,,,,,,,,https://fsvc.capacitateparaelempleo.org/CapacitateFS/coursesImages/dbe417c8-e0c1-419b-b815-a58dda18211b.png,,,0.0,,,,,,,,,,,,Aprende,,,,,,,,,,,,,True,,,,,,,,,
,,,,,,,,,,,,,,,,,,,Productor de grillos,,,,,,,,,,,,,,,,,,,,,,,,,,,Nearshoring,,,,,,,,,Beginner,,,,,,,,,,,,,,es,,,,,,,,,,,,,,,,,,,USD,,,,https://aprende.org/cursos/view/100674,,,,,,,,,,,,https://fsvc.capacitateparaelempleo.org/CapacitateFS/coursesImages/f35e8943-dd01-42a7-8258-cdce49b3568e.png,,,0.0,,,,,,,,,,,,Aprende,,,,,,,,,,,,,True,,,,,,,,,
,,,,,,,,,,,,,,,,,,,Gestión de riesgos térmicos,,,,,,,,,,,,,,,,,,,,,,,,,,,Nearshoring,,,,,,,,,Intermediate,,,,,,,,,,,,,,es,,,,,,,,,,,,,,,,,,,USD,,,,https://aprende.org/cursos/view/100675,,,,,,,,,,,,https://fsvc.capacitateparaelempleo.org/CapacitateFS/coursesImages/7dca0889-8bd7-4fe1-829b-b0aeddde2424.png,,,0.0,,,,,,,,,,,,Aprende,,,,,,,,,,,,,True,,,,,,,,,
,,,,,,,,,,,,,,,,,,,Técnico en logística,,,,,,,,,,,,,,,,,,,,,,,,,,,Nearshoring,,,,,,,,,Intermediate,,,,,,,,,,,,,,es,,,,,,,,,,,,,,,,,,,USD,,,,https://aprende.org/cursos/view/100681,,,,,,,,,,,,https://fsvc.capacitateparaelempleo.org/CapacitateFS/coursesImages/e9bc56c9-b205-47ec-951a-57a03877659a.png,,,0.0,,,,,,,,,,,,Aprende,,,,,,,,,,,,,True,,,,,,,,,
,,,,,,,,,,,,,,,,,,,Técnico en recubrimientos y pinturas,,,,,,,,,,,,,,,,,,,,,,,,,,,Nearshoring,,,,,,,,,Intermediate,,,,,,,,,,,,,,es,,,,,,,,,,,,,,,,,,,USD,,,,https://aprende.org/cursos/view/100682,,,,,,,,,,,,https://fsvc.capacitateparaelempleo.org/CapacitateFS/coursesImages/ca8fe681-0293-4d74-92e7-e1a7ca01d485.png,,,0.0,,,,,,,,,,,,Aprende,,,,,,,,,,,,,True,,,,,,,,,
,,,,,,,,,,,,,,,,,,,Uso y operación de detectores de gas,,,,,,,,,,,,,,,,,,,,,,,,,,,Nearshoring,,,,,,,,,Intermediate,,,,,,,,,,,,,,es,,,,,,,,,,,,,,,,,,,USD,,,,https://aprende.org/cursos/view/100683,,,,,,,,,,,,https://fsvc.capacitateparaelempleo.org/CapacitateFS/coursesImages/70d62e53-c5a7-4433-b202-2c51c29e9468.png,,,0.0,,,,,,,,,,,,Aprende,,,,,,,,,,,,,True,,,,,,,,,
,,,,,,,,,,,,,,,,,,,Lenguaje ensamblador,,,,,,,,,,,,,,,,,,,,,,,,,,,Nearshoring,,,,,,,,,Intermediate,,,,,,,,,,,,,,es,,,,,,,,,,,,,,,,,,,USD,,,,https://aprende.org/cursos/view/100684,,,,,,,,,,,,https://fsvc.capacitateparaelempleo.org/CapacitateFS/coursesImages/5f88892f-fb93-452b-b8c1-5cd1fa35befe.png,,,0.0,,,,,,,,,,,,Aprende,,,,,,,,,,,,,True,,,,,,,,,
,,,,,,,,,,,,,,,,,,,Introducción a los materiales compuestos,,,,,,,,,,,,,,,,,,,,,,,,,,,Nearshoring,,,,,,,,,Intermediate,,,,,,,,,,,,,,es,,,,,,,,,,,,,,,,,,,USD,,,,https://aprende.org/cursos/view/100685,,,,,,,,,,,,https://fsvc.capacitateparaelempleo.org/CapacitateFS/coursesImages/7ef24d56-5b51-4289-9efd-df1ac8518623.png,,,0.0,,,,,,,,,,,,Aprende,,,,,,,,,,,,,True,,,,,,,,,
,,,,,,,,,,,,,,,,,,,Operador de excavadora,,,,,,,,,,,,,,,,,,,,,,,,,,,Nearshoring,,,,,,,,,Intermediate,,,,,,,,,,,,,,es,,,,,,,,,,,,,,,,,,,USD,,,,https://aprende.org/cursos/view/100686,,,,,,,,,,,,https://fsvc.capacitateparaelempleo.org/CapacitateFS/coursesImages/486c88cd-2ed1-432a-a526-6eb38cfdc156.png,,,0.0,,,,,,,,,,,,Aprende,,,,,,,,,,,,,True,,,,,,,,,
,,,,,,,,,,,,,,,,,,,Introducción a la producción de litio,,,,,,,,,,,,,,,,,,,,,,,,,,,Nearshoring,,,,,,,,,Intermediate,,,,,,,,,,,,,,es,,,,,,,,,,,,,,,,,,,USD,,,,https://aprende.org/cursos/view/100688,,,,,,,,,,,,https://fsvc.capacitateparaelempleo.org/CapacitateFS/coursesImages/f407422f-027b-463f-8be1-96b31a75a0c5.png,,,0.0,,,,,,,,,,,,Aprende,,,,,,,,,,,,,True,,,,,,,,,
,,,,,,,,,,,,,,,,,,,Evaluación del aprendizaje,,,,,,,,,,,,,,,,,,,,,,,,,,,Docentes vintage,,,,,,,,,Beginner,,,,,,,,,,,,,,es,,,,,,,,,,,,,,,,,,,USD,,,,https://aprende.org/cursos/view/100726,,,,,,,,,,,,,,"Evalúa de forma integral, sistemática y significativa el progreso de tus estudiantes.",0.0,,,,,,,,,,,,Aprende,,,,,,,,,,,,,True,,,,,,,,,
,,,,,,,,,,,,,,,,,,,Prepárate para ingresar a la secundaria,,,,,,,,,,,,,,,,,,,,,,,,,,,Docentes vintage,,,,,,,,,Intermediate,,,,,,,,,,,,,,es,,,,,,,,,,,,,,,,,,,USD,,,,https://aprende.org/cursos/view/100727,,,,,,,,,,,,,,El curso en línea tiene como objetivo familiarizar a los estudiantes de primaria con la estructura del examen de selección múltiple realizado en plataformas digitales.,0.0,,,,,,,,,,,,Aprende,,,,,,,,,,,,,True,,,,,,,,,
,,,,,,,,,,,,,,,,,,,Prepárate para ingresar al bachillerato,,,,,,,,,,,,,,,,,,,,,,,,,,,Docentes vintage,,,,,,,,,Intermediate,,,,,,,,,,,,,,es,,,,,,,,,,,,,,,,,,,USD,,,,https://aprende.org/cursos/view/100728,,,,,,,,,,,,,,"El curso en línea tiene como objetivo preparar a los estudiantes para el ingreso al bachillerato, desarrollando habilidades, estrategias y conocimientos clave, promoviendo el aprendizaje autónomo, aplicando técnicas de estudio personalizadas y familiarizándolos con la estructura del examen. Además, se realizan prácticas simuladas para reducir el estrés, aumentar la confianza y mejorar su desempeño académico.",0.0,,,,,,,,,,,,Aprende,,,,,,,,,,,,,True,,,,,,,,,
,,,,,,,,,,,,,,,,,,,Prepárate para ingresar a la universidad,,,,,,,,,,,,,,,,,,,,,,,,,,,Docentes vintage,,,,,,,,,Intermediate,,,,,,,,,,,,,,es,,,,,,,,,,,,,,,,,,,USD,,,,https://aprende.org/cursos/view/100729,,,,,,,,,,,,,,"Este curso en línea tiene como finalidad apoyar a los estudiantes para el ingreso a la universidad, desarrollando habilidades, estrategias y conocimientos clave, promoviendo el aprendizaje autónomo, aplicando técnicas de estudio personalizadas y familiarizándolos con la estructura del examen. Además, se realizan prácticas simuladas para reducir el estrés, aumentar la confianza y mejorar su desempeño académico.",0.0,,,,,,,,,,,,Aprende,,,,,,,,,,,,,True,,,,,,,,,
,,,,,,,,,,,,,,,,,,,Colección 6to de primaria,,,,,,,,,,,,,,,,,,,,,,,,,,,Docentes vintage,,,,,,,,,Intermediate,,,,,,,,,,,,,,es,,,,,,,,,,,,,,,,,,,USD,,,,https://aprende.org/cursos/view/100730,,,,,,,,,,,,https://fsvc.capacitateparaelempleo.org/CapacitateFS/coursesImages/f8f7cd83-519a-47f7-bc2d-19dbdc5914fb.png,,"Explora recursos de apoyo para las clases con base en los conocimientos básicos que un estudiante de sexto grado debe aprender sobre Español, Matemáticas y Ciencias.",0.0,,,,,,,,,,,,Aprende,,,,,,,,,,,,,True,,,,,,,,,
,,,,,,,,,,,,,,,,,,,5° de primaria,,,,,,,,,,,,,,,,,,,,,,,,,,,Docentes vintage,,,,,,,,,Intermediate,,,,,,,,,,,,,,es,,,,,,,,,,,,,,,,,,,USD,,,,https://aprende.org/cursos/view/100731,,,,,,,,,,,,https://fsvc.capacitateparaelempleo.org/CapacitateFS/coursesImages/01323717-0776-4563-881b-925569c05b6d.png,,"Explora recursos de apoyo para las clases con base en los conocimientos básicos que un estudiante de quinto grado debe aprender sobre Español, Matemáticas y Ciencias.",0.0,,,,,,,,,,,,Aprende,,,,,,,,,,,,,True,,,,,,,,,
,,,,,,,,,,,,,,,,,,,Colección 4to de primaria,,,,,,,,,,,,,,,,,,,,,,,,,,,Docentes vintage,,,,,,,,,Intermediate,,,,,,,,,,,,,,es,,,,,,,,,,,,,,,,,,,USD,,,,https://aprende.org/cursos/view/100732,,,,,,,,,,,,https://fsvc.capacitateparaelempleo.org/CapacitateFS/coursesImages/d1ea7795-7a11-4f71-b570-027aebdc9428.png,,"Explora recursos de apoyo para las clases con base en los conocimientos básicos que un estudiante de cuarto grado debe aprender sobre Español, Matemáticas y Ciencias.",0.0,,,,,,,,,,,,Aprende,,,,,,,,,,,,,True,,,,,,,,,
,,,,,,,,,,,,,,,,,,,Colección 3º de secundaria,,,,,,,,,,,,,,,,,,,,,,,,,,,Docentes vintage,,,,,,,,,Intermediate,,,,,,,,,,,,,,es,,,,,,,,,,,,,,,,,,,USD,,,,https://aprende.org/cursos/view/100733,,,,,,,,,,,,https://fsvc.capacitateparaelempleo.org/CapacitateFS/coursesImages/5ebae157-56fb-42e7-b552-cc387253e777.png,,"Explora recursos de apoyo para las clases con base en los conocimientos básicos que un estudiante de tercer grado de secundaria debe aprender sobre Español, Matemáticas, Ciencias y Química.",0.0,,,,,,,,,,,,Aprende,,,,,,,,,,,,,True,,,,,,,,,
,,,,,,,,,,,,,,,,,,,Colección 3ro de primaria,,,,,,,,,,,,,,,,,,,,,,,,,,,Docentes vintage,,,,,,,,,Intermediate,,,,,,,,,,,,,,es,,,,,,,,,,,,,,,,,,,USD,,,,https://aprende.org/cursos/view/100734,,,,,,,,,,,,https://fsvc.capacitateparaelempleo.org/CapacitateFS/coursesImages/87faf6a6-0f00-412d-a377-d3f26fd8696e.png,,"Explora recursos de apoyo para las clases con base en los conocimientos básicos que un estudiante de tercer grado debe aprender sobre Español, Matemáticas y Ciencias.",0.0,,,,,,,,,,,,Aprende,,,,,,,,,,,,,True,,,,,,,,,
,,,,,,,,,,,,,,,,,,,Colección 2º de secundaria,,,,,,,,,,,,,,,,,,,,,,,,,,,Docentes vintage,,,,,,,,,Intermediate,,,,,,,,,,,,,,es,,,,,,,,,,,,,,,,,,,USD,,,,https://aprende.org/cursos/view/100735,,,,,,,,,,,,https://fsvc.capacitateparaelempleo.org/CapacitateFS/coursesImages/5090da0b-b2c8-45b1-b30c-dda986c0cc6a.png,,"Explora recursos de apoyo para las clases con base en los conocimientos básicos que un estudiante de segundo grado de secundaria debe aprender sobre Español, Matemáticas y Física.",0.0,,,,,,,,,,,,Aprende,,,,,,,,,,,,,True,,,,,,,,,
,,,,,,,,,,,,,,,,,,,Colección 2do de primaria,,,,,,,,,,,,,,,,,,,,,,,,,,,Docentes vintage,,,,,,,,,Intermediate,,,,,,,,,,,,,,es,,,,,,,,,,,,,,,,,,,USD,,,,https://aprende.org/cursos/view/100736,,,,,,,,,,,,https://fsvc.capacitateparaelempleo.org/CapacitateFS/coursesImages/c223d644-bb8f-474c-ba44-b0253d9b89de.png,,"Explora recursos de apoyo para las clases con base en los conocimientos básicos que un estudiante de segundo grado debe aprender sobre Español, Matemáticas y Ciencias.",0.0,,,,,,,,,,,,Aprende,,,,,,,,,,,,,True,,,,,,,,,
,,,,,,,,,,,,,,,,,,,Colección 1º de secundaria,,,,,,,,,,,,,,,,,,,,,,,,,,,Docentes vintage,,,,,,,,,Intermediate,,,,,,,,,,,,,,es,,,,,,,,,,,,,,,,,,,USD,,,,https://aprende.org/cursos/view/100737,,,,,,,,,,,,https://fsvc.capacitateparaelempleo.org/CapacitateFS/coursesImages/26618bfc-d0f3-44f2-899d-b7bca80d3e35.png,,"Explora recursos de apoyo para las clases con base en los conocimientos básicos que un estudiante de primer grado de secundaria debe aprender sobre Español, Matemáticas, Ciencias y Física.",0.0,,,,,,,,,,,,Aprende,,,,,,,,,,,,,True,,,,,,,,,
,,,,,,,,,,,,,,,,,,,Colección 1° de primaria,,,,,,,,,,,,,,,,,,,,,,,,,,,Docentes vintage,,,,,,,,,Intermediate,,,,,,,,,,,,,,es,,,,,,,,,,,,,,,,,,,USD,,,,https://aprende.org/cursos/view/100738,,,,,,,,,,,,https://fsvc.capacitateparaelempleo.org/CapacitateFS/coursesImages/5428b103-b0e5-4dc2-878d-1710dd338e9e.png,,"Explora recursos de apoyo para las clases con base en los conocimientos básicos que un estudiante de primer grado debe aprender sobre Español, Matemáticas y Ciencias.",0.0,,,,,,,,,,,,Aprende,,,,,,,,,,,,,True,,,,,,,,,
,,,,,,,,,,,,,,,,,,,Cerebro y aprendizaje,,,,,,,,,,,,,,,,,,,,,,,,,,,Docentes vintage,,,,,,,,,Beginner,,,,,,,,,,,,,,es,,,,,,,,,,,,,,,,,,,USD,,,,https://aprende.org/cursos/view/100740,,,,,,,,,,,,https://fsvc.capacitateparaelempleo.org/CapacitateFS/coursesImages/fa5da6ef-1f01-4476-87d8-65a70a63a7e3.png,,Aplica estrategias basadas en cómo funciona el cerebro para mejorar el aprendizaje de tus estudiantes.,0.0,,,,,,,,,,,,Aprende,,,,,,,,,,,,,True,,,,,,,,,
,,,,,,,,,,,,,,,,,,,Desarrollo por etapas,,,,,,,,,,,,,,,,,,,,,,,,,,,Docentes vintage,,,,,,,,,Beginner,,,,,,,,,,,,,,es,,,,,,,,,,,,,,,,,,,USD,,,,https://aprende.org/cursos/view/100741,,,,,,,,,,,,https://fsvc.capacitateparaelempleo.org/CapacitateFS/coursesImages/bf4f00af-27fc-406b-8bb7-1cbae1c5c4ff.png,,Adapta tu enseñanza a las necesidades y características de tu grupo.,0.0,,,,,,,,,,,,Aprende,,,,,,,,,,,,,True,,,,,,,,,
,,,,,,,,,,,,,,,,,,,Tipos de aprendizaje,,,,,,,,,,,,,,,,,,,,,,,,,,,Docentes vintage,,,,,,,,,Beginner,,,,,,,,,,,,,,es,,,,,,,,,,,,,,,,,,,USD,,,,https://aprende.org/cursos/view/100742,,,,,,,,,,,,https://fsvc.capacitateparaelempleo.org/CapacitateFS/coursesImages/08a0de2f-fc63-4127-9cb9-9301759784d4.png,,Personaliza tu enseñanza según los estilos de aprendizaje de tus estudiantes.,0.0,,,,,,,,,,,,Aprende,,,,,,,,,,,,,True,,,,,,,,,
,,,,,,,,,,,,,,,,,,,Competencias socioemocionales,,,,,,,,,,,,,,,,,,,,,,,,,,,Docentes vintage,,,,,,,,,Beginner,,,,,,,,,,,,,,es,,,,,,,,,,,,,,,,,,,USD,,,,https://aprende.org/cursos/view/100743,,,,,,,,,,,,https://fsvc.capacitateparaelempleo.org/CapacitateFS/coursesImages/9c03892e-629d-4f17-86fb-0f562aa0e82a.png,,"Detecta, comprende y apoya la gestión emocional en tu aula.",0.0,,,,,,,,,,,,Aprende,,,,,,,,,,,,,True,,,,,,,,,
,,,,,,,,,,,,,,,,,,,Habilidades digitales,,,,,,,,,,,,,,,,,,,,,,,,,,,Docentes vintage,,,,,,,,,Beginner,,,,,,,,,,,,,,es,,,,,,,,,,,,,,,,,,,USD,,,,https://aprende.org/cursos/view/100745,,,,,,,,,,,,https://fsvc.capacitateparaelempleo.org/CapacitateFS/coursesImages/39badbf9-3ca7-43e6-a888-042cf84a3dcc.png,,Domina las herramientas tecnológicas esenciales y simplifica tu trabajo en el aula.,0.0,,,,,,,,,,,,Aprende,,,,,,,,,,,,,True,,,,,,,,,
,,,,,,,,,,,,,,,,,,,Estrategias pedagógicas,,,,,,,,,,,,,,,,,,,,,,,,,,,Docentes vintage,,,,,,,,,Beginner,,,,,,,,,,,,,,es,,,,,,,,,,,,,,,,,,,USD,,,,https://aprende.org/cursos/view/100746,,,,,,,,,,,,,,Haz que tus clases sean dinámicas y aumenta la participación de tus estudiantes.,0.0,,,,,,,,,,,,Aprende,,,,,,,,,,,,,True,,,,,,,,,
,,,,,,,,,,,,,,,,,,,Seguridad en el aula,,,,,,,,,,,,,,,,,,,,,,,,,,,Docentes vintage,,,,,,,,,Beginner,,,,,,,,,,,,,,es,,,,,,,,,,,,,,,,,,,USD,,,,https://aprende.org/cursos/view/100747,,,,,,,,,,,,,,Crea ambientes seguros y contribuye a la convivencia escolar.,0.0,,,,,,,,,,,,Aprende,,,,,,,,,,,,,True,,,,,,,,,
,,,,,,,,,,,,,,,,,,,Escritura reflexiva,,,,,,,,,,,,,,,,,,,,,,,,,,,Docentes vintage,,,,,,,,,Beginner,,,,,,,,,,,,,,es,,,,,,,,,,,,,,,,,,,USD,,,,https://aprende.org/cursos/view/100748,,,,,,,,,,,,https://fsvc.capacitateparaelempleo.org/CapacitateFS/coursesImages/764be0b6-707a-47d5-8ce2-6b53b79a694f.png,,,0.0,,,,,,,,,,,,Aprende,,,,,,,,,,,,,True,,,,,,,,,
,,,,,,,,,,,,,,,,,,,La importancia de actitudes y aptitudes en el desarrollo educativo,,,,,,,,,,,,,,,,,,,,,,,,,,,Docentes vintage,,,,,,,,,Beginner,,,,,,,,,,,,,,es,,,,,,,,,,,,,,,,,,,USD,,,,https://aprende.org/cursos/view/100749,,,,,,,,,,,,https://fsvc.capacitateparaelempleo.org/CapacitateFS/coursesImages/46620e8d-6f0f-4600-9c5a-d9c0fa2351d9.png,,Promueve la integración de los recursos audiovisuales en el aula para crear productos educativos modernos y atractivos.,0.0,,,,,,,,,,,,Aprende,,,,,,,,,,,,,True,,,,,,,,,
,,,,,,,,,,,,,,,,,,,Uso de lenguaje corporal,,,,,,,,,,,,,,,,,,,,,,,,,,,Docentes vintage,,,,,,,,,Beginner,,,,,,,,,,,,,,es,,,,,,,,,,,,,,,,,,,USD,,,,https://aprende.org/cursos/view/100750,,,,,,,,,,,,https://fsvc.capacitateparaelempleo.org/CapacitateFS/coursesImages/663e503a-821d-48c9-a726-68e990d50662.png,,,0.0,,,,,,,,,,,,Aprende,,,,,,,,,,,,,True,,,,,,,,,
,,,,,,,,,,,,,,,,,,,La música y las emociones,,,,,,,,,,,,,,,,,,,,,,,,,,,Docentes vintage,,,,,,,,,Beginner,,,,,,,,,,,,,,es,,,,,,,,,,,,,,,,,,,USD,,,,https://aprende.org/cursos/view/100751,,,,,,,,,,,,https://fsvc.capacitateparaelempleo.org/CapacitateFS/coursesImages/a8a91bb8-a555-4d07-945c-ed259ce5c629.png,,,0.0,,,,,,,,,,,,Aprende,,,,,,,,,,,,,True,,,,,,,,,
,,,,,,,,,,,,,,,,,,,Cómo enseñar ciencia a los niños,,,,,,,,,,,,,,,,,,,,,,,,,,,Docentes vintage,,,,,,,,,Beginner,,,,,,,,,,,,,,es,,,,,,,,,,,,,,,,,,,USD,,,,https://aprende.org/cursos/view/100753,,,,,,,,,,,,https://fsvc.capacitateparaelempleo.org/CapacitateFS/coursesImages/a993dae2-9e6b-451a-b684-f74011c93194.png,,"Conoce a Aurora y su robot Tamanegui, y acompáñalos en una aventura científica para resolver misterios del mundo que nos rodea.",0.0,,,,,,,,,,,,Aprende,,,,,,,,,,,,,True,,,,,,,,,
,,,,,,,,,,,,,,,,,,,Innovación en la enseñanza de las matemáticas,,,,,,,,,,,,,,,,,,,,,,,,,,,Docentes vintage,,,,,,,,,Beginner,,,,,,,,,,,,,,es,,,,,,,,,,,,,,,,,,,USD,,,,https://aprende.org/cursos/view/100754,,,,,,,,,,,,https://fsvc.capacitateparaelempleo.org/CapacitateFS/coursesImages/f8058953-53a7-45a7-bc47-4c94da50c1be.png,,Conoce la importancia de la innovación en la enseñanza de las matemáticas y cuáles son las características del curso.,0.0,,,,,,,,,,,,Aprende,,,,,,,,,,,,,True,,,,,,,,,
,,,,,,,,,,,,,,,,,,,Aula invertida,,,,,,,,,,,,,,,,,,,,,,,,,,,Docentes vintage,,,,,,,,,Beginner,,,,,,,,,,,,,,es,,,,,,,,,,,,,,,,,,,USD,,,,https://aprende.org/cursos/view/100755,,,,,,,,,,,,https://fsvc.capacitateparaelempleo.org/CapacitateFS/coursesImages/c67dc5c8-a92a-4857-8081-808ec5701951.png,,"Aplicarás el modelo de aula invertida para trasladar el aprendizaje a espacios fuera del salón de clases, utilizarás recursos digitales y estrategias interactivas que fomentan la autonomía de tus estudiantes y refuercen su comprensión.",0.0,,,,,,,,,,,,Aprende,,,,,,,,,,,,,True,,,,,,,,,
,,,,,,,,,,,,,,,,,,,Aprendizaje basado en proyectos,,,,,,,,,,,,,,,,,,,,,,,,,,,Docentes vintage,,,,,,,,,Beginner,,,,,,,,,,,,,,es,,,,,,,,,,,,,,,,,,,USD,,,,https://aprende.org/cursos/view/100756,,,,,,,,,,,,https://fsvc.capacitateparaelempleo.org/CapacitateFS/coursesImages/42da50a1-7476-45c8-b6b2-8bec6900cdc2.png,,"Aplicarás el Aprendizaje basado en proyectos (ABP) para diseñar actividades y experiencias de aprendizaje relevantes que impacten el entorno estudiantil, fomentando el aprendizaje activo mediante proyectos reales que promuevan la investigación, la colaboración entre estudiantes y la aplicación práctica de conocimientos.",0.0,,,,,,,,,,,,Aprende,,,,,,,,,,,,,True,,,,,,,,,
,,,,,,,,,,,,,,,,,,,Integración de conocimientos científicos en la enseñanza para una vida saludable,,,,,,,,,,,,,,,,,,,,,,,,,,,Docentes vintage,,,,,,,,,Beginner,,,,,,,,,,,,,,es,,,,,,,,,,,,,,,,,,,USD,,,,https://aprende.org/cursos/view/100757,,,,,,,,,,,,https://fsvc.capacitateparaelempleo.org/CapacitateFS/coursesImages/4605bec1-f390-4dcf-802e-bc76ac35db45.png,,"Conoce cuáles son los conocimientos científicos básicos sobre el cuerpo humano, su funcionamiento y su importancia, para que tus estudiantes los apliquen en su vida diaria.",0.0,,,,,,,,,,,,Aprende,,,,,,,,,,,,,True,,,,,,,,,
,,,,,,,,,,,,,,,,,,,Aprender a aprender: Herramientas y técnicas para el autoaprendizaje,,,,,,,,,,,,,,,,,,,,,,,,,,,Docentes vintage,,,,,,,,,Beginner,,,,,,,,,,,,,,es,,,,,,,,,,,,,,,,,,,USD,,,,https://aprende.org/cursos/view/100758,,,,,,,,,,,,https://fsvc.capacitateparaelempleo.org/CapacitateFS/coursesImages/14ddad48-1e0b-4bb5-9f96-082701516813.png,,Conoce la importancia del aprendizaje durante toda la vida.,0.0,,,,,,,,,,,,Aprende,,,,,,,,,,,,,True,,,,,,,,,
,,,,,,,,,,,,,,,,,,,Estrategias para el uso de IA en entornos educativos,,,,,,,,,,,,,,,,,,,,,,,,,,,Docentes vintage,,,,,,,,,Beginner,,,,,,,,,,,,,,es,,,,,,,,,,,,,,,,,,,USD,,,,https://aprende.org/cursos/view/100759,,,,,,,,,,,,https://fsvc.capacitateparaelempleo.org/CapacitateFS/coursesImages/669a2f7b-09af-4d43-a268-fa33b7d078df.png,,Conoce el propósito del curso y cómo la inteligencia artificial puede convertirse en una aliada clave en tu práctica docente.,0.0,,,,,,,,,,,,Aprende,,,,,,,,,,,,,True,,,,,,,,,
,,,,,,,,,,,,,,,,,,,Habilidades digitales básicas para docentes,,,,,,,,,,,,,,,,,,,,,,,,,,,Docentes vintage,,,,,,,,,Beginner,,,,,,,,,,,,,,es,,,,,,,,,,,,,,,,,,,USD,,,,https://aprende.org/cursos/view/100760,,,,,,,,,,,,https://fsvc.capacitateparaelempleo.org/CapacitateFS/coursesImages/8559f6e2-4ef2-4338-83ed-62a74e2429e1.png,,"Identifica la importancia de las tecnologías digitales, la forma en que han cambiado el rumbo de la humanidad y porqué es importante dominarlas.",0.0,,,,,,,,,,,,Aprende,,,,,,,,,,,,,True,,,,,,,,,
,,,,,,,,,,,,,,,,,,,Actitud más humana,,,,,,,,,,,,,,,,,,,,,,,,,,,Docentes vintage,,,,,,,,,Beginner,,,,,,,,,,,,,,es,,,,,,,,,,,,,,,,,,,USD,,,,https://aprende.org/cursos/view/100761,,,,,,,,,,,,https://fsvc.capacitateparaelempleo.org/CapacitateFS/coursesImages/0ebb9868-0a6d-49d9-948e-f561453073f1.png,,,0.0,,,,,,,,,,,,Aprende,,,,,,,,,,,,,True,,,,,,,,,
,,,,,,,,,,,,,,,,,,,Acciones y conocimientos para abordar el cambio climático,,,,,,,,,,,,,,,,,,,,,,,,,,,Docentes vintage,,,,,,,,,Beginner,,,,,,,,,,,,,,es,,,,,,,,,,,,,,,,,,,USD,,,,https://aprende.org/cursos/view/100762,,,,,,,,,,,,https://fsvc.capacitateparaelempleo.org/CapacitateFS/coursesImages/6970ff9d-80ef-4ac1-8634-f86b0537545a.png,,Diferenciar el clima de una región de la Tierra del estado del tiempo.,0.0,,,,,,,,,,,,Aprende,,,,,,,,,,,,,True,,,,,,,,,
,,,,,,,,,,,,,,,,,,,Contar historias,,,,,,,,,,,,,,,,,,,,,,,,,,,Docentes vintage,,,,,,,,,Beginner,,,,,,,,,,,,,,es,,,,,,,,,,,,,,,,,,,USD,,,,https://aprende.org/cursos/view/100763,,,,,,,,,,,,https://fsvc.capacitateparaelempleo.org/CapacitateFS/coursesImages/0c944292-6c9b-4490-a780-ef875494279b.png,,Conoce qué es el storytelling educativo y cómo puede ayudarte a conectar con tus estudiantes de forma profunda y significativa.,0.0,,,,,,,,,,,,Aprende,,,,,,,,,,,,,True,,,,,,,,,
,,,,,,,,,,,,,,,,,,,Prácticas de cortesía,,,,,,,,,,,,,,,,,,,,,,,,,,,Docentes vintage,,,,,,,,,Beginner,,,,,,,,,,,,,,es,,,,,,,,,,,,,,,,,,,USD,,,,https://aprende.org/cursos/view/100764,,,,,,,,,,,,https://fsvc.capacitateparaelempleo.org/CapacitateFS/coursesImages/cd8e9174-a97d-4259-aca0-c5ec4c0ab792.png,,,0.0,,,,,,,,,,,,Aprende,,,,,,,,,,,,,True,,,,,,,,,
,,,,,,,,,,,,,,,,,,,Aprendizajes fundamentales,,,,,,,,,,,,,,,,,,,,,,,,,,,Docentes vintage,,,,,,,,,Beginner,,,,,,,,,,,,,,es,,,,,,,,,,,,,,,,,,,USD,,,,https://aprende.org/cursos/view/100765,,,,,,,,,,,,https://fsvc.capacitateparaelempleo.org/CapacitateFS/coursesImages/4e67808b-5a2b-4195-ba00-4088d167cfa7.png,,Descubre qué son los aprendizajes fundamentales y por qué son la base de una educación significativa y transformadora.,0.0,,,,,,,,,,,,Aprende,,,,,,,,,,,,,True,,,,,,,,,
,,,,,,,,,,,,,,,,,,,Mente hábil,,,,,,,,,,,,,,,,,,,,,,,,,,,Docentes vintage,,,,,,,,,Beginner,,,,,,,,,,,,,,es,,,,,,,,,,,,,,,,,,,USD,,,,https://aprende.org/cursos/view/100766,,,,,,,,,,,,https://fsvc.capacitateparaelempleo.org/CapacitateFS/coursesImages/62fe0cf9-2ae3-4256-b144-6fe86552c6a0.png,,,0.0,,,,,,,,,,,,Aprende,,,,,,,,,,,,,True,,,,,,,,,
,,,,,,,,,,,,,,,,,,,Entorno y desarrollo cerebral del nino,,,,,,,,,,,,,,,,,,,,,,,,,,,Docentes vintage,,,,,,,,,Beginner,,,,,,,,,,,,,,es,,,,,,,,,,,,,,,,,,,USD,,,,https://aprende.org/cursos/view/100767,,,,,,,,,,,,https://fsvc.capacitateparaelempleo.org/CapacitateFS/coursesImages/d513e2d0-0392-4158-afca-57c98be7e01d.png,,,0.0,,,,,,,,,,,,Aprende,,,,,,,,,,,,,True,,,,,,,,,
,,,,,,,,,,,,,,,,,,,Pensamiento sistémico,,,,,,,,,,,,,,,,,,,,,,,,,,,Docentes vintage,,,,,,,,,Beginner,,,,,,,,,,,,,,es,,,,,,,,,,,,,,,,,,,USD,,,,https://aprende.org/cursos/view/100768,,,,,,,,,,,,https://fsvc.capacitateparaelempleo.org/CapacitateFS/coursesImages/d3cded6d-8b5b-48ef-9af0-0d2ffea94c39.png,,,0.0,,,,,,,,,,,,Aprende,,,,,,,,,,,,,True,,,,,,,,,
,,,,,,,,,,,,,,,,,,,La música y el  cerebro,,,,,,,,,,,,,,,,,,,,,,,,,,,Docentes vintage,,,,,,,,,Beginner,,,,,,,,,,,,,,es,,,,,,,,,,,,,,,,,,,USD,,,,https://aprende.org/cursos/view/100769,,,,,,,,,,,,https://fsvc.capacitateparaelempleo.org/CapacitateFS/coursesImages/39ac10ef-f894-4817-b285-da0f990afcf9.png,,,0.0,,,,,,,,,,,,Aprende,,,,,,,,,,,,,True,,,,,,,,,
,,,,,,,,,,,,,,,,,,,El aprendizaje en los adultos,,,,,,,,,,,,,,,,,,,,,,,,,,,Docentes vintage,,,,,,,,,Beginner,,,,,,,,,,,,,,es,,,,,,,,,,,,,,,,,,,USD,,,,https://aprende.org/cursos/view/100770,,,,,,,,,,,,https://fsvc.capacitateparaelempleo.org/CapacitateFS/coursesImages/2f12256a-a257-468a-a015-af92797cdb61.png,,,0.0,,,,,,,,,,,,Aprende,,,,,,,,,,,,,True,,,,,,,,,
,,,,,,,,,,,,,,,,,,,Ingreso a Centros de Atención Infantil,,,,,,,,,,,,,,,,,,,,,,,,,,,Docentes vintage,,,,,,,,,Beginner,,,,,,,,,,,,,,es,,,,,,,,,,,,,,,,,,,USD,,,,https://aprende.org/cursos/view/100771,,,,,,,,,,,,,,,0.0,,,,,,,,,,,,Aprende,,,,,,,,,,,,,True,,,,,,,,,
,,,,,,,,,,,,,,,,,,,La trascendencia del educador durante la primera infancia,,,,,,,,,,,,,,,,,,,,,,,,,,,Docentes vintage,,,,,,,,,Beginner,,,,,,,,,,,,,,es,,,,,,,,,,,,,,,,,,,USD,,,,https://aprende.org/cursos/view/100772,,,,,,,,,,,,https://fsvc.capacitateparaelempleo.org/CapacitateFS/coursesImages/029834a3-7420-4b52-a492-ab1d62b160f9.png,,,0.0,,,,,,,,,,,,Aprende,,,,,,,,,,,,,True,,,,,,,,,
,,,,,,,,,,,,,,,,,,,Discapacidad en la primera infancia,,,,,,,,,,,,,,,,,,,,,,,,,,,Docentes vintage,,,,,,,,,Beginner,,,,,,,,,,,,,,es,,,,,,,,,,,,,,,,,,,USD,,,,https://aprende.org/cursos/view/100773,,,,,,,,,,,,https://fsvc.capacitateparaelempleo.org/CapacitateFS/coursesImages/26e75d87-f6d7-4a96-937b-ef81158f653d.png,,,0.0,,,,,,,,,,,,Aprende,,,,,,,,,,,,,True,,,,,,,,,
,,,,,,,,,,,,,,,,,,,Jugar para crecer,,,,,,,,,,,,,,,,,,,,,,,,,,,Docentes vintage,,,,,,,,,Beginner,,,,,,,,,,,,,,es,,,,,,,,,,,,,,,,,,,USD,,,,https://aprende.org/cursos/view/100774,,,,,,,,,,,,https://fsvc.capacitateparaelempleo.org/CapacitateFS/coursesImages/3e51d13f-8525-42e4-841d-931f22f3dde3.png,,,0.0,,,,,,,,,,,,Aprende,,,,,,,,,,,,,True,,,,,,,,,
,,,,,,,,,,,,,,,,,,,Promotor del desarrollo infantil,,,,,,,,,,,,,,,,,,,,,,,,,,,Docentes vintage,,,,,,,,,Beginner,,,,,,,,,,,,,,es,,,,,,,,,,,,,,,,,,,USD,,,,https://aprende.org/cursos/view/100775,,,,,,,,,,,,https://fsvc.capacitateparaelempleo.org/CapacitateFS/coursesImages/ea824c58-ee51-4bb1-aaf9-45958937460c.png,,,0.0,,,,,,,,,,,,Aprende,,,,,,,,,,,,,True,,,,,,,,,
,,,,,,,,,,,,,,,,,,,Introducción a la facilitación presencial en pequeños grupos,,,,,,,,,,,,,,,,,,,,,,,,,,,Docentes vintage,,,,,,,,,Beginner,,,,,,,,,,,,,,es,,,,,,,,,,,,,,,,,,,USD,,,,https://aprende.org/cursos/view/100776,,,,,,,,,,,,https://fsvc.capacitateparaelempleo.org/CapacitateFS/coursesImages/57542f84-1a75-4fe9-878b-535c60242a5b.png,,,0.0,,,,,,,,,,,,Aprende,,,,,,,,,,,,,True,,,,,,,,,
,,,,,,,,,,,,,,,,,,,Facilitador de grupos,,,,,,,,,,,,,,,,,,,,,,,,,,,Docentes vintage,,,,,,,,,Beginner,,,,,,,,,,,,,,es,,,,,,,,,,,,,,,,,,,USD,,,,https://aprende.org/cursos/view/100777,,,,,,,,,,,,https://fsvc.capacitateparaelempleo.org/CapacitateFS/coursesImages/73469970-f3cf-4d12-9dee-5e8ba9e5cb8b.png,,,0.0,,,,,,,,,,,,Aprende,,,,,,,,,,,,,True,,,,,,,,,
,,,,,,,,,,,,,,,,,,,Evaluador de aprendizaje digital,,,,,,,,,,,,,,,,,,,,,,,,,,,Docentes vintage,,,,,,,,,Beginner,,,,,,,,,,,,,,es,,,,,,,,,,,,,,,,,,,USD,,,,https://aprende.org/cursos/view/100778,,,,,,,,,,,,https://fsvc.capacitateparaelempleo.org/CapacitateFS/coursesImages/759d05b6-a7da-40b6-94b2-8df86cad447b.png,,,0.0,,,,,,,,,,,,Aprende,,,,,,,,,,,,,True,,,,,,,,,
,,,,,,,,,,,,,,,,,,,Analista de necesidades de formación,,,,,,,,,,,,,,,,,,,,,,,,,,,Docentes vintage,,,,,,,,,Beginner,,,,,,,,,,,,,,es,,,,,,,,,,,,,,,,,,,USD,,,,https://aprende.org/cursos/view/100779,,,,,,,,,,,,https://fsvc.capacitateparaelempleo.org/CapacitateFS/coursesImages/525c85f8-a8cc-4d0e-b57e-7389e8edd28b.png,,,0.0,,,,,,,,,,,,Aprende,,,,,,,,,,,,,True,,,,,,,,,
,,,,,,,,,,,,,,,,,,,Desarrollador de contenidos de aprendizaje,,,,,,,,,,,,,,,,,,,,,,,,,,,Docentes vintage,,,,,,,,,Beginner,,,,,,,,,,,,,,es,,,,,,,,,,,,,,,,,,,USD,,,,https://aprende.org/cursos/view/100780,,,,,,,,,,,,https://fsvc.capacitateparaelempleo.org/CapacitateFS/coursesImages/3920679f-46ba-4bb9-a3b9-f303996fe248.png,,,0.0,,,,,,,,,,,,Aprende,,,,,,,,,,,,,True,,,,,,,,,
,,,,,,,,,,,,,,,,,,,Planea la búsqueda de información,,,,,,,,,,,,,,,,,,,,,,,,,,,Docentes vintage,,,,,,,,,Beginner,,,,,,,,,,,,,,es,,,,,,,,,,,,,,,,,,,USD,,,,https://aprende.org/cursos/view/100781,,,,,,,,,,,,https://fsvc.capacitateparaelempleo.org/CapacitateFS/coursesImages/f0ae1f6c-2cf3-4783-8a1e-a4ed95fcc20f.png,,,0.0,,,,,,,,,,,,Aprende,,,,,,,,,,,,,True,,,,,,,,,
,,,,,,,,,,,,,,,,,,,Finder,,,,,,,,,,,,,,,,,,,,,,,,,,,Docentes vintage,,,,,,,,,Beginner,,,,,,,,,,,,,,es,,,,,,,,,,,,,,,,,,,USD,,,,https://aprende.org/cursos/view/100782,,,,,,,,,,,,https://fsvc.capacitateparaelempleo.org/CapacitateFS/coursesImages/bdd3d668-261e-409a-8cb5-db27d47166f7.png,,,0.0,,,,,,,,,,,,Aprende,,,,,,,,,,,,,True,,,,,,,,,
,,,,,,,,,,,,,,,,,,,Organización y almacenamiento digital de información y datos,,,,,,,,,,,,,,,,,,,,,,,,,,,Docentes vintage,,,,,,,,,Beginner,,,,,,,,,,,,,,es,,,,,,,,,,,,,,,,,,,USD,,,,https://aprende.org/cursos/view/100783,,,,,,,,,,,,https://fsvc.capacitateparaelempleo.org/CapacitateFS/coursesImages/4968c18a-7264-449e-b89f-bc953d8d480f.png,,,0.0,,,,,,,,,,,,Aprende,,,,,,,,,,,,,True,,,,,,,,,
,,,,,,,,,,,,,,,,,,,Comunicar y presentar datos,,,,,,,,,,,,,,,,,,,,,,,,,,,Docentes vintage,,,,,,,,,Beginner,,,,,,,,,,,,,,es,,,,,,,,,,,,,,,,,,,USD,,,,https://aprende.org/cursos/view/100784,,,,,,,,,,,,https://fsvc.capacitateparaelempleo.org/CapacitateFS/coursesImages/ceddf5b1-3ddb-4025-8220-b3a80ebfa46b.png,,,0.0,,,,,,,,,,,,Aprende,,,,,,,,,,,,,True,,,,,,,,,
,,,,,,,,,,,,,,,,,,,Facilitador de aprendizaje digital,,,,,,,,,,,,,,,,,,,,,,,,,,,Docentes vintage,,,,,,,,,Beginner,,,,,,,,,,,,,,es,,,,,,,,,,,,,,,,,,,USD,,,,https://aprende.org/cursos/view/100785,,,,,,,,,,,,https://fsvc.capacitateparaelempleo.org/CapacitateFS/coursesImages/a23e3144-9e3c-4de6-998a-1d97bc99ebee.png,,,0.0,,,,,,,,,,,,Aprende,,,,,,,,,,,,,True,,,,,,,,,
,,,,,,,,,,,,,,,,,,,Evaluador de Ambientes Virtuales de Aprendizaje,,,,,,,,,,,,,,,,,,,,,,,,,,,Docentes vintage,,,,,,,,,Beginner,,,,,,,,,,,,,,es,,,,,,,,,,,,,,,,,,,USD,,,,https://aprende.org/cursos/view/100786,,,,,,,,,,,,https://fsvc.capacitateparaelempleo.org/CapacitateFS/coursesImages/8f539794-41a9-4b3d-8ad0-e4d87e3ce473.png,,,0.0,,,,,,,,,,,,Aprende,,,,,,,,,,,,,True,,,,,,,,,
,,,,,,,,,,,,,,,,,,,Administrador de plataformas digitales de aprendizaje,,,,,,,,,,,,,,,,,,,,,,,,,,,Docentes vintage,,,,,,,,,Beginner,,,,,,,,,,,,,,es,,,,,,,,,,,,,,,,,,,USD,,,,https://aprende.org/cursos/view/100787,,,,,,,,,,,,https://fsvc.capacitateparaelempleo.org/CapacitateFS/coursesImages/edbfec6d-e489-4644-9a14-ffb1ef983a74.png,,,0.0,,,,,,,,,,,,Aprende,,,,,,,,,,,,,True,,,,,,,,,
,,,,,,,,,,,,,,,,,,,Administrador de proyectos para ambientes virtuales de aprendizaje,,,,,,,,,,,,,,,,,,,,,,,,,,,Docentes vintage,,,,,,,,,Beginner,,,,,,,,,,,,,,es,,,,,,,,,,,,,,,,,,,USD,,,,https://aprende.org/cursos/view/100788,,,,,,,,,,,,https://fsvc.capacitateparaelempleo.org/CapacitateFS/coursesImages/40ceec5d-0096-41db-84ff-a1fdcdee9149.png,,,0.0,,,,,,,,,,,,Aprende,,,,,,,,,,,,,True,,,,,,,,,
,,,,,,,,,,,,,,,,,,,Salud Digital,,,,,,,,,,,,,,,,,,,,,,,,,,,Docentes vintage,,,,,,,,,Beginner,,,,,,,,,,,,,,es,,,,,,,,,,,,,,,,,,,USD,,,,https://aprende.org/cursos/view/100789,,,,,,,,,,,,https://fsvc.capacitateparaelempleo.org/CapacitateFS/coursesImages/a9db5a1c-8898-4715-814b-b5ff6df42716.png,,,0.0,,,,,,,,,,,,Aprende,,,,,,,,,,,,,True,,,,,,,,,
,,,,,,,,,,,,,,,,,,,Seguridad en dispositivos móviles y aplicativos (datos personales),,,,,,,,,,,,,,,,,,,,,,,,,,,Docentes vintage,,,,,,,,,Beginner,,,,,,,,,,,,,,es,,,,,,,,,,,,,,,,,,,USD,,,,https://aprende.org/cursos/view/100790,,,,,,,,,,,,https://fsvc.capacitateparaelempleo.org/CapacitateFS/coursesImages/f1186b97-d8e0-4dbf-bf89-b3db44f73f74.png,,,0.0,,,,,,,,,,,,Aprende,,,,,,,,,,,,,True,,,,,,,,,
,,,,,,,,,,,,,,,,,,,Responsabilidad digital (Trabajo remoto),,,,,,,,,,,,,,,,,,,,,,,,,,,Docentes vintage,,,,,,,,,Beginner,,,,,,,,,,,,,,es,,,,,,,,,,,,,,,,,,,USD,,,,https://aprende.org/cursos/view/100791,,,,,,,,,,,,https://fsvc.capacitateparaelempleo.org/CapacitateFS/coursesImages/a68d0326-cae2-4f7b-aebd-e83d8bf8cdba.png,,,0.0,,,,,,,,,,,,Aprende,,,,,,,,,,,,,True,,,,,,,,,
,,,,,,,,,,,,,,,,,,,Identificación de información errónea,,,,,,,,,,,,,,,,,,,,,,,,,,,Docentes vintage,,,,,,,,,Intermediate,,,,,,,,,,,,,,es,,,,,,,,,,,,,,,,,,,USD,,,,https://aprende.org/cursos/view/100792,,,,,,,,,,,,https://fsvc.capacitateparaelempleo.org/CapacitateFS/coursesImages/72847575-bf71-4114-8de3-1025fa30a881.png,,,0.0,,,,,,,,,,,,Aprende,,,,,,,,,,,,,True,,,,,,,,,
,,,,,,,,,,,,,,,,,,,Uso de herramientas colaborativas,,,,,,,,,,,,,,,,,,,,,,,,,,,Docentes vintage,,,,,,,,,Beginner,,,,,,,,,,,,,,es,,,,,,,,,,,,,,,,,,,USD,,,,https://aprende.org/cursos/view/100793,,,,,,,,,,,,https://fsvc.capacitateparaelempleo.org/CapacitateFS/coursesImages/b208785f-85e0-43d9-b0c0-21335c25aeb9.png,,,0.0,,,,,,,,,,,,Aprende,,,,,,,,,,,,,True,,,,,,,,,
,,,,,,,,,,,,,,,,,,,Comunicación por videollamadas,,,,,,,,,,,,,,,,,,,,,,,,,,,Docentes vintage,,,,,,,,,Beginner,,,,,,,,,,,,,,es,,,,,,,,,,,,,,,,,,,USD,,,,https://aprende.org/cursos/view/100794,,,,,,,,,,,,https://fsvc.capacitateparaelempleo.org/CapacitateFS/coursesImages/1179d1ec-3d48-4b56-b3cf-5b87ce0e7c8d.png,,,0.0,,,,,,,,,,,,Aprende,,,,,,,,,,,,,True,,,,,,,,,
,,,,,,,,,,,,,,,,,,,Uso de asistentes virtuales,,,,,,,,,,,,,,,,,,,,,,,,,,,Docentes vintage,,,,,,,,,Beginner,,,,,,,,,,,,,,es,,,,,,,,,,,,,,,,,,,USD,,,,https://aprende.org/cursos/view/100795,,,,,,,,,,,,https://fsvc.capacitateparaelempleo.org/CapacitateFS/coursesImages/dcfe0a34-373e-4754-8965-7301d9bb9941.png,,,0.0,,,,,,,,,,,,Aprende,,,,,,,,,,,,,True,,,,,,,,,
,,,,,,,,,,,,,,,,,,,Prácticas de mecanografía,,,,,,,,,,,,,,,,,,,,,,,,,,,Docentes vintage,,,,,,,,,Beginner,,,,,,,,,,,,,,es,,,,,,,,,,,,,,,,,,,USD,,,,https://aprende.org/cursos/view/100796,,,,,,,,,,,,https://fsvc.capacitateparaelempleo.org/CapacitateFS/coursesImages/edaa5c63-bcc9-4c69-a576-d8f7a0e34f8e.png,,,0.0,,,,,,,,,,,,Aprende,,,,,,,,,,,,,True,,,,,,,,,
,,,,,,,,,,,,,,,,,,,Prácticas de ofimática,,,,,,,,,,,,,,,,,,,,,,,,,,,Docentes vintage,,,,,,,,,Beginner,,,,,,,,,,,,,,es,,,,,,,,,,,,,,,,,,,USD,,,,https://aprende.org/cursos/view/100797,,,,,,,,,,,,https://fsvc.capacitateparaelempleo.org/CapacitateFS/coursesImages/166d8dc4-2aef-480e-b409-622a9e1efb82.png,,,0.0,,,,,,,,,,,,Aprende,,,,,,,,,,,,,True,,,,,,,,,
,,,,,,,,,,,,,,,,,,,Cómputo básico,,,,,,,,,,,,,,,,,,,,,,,,,,,Docentes vintage,,,,,,,,,Beginner,,,,,,,,,,,,,,es,,,,,,,,,,,,,,,,,,,USD,,,,https://aprende.org/cursos/view/100798,,,,,,,,,,,,https://fsvc.capacitateparaelempleo.org/CapacitateFS/coursesImages/15f21d33-49b1-4a91-a506-29c438d5f3c5.png,,,0.0,,,,,,,,,,,,Aprende,,,,,,,,,,,,,True,,,,,,,,,
,,,,,,,,,,,,,,,,,,,Uso de interfaz de dispositivos móviles,,,,,,,,,,,,,,,,,,,,,,,,,,,Docentes vintage,,,,,,,,,Beginner,,,,,,,,,,,,,,es,,,,,,,,,,,,,,,,,,,USD,,,,https://aprende.org/cursos/view/100799,,,,,,,,,,,,https://fsvc.capacitateparaelempleo.org/CapacitateFS/coursesImages/f4bbb1ee-bcbf-4b0d-a980-1e9d678fbaff.png,,,0.0,,,,,,,,,,,,Aprende,,,,,,,,,,,,,True,,,,,,,,,
,,,,,,,,,,,,,,,,,,,Diseñador de peticiones para modelos de IA generativa,,,,,,,,,,,,,,,,,,,,,,,,,,,Docentes vintage,,,,,,,,,Intermediate,,,,,,,,,,,,,,es,,,,,,,,,,,,,,,,,,,USD,,,,https://aprende.org/cursos/view/100800,,,,,,,,,,,,https://fsvc.capacitateparaelempleo.org/CapacitateFS/coursesImages/d8ab3913-d454-47f1-8563-bece5094f0d1.png,,,0.0,,,,,,,,,,,,Aprende,,,,,,,,,,,,,True,,,,,,,,,
,,,,,,,,,,,,,,,,,,,Fundamentos del trastorno del espectro autista,,,,,,,,,,,,,,,,,,,,,,,,,,,Docentes vintage,,,,,,,,,Beginner,,,,,,,,,,,,,,es,,,,,,,,,,,,,,,,,,,USD,,,,https://aprende.org/cursos/view/100801,,,,,,,,,,,,https://fsvc.capacitateparaelempleo.org/CapacitateFS/coursesImages/b38fd861-96b5-428d-9943-d7420fa88330.png,,,0.0,,,,,,,,,,,,Aprende,,,,,,,,,,,,,True,,,,,,,,,
,,,,,,,,,,,,,,,,,,,Síndrome de Down: El Espacio de Michelle,,,,,,,,,,,,,,,,,,,,,,,,,,,Docentes vintage,,,,,,,,,Beginner,,,,,,,,,,,,,,es,,,,,,,,,,,,,,,,,,,USD,,,,https://aprende.org/cursos/view/100802,,,,,,,,,,,,https://fsvc.capacitateparaelempleo.org/CapacitateFS/coursesImages/bad8956f-f466-4f36-a936-ad8ae9cc38d1.png,,,0.0,,,,,,,,,,,,Aprende,,,,,,,,,,,,,True,,,,,,,,,
,,,,,,,,,,,,,,,,,,,Lengua de señas mexicana,,,,,,,,,,,,,,,,,,,,,,,,,,,Docentes vintage,,,,,,,,,Beginner,,,,,,,,,,,,,,es,,,,,,,,,,,,,,,,,,,USD,,,,https://aprende.org/cursos/view/100803,,,,,,,,,,,,https://fsvc.capacitateparaelempleo.org/CapacitateFS/coursesImages/ed24b35c-b647-49b0-ad8d-85ea4c44d7b4.png,,,0.0,,,,,,,,,,,,Aprende,,,,,,,,,,,,,True,,,,,,,,,
,,,,,,,,,,,,,,,,,,,Mejora tu ortografía y redacción,,,,,,,,,,,,,,,,,,,,,,,,,,,Docentes vintage,,,,,,,,,Beginner,,,,,,,,,,,,,,es,,,,,,,,,,,,,,,,,,,USD,,,,https://aprende.org/cursos/view/100804,,,,,,,,,,,,https://fsvc.capacitateparaelempleo.org/CapacitateFS/coursesImages/a5949d43-b949-4442-9ef3-e4b84550d873.png,,,0.0,,,,,,,,,,,,Aprende,,,,,,,,,,,,,True,,,,,,,,,
,,,,,,,,,,,,,,,,,,,Promotor en prevención de accidentes,,,,,,,,,,,,,,,,,,,,,,,,,,,Docentes vintage,,,,,,,,,Beginner,,,,,,,,,,,,,,es,,,,,,,,,,,,,,,,,,,USD,,,,https://aprende.org/cursos/view/100805,,,,,,,,,,,,https://fsvc.capacitateparaelempleo.org/CapacitateFS/coursesImages/f3061a1d-c387-491c-b342-08682faf0bd4.png,,,0.0,,,,,,,,,,,,Aprende,,,,,,,,,,,,,True,,,,,,,,,
,,,,,,,,,,,,,,,,,,,Constructor de paz,,,,,,,,,,,,,,,,,,,,,,,,,,,Docentes vintage,,,,,,,,,Beginner,,,,,,,,,,,,,,es,,,,,,,,,,,,,,,,,,,USD,,,,https://aprende.org/cursos/view/100806,,,,,,,,,,,,https://fsvc.capacitateparaelempleo.org/CapacitateFS/coursesImages/fb7c8270-2de9-4a22-8506-e22289cda5e4.png,,,0.0,,,,,,,,,,,,Aprende,,,,,,,,,,,,,True,,,,,,,,,
,,,,,,,,,,,,,,,,,,,Uso de aplicaciones de emergencia,,,,,,,,,,,,,,,,,,,,,,,,,,,Docentes vintage,,,,,,,,,Beginner,,,,,,,,,,,,,,es,,,,,,,,,,,,,,,,,,,USD,,,,https://aprende.org/cursos/view/100807,,,,,,,,,,,,https://fsvc.capacitateparaelempleo.org/CapacitateFS/coursesImages/637869f4-3d51-42de-83be-4dcf7b145b15.png,,,0.0,,,,,,,,,,,,Aprende,,,,,,,,,,,,,True,,,,,,,,,
,,,,,,,,,,,,,,,,,,,Técnicas y recursos para mejorar la comunicación en el aula,,,,,,,,,,,,,,,,,,,,,,,,,,,Docentes vintage,,,,,,,,,Beginner,,,,,,,,,,,,,,es,,,,,,,,,,,,,,,,,,,USD,,,,https://aprende.org/cursos/view/100808,,,,,,,,,,,,https://fsvc.capacitateparaelempleo.org/CapacitateFS/coursesImages/ec30e5e9-955a-4387-9f06-dce0a9e16314.png,,Conoce el nuevo ámbito de la serie Lo que debes de saber y descubre cómo expresarte mejor.,0.0,,,,,,,,,,,,Aprende,,,,,,,,,,,,,True,,,,,,,,,
,,,,,,,,,,,,,,,,,,,Técnicas y recursos para mejorar la comunicación en el aula,,,,,,,,,,,,,,,,,,,,,,,,,,,Docentes vintage,,,,,,,,,Beginner,,,,,,,,,,,,,,es,,,,,,,,,,,,,,,,,,,USD,,,,https://aprende.org/cursos/view/100809,,,,,,,,,,,,https://fsvc.capacitateparaelempleo.org/CapacitateFS/coursesImages/5d7fcfc2-f329-49e4-8150-3f5c9c209eff.png,,,0.0,,,,,,,,,,,,Aprende,,,,,,,,,,,,,True,,,,,,,,,
,,,,,,,,,,,,,,,,,,,Herramientas y estrategias para mejorar la comprensión lectora,,,,,,,,,,,,,,,,,,,,,,,,,,,Docentes vintage,,,,,,,,,Beginner,,,,,,,,,,,,,,es,,,,,,,,,,,,,,,,,,,USD,,,,https://aprende.org/cursos/view/100810,,,,,,,,,,,,https://fsvc.capacitateparaelempleo.org/CapacitateFS/coursesImages/c7e370f0-b0ca-42e3-9ce0-7cc5973215d4.png,,Identifica por qué es importante la comprensión lectora.,0.0,,,,,,,,,,,,Aprende,,,,,,,,,,,,,True,,,,,,,,,
,,,,,,,,,,,,,,,,,,,Herramientas y estrategias para mejorar la comprensión lectora,,,,,,,,,,,,,,,,,,,,,,,,,,,Docentes vintage,,,,,,,,,Beginner,,,,,,,,,,,,,,es,,,,,,,,,,,,,,,,,,,USD,,,,https://aprende.org/cursos/view/100811,,,,,,,,,,,,https://fsvc.capacitateparaelempleo.org/CapacitateFS/coursesImages/13def353-8db4-4879-9e7d-2b8bc00f1c21.png,,,0.0,,,,,,,,,,,,Aprende,,,,,,,,,,,,,True,,,,,,,,,
,,,,,,,,,,,,,,,,,,,Círculos matemáticos,,,,,,,,,,,,,,,,,,,,,,,,,,,Docentes vintage,,,,,,,,,Beginner,,,,,,,,,,,,,,es,,,,,,,,,,,,,,,,,,,USD,,,,https://aprende.org/cursos/view/100812,,,,,,,,,,,,https://fsvc.capacitateparaelempleo.org/CapacitateFS/coursesImages/2ab31c97-3990-4875-be14-376b319d2d80.png,,Conoce la metodología de Círculos Matemáticos y cómo puedes utilizar esta experiencia con tus alumnos.,0.0,,,,,,,,,,,,Aprende,,,,,,,,,,,,,True,,,,,,,,,
,,,,,,,,,,,,,,,,,,,Entendiendo y abordando los trastornos del aprendizaje,,,,,,,,,,,,,,,,,,,,,,,,,,,Docentes vintage,,,,,,,,,Beginner,,,,,,,,,,,,,,es,,,,,,,,,,,,,,,,,,,USD,,,,https://aprende.org/cursos/view/100815,,,,,,,,,,,,https://fsvc.capacitateparaelempleo.org/CapacitateFS/coursesImages/9de86ad8-9e90-4d94-a052-7495ca24dec9.png,,,0.0,,,,,,,,,,,,Aprende,,,,,,,,,,,,,True,,,,,,,,,
,,,,,,,,,,,,,,,,,,,Habilidades socioemocionales en clase,,,,,,,,,,,,,,,,,,,,,,,,,,,Docentes vintage,,,,,,,,,Beginner,,,,,,,,,,,,,,es,,,,,,,,,,,,,,,,,,,USD,,,,https://aprende.org/cursos/view/100816,,,,,,,,,,,,https://fsvc.capacitateparaelempleo.org/CapacitateFS/coursesImages/e282f973-9c7e-4e8d-bdfd-90abdf14f8c2.png,,,0.0,,,,,,,,,,,,Aprende,,,,,,,,,,,,,True,,,,,,,,,
,,,,,,,,,,,,,,,,,,,Pasos para innovar en el aula,,,,,,,,,,,,,,,,,,,,,,,,,,,Docentes vintage,,,,,,,,,Beginner,,,,,,,,,,,,,,es,,,,,,,,,,,,,,,,,,,USD,,,,https://aprende.org/cursos/view/100817,,,,,,,,,,,,https://fsvc.capacitateparaelempleo.org/CapacitateFS/coursesImages/5f74d1e3-08d0-48f7-b7ed-8464a41f28f0.png,,Conoce la importancia de innovar en el aula mediante estrategias dinámicas que fomenten la creatividad y el compromiso de tus estudiantes.,0.0,,,,,,,,,,,,Aprende,,,,,,,,,,,,,True,,,,,,,,,
,,,,,,,,,,,,,,,,,,,Apps y sitios para aprender,,,,,,,,,,,,,,,,,,,,,,,,,,,Docentes vintage,,,,,,,,,Beginner,,,,,,,,,,,,,,es,,,,,,,,,,,,,,,,,,,USD,,,,https://aprende.org/cursos/view/100818,,,,,,,,,,,,https://fsvc.capacitateparaelempleo.org/CapacitateFS/coursesImages/5886545f-06c6-4108-82ef-c695f2f61276.png,,"Examina las características clave que distinguen a un sitio web adaptativo de una aplicación, considerando su funcionalidad, accesibilidad y pertinencia educativa.",0.0,,,,,,,,,,,,Aprende,,,,,,,,,,,,,True,,,,,,,,,
,,,,,,,,,,,,,,,,,,,ABC de dispositivos móviles,,,,,,,,,,,,,,,,,,,,,,,,,,,Docentes vintage,,,,,,,,,Beginner,,,,,,,,,,,,,,es,,,,,,,,,,,,,,,,,,,USD,,,,https://aprende.org/cursos/view/100819,,,,,,,,,,,,https://fsvc.capacitateparaelempleo.org/CapacitateFS/coursesImages/00b84db0-1d42-4c85-8e6e-5e46d3b23a02.png,,Explora los tipos más comunes de dispositivos móviles y cómo sus sistemas operativos influyen en su uso didáctico.,0.0,,,,,,,,,,,,Aprende,,,,,,,,,,,,,True,,,,,,,,,
,,,,,,,,,,,,,,,,,,,Dispositivos móviles en la educación,,,,,,,,,,,,,,,,,,,,,,,,,,,Docentes vintage,,,,,,,,,Beginner,,,,,,,,,,,,,,es,,,,,,,,,,,,,,,,,,,USD,,,,https://aprende.org/cursos/view/100821,,,,,,,,,,,,https://fsvc.capacitateparaelempleo.org/CapacitateFS/coursesImages/428e0696-b263-43d2-8a07-ad478be20b00.png,,Identifica los dispositivos móviles más comunes y cómo su sistema operativo influye en su uso educativo.,0.0,,,,,,,,,,,,Aprende,,,,,,,,,,,,,True,,,,,,,,,
,,,,,,,,,,,,,,,,,,,Enseña con STEM,,,,,,,,,,,,,,,,,,,,,,,,,,,Docentes vintage,,,,,,,,,Beginner,,,,,,,,,,,,,,es,,,,,,,,,,,,,,,,,,,USD,,,,https://aprende.org/cursos/view/100822,,,,,,,,,,,,https://fsvc.capacitateparaelempleo.org/CapacitateFS/coursesImages/9cc78cef-251e-4883-9c10-3ee8579de445.png,,Examina los componentes que integran el enfoque STEM y su relevancia en la formación de competencias para el siglo XXI.,0.0,,,,,,,,,,,,Aprende,,,,,,,,,,,,,True,,,,,,,,,
,,,,,,,,,,,,,,,,,,,Construye tus gadgets,,,,,,,,,,,,,,,,,,,,,,,,,,,Docentes vintage,,,,,,,,,Beginner,,,,,,,,,,,,,,es,,,,,,,,,,,,,,,,,,,USD,,,,https://aprende.org/cursos/view/100823,,,,,,,,,,,,https://fsvc.capacitateparaelempleo.org/CapacitateFS/coursesImages/ea19bcdd-268a-40aa-ad3f-eaea77824bbd.png,,"Conoce el propósito del curso, explora el enfoque “hazlo tú mismo” y prepárate para construir gadgets útiles con materiales accesibles y creatividad.",0.0,,,,,,,,,,,,Aprende,,,,,,,,,,,,,True,,,,,,,,,
,,,,,,,,,,,,,,,,,,,Aprendizaje basado en retos,,,,,,,,,,,,,,,,,,,,,,,,,,,Docentes vintage,,,,,,,,,Beginner,,,,,,,,,,,,,,es,,,,,,,,,,,,,,,,,,,USD,,,,https://aprende.org/cursos/view/100824,,,,,,,,,,,,https://fsvc.capacitateparaelempleo.org/CapacitateFS/coursesImages/dfa3171c-7a2b-4249-a135-12c90612075a.png,,Descubre en qué consiste el Aprendizaje Basado en Retos y cómo puede transformar tu práctica docente.,0.0,,,,,,,,,,,,Aprende,,,,,,,,,,,,,True,,,,,,,,,
,,,,,,,,,,,,,,,,,,,Con los ojos del corazón - Docencia con sentido desde El Principito,,,,,,,,,,,,,,,,,,,,,,,,,,,Docentes vintage,,,,,,,,,Intermediate,,,,,,,,,,,,,,es,,,,,,,,,,,,,,,,,,,USD,,,,https://aprende.org/cursos/view/100826,,,,,,,,,,,,https://fsvc.capacitateparaelempleo.org/CapacitateFS/coursesImages/c1b132b9-701f-4395-9c97-2b32db6cf2d4.png,,"Acompañar al docente durante el inicio de ciclo escolar y el resto del año en un proceso de reflexión y aplicación pedagógica que recupere el sentido humano, emocional y simbólico de su práctica, a partir de las enseñanzas de  El Principito .",0.0,,,,,,,,,,,,Aprende,,,,,,,,,,,,,True,,,,,,,,,
,,,,,,,,,,,,,,,,,,,Prueba Docentes,,,,,,,,,,,,,,,,,,,,,,,,,,,Docentes vintage,,,,,,,,,Beginner,,,,,,,,,,,,,,es,,,,,,,,,,,,,,,,,,,USD,,,,https://aprende.org/cursos/view/100841,,,,,,,,,,,,https://fsvc.capacitateparaelempleo.org/CapacitateFS/coursesImages/a483ff31-5ac8-4ab2-9e60-9e108c472e3a.png,,,0.0,,,,,,,,,,,,Aprende,,,,,,,,,,,,,True,,,,,,,,,
,,,,,,,,,,,,,,,,,,,"Derechos de las niñas, niños y adolescentes",,,,,,,,,,,,,,,,,,,,,,,,,,,Docentes,,,,,,,,,Intermediate,,,,,,,,,,,,,,es,,,,,,,,,,,,,,,,,,,USD,,,,https://aprende.org/cursos/view/100825,,,,,,,,,,,,https://fsvc.capacitateparaelempleo.org/CapacitateFS/coursesImages/59e4e263-9e43-475c-9d80-7e496f12883c.png,,"Fortalece tu práctica pedagógica y asume tu papel como docente para convertirte en un agente de cambio que impacte positivamente en las niñas, niños y adolescentes del alumnado mediante el fomento de sus derechos.",0.0,,,,,,,,,,,,Aprende,,,,,,,,,,,,,True,,,,,,,,,
,,,,,,,,,,,,,,,,,,,La ciencia y los niños  (Docentes),,,,,,,,,,,,,,,,,,,,,,,,,,,Docentes,,,,,,,,,,,,,,,,,,,,,,,es,,,,,,,,,,,,,,,,,,,USD,,,,https://aprende.org/cursos/view/100866,,,,,,,,,,,,https://fsvc.capacitateparaelempleo.org/CapacitateFS/coursesImages/3b30118f-48b9-4000-9acc-0fc520de4f80.png,,¡Bienvenido! Este curso se enfoca en crear experiencias teórico-prácticas que provean a los adultos recursos para ayudar al niño a comprender su entorno.,0.0,,,,,,,,,,,,Aprende,,,,,,,,,,,,,True,,,,,,,,,
,,,,,,,,,,,,,,,,,,,Docente facilitador de aprendizaje digital,,,,,,,,,,,,,,,,,,,,,,,,,,,Docentes,,,,,,,,,,,,,,,,,,,,,,,es,,,,,,,,,,,,,,,,,,,USD,,,,https://aprende.org/cursos/view/100867,,,,,,,,,,,,https://fsvc.capacitateparaelempleo.org/CapacitateFS/coursesImages/a23e3144-9e3c-4de6-998a-1d97bc99ebee.png,,"¡Bienvenido! 
 Conviértete en un experto de la comunicación y la didáctica, ayuda a todos los miembros del equipo a alcanzar sus objetivos dentro del espacio y tiempo dedicado a un curso o experiencia de aprendizaje. Lleva a cabo la mediación que se requiere entre la materia de estudio y las personas, de acuerdo a sus necesidades individuales y grupales y entre los mismos miembros del grupo. 
 ¡Éxito en tu capacitación!",0.0,,,,,,,,,,,,Aprende,,,,,,,,,,,,,True,,,,,,,,,
,,,,,,,,,,,,,,,,,,,Docente evaluador de aprendizaje digital,,,,,,,,,,,,,,,,,,,,,,,,,,,Docentes,,,,,,,,,,,,,,,,,,,,,,,es,,,,,,,,,,,,,,,,,,,USD,,,,https://aprende.org/cursos/view/100868,,,,,,,,,,,,https://fsvc.capacitateparaelempleo.org/CapacitateFS/coursesImages/759d05b6-a7da-40b6-94b2-8df86cad447b.png,,"Un evaluador de aprendizaje digital se encarga de planear, diseñar e implementar diferentes tipos de evaluaciones dentro de ambientes virtuales de aprendizaje, tanto en niveles de educación básica como en niveles de educación media y superior.",0.0,,,,,,,,,,,,Aprende,,,,,,,,,,,,,True,,,,,,,,,
,,,,,,,,,,,,,,,,,,,Docente facilitador de grupos,,,,,,,,,,,,,,,,,,,,,,,,,,,Docentes,,,,,,,,,,,,,,,,,,,,,,,es,,,,,,,,,,,,,,,,,,,USD,,,,https://aprende.org/cursos/view/100869,,,,,,,,,,,,https://fsvc.capacitateparaelempleo.org/CapacitateFS/coursesImages/73469970-f3cf-4d12-9dee-5e8ba9e5cb8b.png,,"¡Bienvenido! 
 Identifica las pautas y lineamientos necesarios, para ser un facilitador de grupos.",0.0,,,,,,,,,,,,Aprende,,,,,,,,,,,,,True,,,,,,,,,
,,,,,,,,,,,,,,,,,,,Introducción a la facilitación presencial en pequeños grupos (Docentes),,,,,,,,,,,,,,,,,,,,,,,,,,,Docentes,,,,,,,,,,,,,,,,,,,,,,,es,,,,,,,,,,,,,,,,,,,USD,,,,https://aprende.org/cursos/view/100870,,,,,,,,,,,,https://fsvc.capacitateparaelempleo.org/CapacitateFS/coursesImages/57542f84-1a75-4fe9-878b-535c60242a5b.png,,,0.0,,,,,,,,,,,,Aprende,,,,,,,,,,,,,True,,,,,,,,,
,,,,,,,,,,,,,,,,,,,Cuidador de niños  - Copia,,,,,,,,,,,,,,,,,,,,,,,,,,,Docentes,,,,,,,,,,,,,,,,,,,,,,,es,,,,,,,,,,,,,,,,,,,USD,,,,https://aprende.org/cursos/view/100871,,,,,,,,,,,,https://fsvc.capacitateparaelempleo.org/CapacitateFS/coursesImages/ed71c7f4-2155-4781-aa2c-e0bbb61fd862.png,,"¡Bienvenido! 
 Como cuidador de niños serás el responsable de atender sus necesidades y brindarles estímulos necesarios para su desarrollo integral. Diviértete con ellos y disfruta de todo lo que comparten, asegurándote en todo momento de cuidar su integridad física y emocional. 
 ¡Éxito en tu capacitación!",0.0,,,,,,,,,,,,Aprende,,,,,,,,,,,,,True,,,,,,,,,
,,,,,,,,,,,,,,,,,,,La trascendencia del educador durante la primera infancia (Docentes),,,,,,,,,,,,,,,,,,,,,,,,,,,Docentes,,,,,,,,,Intermediate,,,,,,,,,,,,,,es,,,,,,,,,,,,,,,,,,,USD,,,,https://aprende.org/cursos/view/100872,,,,,,,,,,,,https://fsvc.capacitateparaelempleo.org/CapacitateFS/coursesImages/029834a3-7420-4b52-a492-ab1d62b160f9.png,,"¡Bienvenido! La labor del educador en la primera infancia es fundamental para el desarrollo integral del niño y su adaptación al entorno. 
 Te invitamos a explorar este contenido para sumar herramientas pedagógicas y socioemocionales que favorezcan el bienestar y el aprendizaje. 
 Aquí encontrarás las etapas del desarrollo, construir ambientes enriquecidos, comunicarte asertivamente y utilizar herramientas tecnológicas. 
 ¡Comienza tu formación y descubre nuevas habilidades!",0.0,,,,,,,,,,,,Aprende,,,,,,,,,,,,,True,,,,,,,,,
,,,,,,,,,,,,,,,,,,,Discapacidad en la primera infancia (Docentes),,,,,,,,,,,,,,,,,,,,,,,,,,,Docentes,,,,,,,,,,,,,,,,,,,,,,,es,,,,,,,,,,,,,,,,,,,USD,,,,https://aprende.org/cursos/view/100873,,,,,,,,,,,,https://fsvc.capacitateparaelempleo.org/CapacitateFS/coursesImages/26e75d87-f6d7-4a96-937b-ef81158f653d.png,,"El Programa de Educación Inicial de Fundación Carlos Slim , agradece la participación de  Save the Children   y  Fundación Inclúyeme   para el desarrollo de este curso. Es a través de un trabajo colaborativo que podremos propiciar una nueva perspectiva en relación a la discapacidad y con ello actuar con sensibilidad y empatía para mejorar la calidad de vida de los niños con discapacidad. 
 ¡Éxito en tu capacitación!",0.0,,,,,,,,,,,,Aprende,,,,,,,,,,,,,True,,,,,,,,,
,,,,,,,,,,,,,,,,,,,Jugar para crecer (Docentes),,,,,,,,,,,,,,,,,,,,,,,,,,,Docentes,,,,,,,,,,,,,,,,,,,,,,,es,,,,,,,,,,,,,,,,,,,USD,,,,https://aprende.org/cursos/view/100874,,,,,,,,,,,,https://fsvc.capacitateparaelempleo.org/CapacitateFS/coursesImages/3e51d13f-8525-42e4-841d-931f22f3dde3.png,,"El Programa de Educación Inicial de Fundación Carlos Slim, agradece la contribución   The LEGO Foundation  y  Sésamo  para la realización de este curso. Sumando esfuerzos promovemos rescatar el valor del Juego en la vida de los niños y de sus cuidadores y hacer de éste, una actividad cotidiana, libre y vital.",0.0,,,,,,,,,,,,Aprende,,,,,,,,,,,,,True,,,,,,,,,
,,,,,,,,,,,,,,,,,,,Crecer juntos (Docentes),,,,,,,,,,,,,,,,,,,,,,,,,,,Docentes,,,,,,,,,,,,,,,,,,,,,,,es,,,,,,,,,,,,,,,,,,,USD,,,,https://aprende.org/cursos/view/100875,,,,,,,,,,,,https://fsvc.capacitateparaelempleo.org/CapacitateFS/coursesImages/a87e4d0b-bebc-4c73-bb1a-aaebd709343a.png,,"¡Bienvenido! 
 Desarrolla capacidades de cuidado en los adultos responsables de la crianza de niños pequeños para promover su desarrollo saludable en todas las dimensiones de su vida.",0.0,,,,,,,,,,,,Aprende,,,,,,,,,,,,,True,,,,,,,,,
,,,,,,,,,,,,,,,,,,,Promotor del desarrollo infantil - Copia,,,,,,,,,,,,,,,,,,,,,,,,,,,Docentes,,,,,,,,,,,,,,,,,,,,,,,es,,,,,,,,,,,,,,,,,,,USD,,,,https://aprende.org/cursos/view/100876,,,,,,,,,,,,https://fsvc.capacitateparaelempleo.org/CapacitateFS/coursesImages/ea824c58-ee51-4bb1-aaf9-45958937460c.png,,,0.0,,,,,,,,,,,,Aprende,,,,,,,,,,,,,True,,,,,,,,,
,,,,,,,,,,,,,,,,,,,El arte en la vida de los niños (Docentes),,,,,,,,,,,,,,,,,,,,,,,,,,,Docentes,,,,,,,,,Intermediate,,,,,,,,,,,,,,es,,,,,,,,,,,,,,,,,,,USD,,,,https://aprende.org/cursos/view/100877,,,,,,,,,,,,https://fsvc.capacitateparaelempleo.org/CapacitateFS/coursesImages/44138c59-142c-42b4-bf3d-a26de4535414.png,,"Este curso está dirigido a los adultos responsables del cuidado y educación de las niñas y los niños en la primera infancia, con el fin de brindarles información y estrategias relevantes, para que se conviertan en mediadores de experiencias que permitan a los niños relacionarse con el arte en todas sus manifestaciones: la narración, la pintura, la danza o el movimiento.",0.0,,,,,,,,,,,,Aprende,,,,,,,,,,,,,True,,,,,,,,,
,,,,,,,,,,,,,,,,,,,Docente desarrollador de contenidos de aprendizaje,,,,,,,,,,,,,,,,,,,,,,,,,,,Docentes,,,,,,,,,,,,,,,,,,,,,,,es,,,,,,,,,,,,,,,,,,,USD,,,,https://aprende.org/cursos/view/100878,,,,,,,,,,,,https://fsvc.capacitateparaelempleo.org/CapacitateFS/coursesImages/3920679f-46ba-4bb9-a3b9-f303996fe248.png,,"Desarróllate en un nuevo sector industrial que está revolucionando los sistemas tradicionales de aprendizaje en todo el mundo. La educación digital promueve un mayor flujo de la información y del conocimiento. En plataformas e-Learning diseñarás y desarrollarás contenido didáctico y de multimedia que contribuya al aprendizaje de forma significativa.   
  Bienvenido a “Desarrollador de Contenidos de Aprendizaje”",0.0,,,,,,,,,,,,Aprende,,,,,,,,,,,,,True,,,,,,,,,
,,,,,,,,,,,,,,,,,,,Administrador de plataformas digitales de aprendizaje (Docentes),,,,,,,,,,,,,,,,,,,,,,,,,,,Docentes,,,,,,,,,Intermediate,,,,,,,,,,,,,,es,,,,,,,,,,,,,,,,,,,USD,,,,https://aprende.org/cursos/view/100879,,,,,,,,,,,,https://fsvc.capacitateparaelempleo.org/CapacitateFS/coursesImages/edbfec6d-e489-4644-9a14-ffb1ef983a74.png,,"¡Bienvenido! 
 El administrador de plataformas digitales de aprendizaje es la persona responsable de gestionar la actualización, modificación y operación de una plataforma enfocada a la enseñanza, una vez que ésta ha sido desarrollada y puesta en operación. La función del administrador está enfocada a la planificación, ejecución, seguimiento y control de tareas en grupos de trabajo multidisciplinarios cuyo fin sea el mejorar la plataforma, tanto en contenido como en operación.",0.0,,,,,,,,,,,,Aprende,,,,,,,,,,,,,True,,,,,,,,,
,,,,,,,,,,,,,,,,,,,Cultura de paz en el aula,,,,,,,,,,,,,,,,,,,,,,,,,,,Docentes,,,,,,,,,,,,,,,,,,,,,,,es,,,,,,,,,,,,,,,,,,,USD,,,,https://aprende.org/cursos/view/100880,,,,,,,,,,,,https://fsvc.capacitateparaelempleo.org/CapacitateFS/coursesImages/fb7c8270-2de9-4a22-8506-e22289cda5e4.png,,"Conoce la forma en la que la paz positiva construye mejores sociedades y la forma en la que puedes aplicarla a tu vida para tener relaciones de calidad, cooperativas y constructivas.",0.0,,,,,,,,,,,,Aprende,,,,,,,,,,,,,True,,,,,,,,,
,,,,,,,,,,,,,,,,,,,Uso de lenguaje corporal para docentes,,,,,,,,,,,,,,,,,,,,,,,,,,,Docentes,,,,,,,,,,,,,,,,,,,,,,,es,,,,,,,,,,,,,,,,,,,USD,,,,https://aprende.org/cursos/view/100881,,,,,,,,,,,,https://fsvc.capacitateparaelempleo.org/CapacitateFS/coursesImages/663e503a-821d-48c9-a726-68e990d50662.png,,"¡Bienvenido! 
 En este curso encontrarás las expresiones necesarias para mejorar tu comunicación no verbal. Te deseamos mucho éxito.",0.0,,,,,,,,,,,,Aprende,,,,,,,,,,,,,True,,,,,,,,,
,,,,,,,,,,,,,,,,,,,Promotor en prevención de accidentes (Docentes),,,,,,,,,,,,,,,,,,,,,,,,,,,Docentes,,,,,,,,,Intermediate,,,,,,,,,,,,,,es,,,,,,,,,,,,,,,,,,,USD,,,,https://aprende.org/cursos/view/100882,,,,,,,,,,,,https://fsvc.capacitateparaelempleo.org/CapacitateFS/coursesImages/f3061a1d-c387-491c-b342-08682faf0bd4.png,,"¡Bienvenido! 
 Adquiere las destrezas y habilidades para enseñar a prevenir lesiones accidentales en grupos vulnerables (población infantil, adolescentes y adultos mayores). Aprenderás a identificar los principales factores de riesgo y estrategias de prevención. 
 ¡Éxito en tu capacitación! 
 El contenido de la capacitación fue proporcionado por el Secretariado Técnico del Consejo Nacional para la Prevención de Accidentes (STCONAPRA).",0.0,,,,,,,,,,,,Aprende,,,,,,,,,,,,,True,,,,,,,,,
,,,,,,,,,,,,,,,,,,,Lengua de señas mexicana (Docentes),,,,,,,,,,,,,,,,,,,,,,,,,,,Docentes,,,,,,,,,,,,,,,,,,,,,,,es,,,,,,,,,,,,,,,,,,,USD,,,,https://aprende.org/cursos/view/100883,,,,,,,,,,,,https://fsvc.capacitateparaelempleo.org/CapacitateFS/coursesImages/ed24b35c-b647-49b0-ad8d-85ea4c44d7b4.png,,Aprende lenguaje de señas y conoce la importancia que tiene en la construcción de sociedades inclusivas.,0.0,,,,,,,,,,,,Aprende,,,,,,,,,,,,,True,,,,,,,,,
,,,,,,,,,,,,,,,,,,,Mente hábil (Docentes),,,,,,,,,,,,,,,,,,,,,,,,,,,Docentes,,,,,,,,,,,,,,,,,,,,,,,es,,,,,,,,,,,,,,,,,,,USD,,,,https://aprende.org/cursos/view/100884,,,,,,,,,,,,https://fsvc.capacitateparaelempleo.org/CapacitateFS/coursesImages/62fe0cf9-2ae3-4256-b144-6fe86552c6a0.png,,¡Bienvenido!  En este curso podrás entrenar tu cerebro para desarrollar la habilidad mental que te permita enfrentar los desafíos de la vida con creatividad.,0.0,,,,,,,,,,,,Aprende,,,,,,,,,,,,,True,,,,,,,,,
,,,,,,,,,,,,,,,,,,,Hablar para transmitir (Docentes),,,,,,,,,,,,,,,,,,,,,,,,,,,Docentes,,,,,,,,,,,,,,,,,,,,,,,es,,,,,,,,,,,,,,,,,,,USD,,,,https://aprende.org/cursos/view/100885,,,,,,,,,,,,https://fsvc.capacitateparaelempleo.org/CapacitateFS/coursesImages/ff18c14c-7e8b-46e5-8bda-20ad75cd879b.png,,Bienvenido. En este taller desarrollarás habilidades para comunicar tus ideas con seguridad y confianza a cualquier tipo de audiencia.,0.0,,,,,,,,,,,,Aprende,,,,,,,,,,,,,True,,,,,,,,,
,,,,,,,,,,,,,,,,,,,La música y el  cerebro (Docentes),,,,,,,,,,,,,,,,,,,,,,,,,,,Docentes,,,,,,,,,,,,,,,,,,,,,,,es,,,,,,,,,,,,,,,,,,,USD,,,,https://aprende.org/cursos/view/100886,,,,,,,,,,,,https://fsvc.capacitateparaelempleo.org/CapacitateFS/coursesImages/39ac10ef-f894-4817-b285-da0f990afcf9.png,,"La música tiene una gran importancia para las personas porque es un elemento que está presente en todas las etapas de la vida. Uno de los temas más apasionantes se relaciona con los procesos cerebrales que se originan al escuchar música, por ejemplo, su impacto en las emociones y los beneficios que aporta al bienestar y la salud. Si eres un amante de la música o te interesa la ciencia del cerebro, ¡haz clic en esta capacitación y adéntrate en el fascinante viaje que une a la música y el cerebro!",0.0,,,,,,,,,,,,Aprende,,,,,,,,,,,,,True,,,,,,,,,
,,,,,,,,,,,,,,,,,,,La música y las emociones (Docentes),,,,,,,,,,,,,,,,,,,,,,,,,,,Docentes,,,,,,,,,Intermediate,,,,,,,,,,,,,,es,,,,,,,,,,,,,,,,,,,USD,,,,https://aprende.org/cursos/view/100887,,,,,,,,,,,,https://fsvc.capacitateparaelempleo.org/CapacitateFS/coursesImages/a8a91bb8-a555-4d07-945c-ed259ce5c629.png,,"La música tiene la capacidad de conectarte con tus experiencias y emociones, incluso aquellas de las que no eras consciente antes de escucharla, y no sólo eso; además puede unir a las personas a través de emociones compartidas, creando una sensación de comunidad y conexión humana.  
 Adéntrate en esta capacitación y descubre más acerca de la música, desde su cualidad para conectar con lo más profundo hasta poder compartir esa experiencia con los demás a través de su lenguaje universal.",0.0,,,,,,,,,,,,Aprende,,,,,,,,,,,,,True,,,,,,,,,
,,,,,,,,,,,,,,,,,,,Uso de aplicaciones de emergencia (Docentes),,,,,,,,,,,,,,,,,,,,,,,,,,,Docentes,,,,,,,,,,,,,,,,,,,,,,,es,,,,,,,,,,,,,,,,,,,USD,,,,https://aprende.org/cursos/view/100888,,,,,,,,,,,,https://fsvc.capacitateparaelempleo.org/CapacitateFS/coursesImages/637869f4-3d51-42de-83be-4dcf7b145b15.png,,"¡Bienvenido! 
 Determina la importancia de las aplicaciones de emergencia, así como el uso que le puedes dar de acuerdo con la situación de peligro en la que te encuentres.   
 ¡Éxito en tu capacitación!",0.0,,,,,,,,,,,,Aprende,,,,,,,,,,,,,True,,,,,,,,,
,,,,,,,,,,,,,,,,,,,Escritura reflexiva (Docentes),,,,,,,,,,,,,,,,,,,,,,,,,,,Docentes,,,,,,,,,,,,,,,,,,,,,,,es,,,,,,,,,,,,,,,,,,,USD,,,,https://aprende.org/cursos/view/100889,,,,,,,,,,,,https://fsvc.capacitateparaelempleo.org/CapacitateFS/coursesImages/764be0b6-707a-47d5-8ce2-6b53b79a694f.png,,"¡Bienvenido!   
  En este curso conocerás técnicas que te ayudarán a expresar tus emociones a través de la escritura para entenderlas y sanarlas.     
   
  Agradecemos al Lic. José Alejandro Pacheco Palomino el contenido para realizar esta obra.",0.0,,,,,,,,,,,,Aprende,,,,,,,,,,,,,True,,,,,,,,,
,,,,,,,,,,,,,,,,,,,Uso de herramientas colaborativas (Docentes),,,,,,,,,,,,,,,,,,,,,,,,,,,Docentes,,,,,,,,,,,,,,,,,,,,,,,es,,,,,,,,,,,,,,,,,,,USD,,,,https://aprende.org/cursos/view/100890,,,,,,,,,,,,https://fsvc.capacitateparaelempleo.org/CapacitateFS/coursesImages/b208785f-85e0-43d9-b0c0-21335c25aeb9.png,,"Las herramientas colaborativas te permiten realizar proyectos grupales de manera rápida y eficiente. Desde la creación de documentos de texto hasta videos, las herramientas que encontrarás en este curso te ayudarán a trabajar con personas que se encuentran en diferentes lados del mundo, desde cualquier dispositivo que tenga una conexión a internet.",0.0,,,,,,,,,,,,Aprende,,,,,,,,,,,,,True,,,,,,,,,
,,,,,,,,,,,,,,,,,,,Entorno y desarrollo cerebral del niño (Docentes),,,,,,,,,,,,,,,,,,,,,,,,,,,Docentes,,,,,,,,,,,,,,,,,,,,,,,es,,,,,,,,,,,,,,,,,,,USD,,,,https://aprende.org/cursos/view/100891,,,,,,,,,,,,https://fsvc.capacitateparaelempleo.org/CapacitateFS/coursesImages/d513e2d0-0392-4158-afca-57c98be7e01d.png,,¡Bienvenido! En este curso podrás crear entornos enriquecedores que promuevan el desarrollo cerebral del niño.,0.0,,,,,,,,,,,,Aprende,,,,,,,,,,,,,True,,,,,,,,,
,,,,,,,,,,,,,,,,,,,"Derechos de las niñas, niños y adolescentes (Docentes)",,,,,,,,,,,,,,,,,,,,,,,,,,,Docentes,,,,,,,,,Intermediate,,,,,,,,,,,,,,es,,,,,,,,,,,,,,,,,,,USD,,,,https://aprende.org/cursos/view/100892,,,,,,,,,,,,https://fsvc.capacitateparaelempleo.org/CapacitateFS/coursesImages/59e4e263-9e43-475c-9d80-7e496f12883c.png,,"Fortalece tu práctica pedagógica y asume tu papel como docente para convertirte en un agente de cambio que impacte positivamente en las niñas, niños y adolescentes del alumnado mediante el fomento de sus derechos.",0.0,,,,,,,,,,,,Aprende,,,,,,,,,,,,,True,,,,,,,,,
,,,,,,,,,,,,,,,,,,,Creación de imágenes con IA generativa,,,,,,,,,,,,,,,,,,,,,,,,,,,Académica Labs,,,,,,,,,Intermediate,,,,,,,,,,,,,,es,,,,,,,,,,,,,,,,,,,USD,,,,https://aprende.org/cursos/view/100865,,,,,,,,,,,,https://fsvc.capacitateparaelempleo.org/CapacitateFS/coursesImages/ad6e9cd4-f792-411a-be86-02c70c0e972a.png,,"¡Bienvenido! 
 En este curso crearás imágenes de forma rápida con ayuda de IA generativa, por medio de objetivos comunicativos y descripciones claras.",0.0,,,,,,,,,,,,Aprende,,,,,,,,,,,,,True,,,,,,,,,
,,,,,,,,,,,,,,,,,,,test alex,,,,,,,,,,,,,,,,,,,,,,,,,,,Académica Labs,,,,,,,,,Beginner,,,,,,,,,,,,,,es,,,,,,,,,,,,,,,,,,,USD,,,,https://aprende.org/cursos/view/100895,,,,,,,,,,,,,,,0.0,,,,,,,,,,,,Aprende,,,,,,,,,,,,,True,,,,,,,,,
,,,,,,,,,,,,,,,,,,,PakiniCourse,,,,,,,,,,,,,,,,,,,,,,,,,,,Académica Labs,,,,,,,,,Intermediate,,,,,,,,,,,,,,es,,,,,,,,,,,,,,,,,,,USD,,,,https://aprende.org/cursos/view/100923,,,,,,,,,,,,https://fsvc.capacitateparaelempleo.org/CapacitateFS/coursesImages/f4d5e017-ba30-4cdf-95ee-b67f2ced46e2.png,,TEst,0.0,,,,,,,,,,,,Aprende,,,,,,,,,,,,,True,,,,,,,,,
,,,,,,,,,,,,,,,,,,,Movilidad motorizada,,,,,,,,,,,,,,,,,,,,,,,,,,,Seguridad vial,,,,,,,,,Intermediate,,,,,,,,,,,,,,es,,,,,,,,,,,,,,,,,,,USD,,,,https://aprende.org/cursos/view/100901,,,,,,,,,,,,https://fsvc.capacitateparaelempleo.org/CapacitateFS/coursesImages/c5d3ab15-7d22-4a34-b015-1f75842a18b9.png,,,0.0,,,,,,,,,,,,Aprende,,,,,,,,,,,,,True,,,,,,,,,
,,,,,,,,,,,,,,,,,,,Movilidad No Motorizada,,,,,,,,,,,,,,,,,,,,,,,,,,,Seguridad vial,,,,,,,,,Intermediate,,,,,,,,,,,,,,es,,,,,,,,,,,,,,,,,,,USD,,,,https://aprende.org/cursos/view/100902,,,,,,,,,,,,https://fsvc.capacitateparaelempleo.org/CapacitateFS/coursesImages/0671d7f6-1f16-4414-a2c8-df06574b0bcf.png,,,0.0,,,,,,,,,,,,Aprende,,,,,,,,,,,,,True,,,,,,,,,
,,,,,,,,,,,,,,,,,,,Nueva interacción urbana,,,,,,,,,,,,,,,,,,,,,,,,,,,Seguridad vial,,,,,,,,,Intermediate,,,,,,,,,,,,,,es,,,,,,,,,,,,,,,,,,,USD,,,,https://aprende.org/cursos/view/100903,,,,,,,,,,,,https://fsvc.capacitateparaelempleo.org/CapacitateFS/coursesImages/f9ac3842-f851-45e2-8fe3-56faa3482479.png,,,0.0,,,,,,,,,,,,Aprende,,,,,,,,,,,,,True,,,,,,,,,
,,,,,,,,,,,,,,,,,,,Movilidad de baja densidad,,,,,,,,,,,,,,,,,,,,,,,,,,,Seguridad vial,,,,,,,,,Intermediate,,,,,,,,,,,,,,es,,,,,,,,,,,,,,,,,,,USD,,,,https://aprende.org/cursos/view/100904,,,,,,,,,,,,https://fsvc.capacitateparaelempleo.org/CapacitateFS/coursesImages/4836ea84-a226-4207-9d3e-352909fab025.png,,,0.0,,,,,,,,,,,,Aprende,,,,,,,,,,,,,True,,,,,,,,,
,,,,,,,,,,,,,,,,,,,Formación para conductores,,,,,,,,,,,,,,,,,,,,,,,,,,,Seguridad vial,,,,,,,,,Intermediate,,,,,,,,,,,,,,es,,,,,,,,,,,,,,,,,,,USD,,,,https://aprende.org/cursos/view/100905,,,,,,,,,,,,https://fsvc.capacitateparaelempleo.org/CapacitateFS/coursesImages/fc840a91-3732-4547-89b3-bd4f810ac9fd.png,,,0.0,,,,,,,,,,,,Aprende,,,,,,,,,,,,,True,,,,,,,,,
,,,,,,,,,,,,,,,,,,,Conductor de transporte público,,,,,,,,,,,,,,,,,,,,,,,,,,,Seguridad vial,,,,,,,,,Intermediate,,,,,,,,,,,,,,es,,,,,,,,,,,,,,,,,,,USD,,,,https://aprende.org/cursos/view/100906,,,,,,,,,,,,https://fsvc.capacitateparaelempleo.org/CapacitateFS/coursesImages/31ac425d-bf3a-4ed7-b25e-52bd50cad173.png,,,0.0,,,,,,,,,,,,Aprende,,,,,,,,,,,,,True,,,,,,,,,
,,,,,,,,,,,,,,,,,,,Prácticas de cortesía,,,,,,,,,,,,,,,,,,,,,,,,,,,Seguridad vial,,,,,,,,,Intermediate,,,,,,,,,,,,,,es,,,,,,,,,,,,,,,,,,,USD,,,,https://aprende.org/cursos/view/100907,,,,,,,,,,,,https://fsvc.capacitateparaelempleo.org/CapacitateFS/coursesImages/fe095972-6a61-4388-9e39-2ff3c1acc5e0.png,,,0.0,,,,,,,,,,,,Aprende,,,,,,,,,,,,,True,,,,,,,,,
,,,,,,,,,,,,,,,,,,,Elige un vehículo con mayor seguridad,,,,,,,,,,,,,,,,,,,,,,,,,,,Seguridad vial,,,,,,,,,Intermediate,,,,,,,,,,,,,,es,,,,,,,,,,,,,,,,,,,USD,,,,https://aprende.org/cursos/view/100908,,,,,,,,,,,,https://fsvc.capacitateparaelempleo.org/CapacitateFS/coursesImages/835e059f-24ac-4500-8f0b-971951d17f6e.png,,,0.0,,,,,,,,,,,,Aprende,,,,,,,,,,,,,True,,,,,,,,,
,,,,,,,,,,,,,,,,,,,Seguridad vial en motocicletas,,,,,,,,,,,,,,,,,,,,,,,,,,,Seguridad vial,,,,,,,,,Intermediate,,,,,,,,,,,,,,es,,,,,,,,,,,,,,,,,,,USD,,,,https://aprende.org/cursos/view/100909,,,,,,,,,,,,https://fsvc.capacitateparaelempleo.org/CapacitateFS/coursesImages/3ab2377e-7eca-4a87-bb08-a66e215d2176.png,,,0.0,,,,,,,,,,,,Aprende,,,,,,,,,,,,,True,,,,,,,,,
,,,,,,,,,,,,,,,,,,,Operador de autotransporte,,,,,,,,,,,,,,,,,,,,,,,,,,,Seguridad vial,,,,,,,,,Intermediate,,,,,,,,,,,,,,es,,,,,,,,,,,,,,,,,,,USD,,,,https://aprende.org/cursos/view/100910,,,,,,,,,,,,https://fsvc.capacitateparaelempleo.org/CapacitateFS/coursesImages/594bd937-b7fc-4cf9-8dc4-7c0b76d0735f.png,,,0.0,,,,,,,,,,,,Aprende,,,,,,,,,,,,,True,,,,,,,,,
,,,,,,,,,,,,,,,,,,,Profesionalización del autotransporte,,,,,,,,,,,,,,,,,,,,,,,,,,,Seguridad vial,,,,,,,,,Intermediate,,,,,,,,,,,,,,es,,,,,,,,,,,,,,,,,,,USD,,,,https://aprende.org/cursos/view/100911,,,,,,,,,,,,https://fsvc.capacitateparaelempleo.org/CapacitateFS/coursesImages/63838821-af40-4e8e-a78d-db14edaade7a.png,,,0.0,,,,,,,,,,,,Aprende,,,,,,,,,,,,,True,,,,,,,,,
,,,,,,,,,,,,,,,,,,,Operación de flotas eficientes,,,,,,,,,,,,,,,,,,,,,,,,,,,Seguridad vial,,,,,,,,,Intermediate,,,,,,,,,,,,,,es,,,,,,,,,,,,,,,,,,,USD,,,,https://aprende.org/cursos/view/100912,,,,,,,,,,,,https://fsvc.capacitateparaelempleo.org/CapacitateFS/coursesImages/cc807ca4-0960-42df-8ebe-3d4cf14b9f8d.png,,,0.0,,,,,,,,,,,,Aprende,,,,,,,,,,,,,True,,,,,,,,,
,,,,,,,,,,,,,,,,,,,Cadena de suministro y costo del autotransporte,,,,,,,,,,,,,,,,,,,,,,,,,,,Seguridad vial,,,,,,,,,Intermediate,,,,,,,,,,,,,,es,,,,,,,,,,,,,,,,,,,USD,,,,https://aprende.org/cursos/view/100913,,,,,,,,,,,,https://fsvc.capacitateparaelempleo.org/CapacitateFS/coursesImages/3f8c217d-a9be-4d33-81b3-dbf273a8df4b.png,,,0.0,,,,,,,,,,,,Aprende,,,,,,,,,,,,,True,,,,,,,,,
,,,,,,,,,,,,,,,,,,,Mecánico automotriz,,,,,,,,,,,,,,,,,,,,,,,,,,,Seguridad vial,,,,,,,,,Intermediate,,,,,,,,,,,,,,es,,,,,,,,,,,,,,,,,,,USD,,,,https://aprende.org/cursos/view/100914,,,,,,,,,,,,https://fsvc.capacitateparaelempleo.org/CapacitateFS/coursesImages/86f0fc84-2d07-4034-89ea-7b4944cb6778.png,,,0.0,,,,,,,,,,,,Aprende,,,,,,,,,,,,,True,,,,,,,,,
,,,,,,,,,,,,,,,,,,,Mecánico de bicicletas,,,,,,,,,,,,,,,,,,,,,,,,,,,Seguridad vial,,,,,,,,,Intermediate,,,,,,,,,,,,,,es,,,,,,,,,,,,,,,,,,,USD,,,,https://aprende.org/cursos/view/100915,,,,,,,,,,,,https://fsvc.capacitateparaelempleo.org/CapacitateFS/coursesImages/37395aa4-c234-4dde-9e7b-c00662267cca.png,,,0.0,,,,,,,,,,,,Aprende,,,,,,,,,,,,,True,,,,,,,,,
