ID,Title,Excerpt,Permalink,URL Image,Title,Featured,Categorías de curso,Etiquetas de curso,_lp_duration,thim_course_skill_level,thim_course_language,thim_course_duration,_lp_free,_lp_price,_lp_level,_lp_external_link_buy_course,Author Username
5428,Digitaliza paso a paso tu negocio con herramientas de Google,"Si estás pensando en digitalizar tu pequeño negocio, este es el momento perfecto para dar los primeros pasos. En este curso básico y muy práctico conocerás el funcionamiento de herramientas como Perfil de Empresa (antiguo Google My Business), YouTube o Google Forms. Te acompañaremos paso a paso para que tu negocio sea visible en Internet y lograr que tus productos y servicios lleguen a más clientes.

Al finalizar este curso obtendrás una Insignia Digital que podrás añadir a tus perfiles públicos de Skillshop y LinkedIn para mostrar tus nuevas habilidades.",https://cursodex.com/courses/digitaliza-paso-a-paso-tu-negocio/,https://cursodex.com/wp-content/uploads/2022/10/Digitaliza-paso-a-paso-tu-negocio-con-herramientas-de-Google.png,Digitaliza paso a paso tu negocio con herramientas de Google,https://cursodex.com/wp-content/uploads/2022/10/Digitaliza-paso-a-paso-tu-negocio-con-herramientas-de-Google.png,Marketing,Español,90 minute,All level,Español,1.5 hours,yes,0,beginner,https://skillshop.exceedlms.com/student/collection/891093-get-business-online?locale=es,Google
18856,Protege tu Negocio: Ciberseguridad en el Teletrabajo,"¿Sabes qué pasos tienes que dar para implantar el teletrabajo de forma segura? Descubre a lo largo de este curso sin coste cómo adaptarte a esta modalidad de trabajo de forma eficiente, cumpliendo con las normativas tanto para el trabajador como para la empresa.

Te animamos además a que descubras el programa Activa Ciberseguridad. Un programa de Innovación en Ciberseguridad de la PYME impulsado por la Secretaría General de Industria y de la PYME (SGIPYME) del Ministerio de Industria, Comercio y Turismo y gestionado por EOI, cuyo objetivo es que las PYMES, ante el incesante aumento de los ataques de ciberseguridad, determinen su nivel de seguridad actual y establezcan el nivel que han de conseguir para proteger los sistemas y la información corporativos.

La próxima convocatoria se anunciará próximamente en la web Industria Conectada 4.0.

Si te interesa la ciberseguridad descubre aquí cinco formas de mejorar la ciberseguridad de tu empresa.

Al finalizar este curso obtendrás una Insignia Digital que podrás añadir a tus perfiles públicos de Skillshop y LinkedIn para mostrar tus nuevas habilidades.",https://cursodex.com/courses/protege-tu-negocio-ciberseguridad-en-el-teletrabajo/,https://cursodex.com/wp-content/uploads/2024/05/Protege-tu-Negocio-Ciberseguridad-en-el-Teletrabajo-e1715868969672.png,Protege tu Negocio Ciberseguridad en el Teletrabajo,https://cursodex.com/wp-content/uploads/2024/05/Protege-tu-Negocio-Ciberseguridad-en-el-Teletrabajo-e1715868969672.png,Computación y Software,Ciberseguridad|Español,2 hour,,Español,2 hours,,0,beginner,https://skillshop.exceedlms.com/student/collection/779906-cybersecurity-remote-work,Google
18860,Curso de Desarrollo de Apps Móviles,"Aprende las habilidades y conceptos básicos para crear aplicaciones para dispositivos móviles. Este curso te presenta los principios esenciales que deben inspirar la creación de estas aplicaciones, y así enfocar bien su diseño y programación desde el principio.

Al finalizar este curso obtendrás una Insignia Digital que podrás añadir a tus perfiles públicos de Skillshop y LinkedIn para mostrar tus nuevas habilidades.",https://cursodex.com/courses/curso-de-desarrollo-de-apps-moviles/,https://cursodex.com/wp-content/uploads/2024/05/Curso-de-Desarrollo-de-Apps-Moviles-e1715726187183.png,Curso de Desarrollo de Apps Móviles,https://cursodex.com/wp-content/uploads/2024/05/Curso-de-Desarrollo-de-Apps-Moviles-e1715726187183.png,Computación y Software,Aplicaciones Moviles|Español|Programación,40 hour,,Español,,,0,beginner,https://skillshop.exceedlms.com/student/collection/798207-apps,Google
18864,Cloud Computing,"¿Sabes qué beneficios aporta el uso de la tecnología Cloud Computing a un proyecto? Descubre a lo largo de este curso sin coste cómo transformar un negocio e innovar dentro de tu empresa a la vez que reduces sus costes. Además, aprende cómo tener acceso a tu información en cualquier dispositivo y de forma segura.

Al finalizar este curso obtendrás una Insignia Digital que podrás añadir a tus perfiles públicos de Skillshop y LinkedIn para mostrar tus nuevas habilidades.",https://cursodex.com/courses/cloud-computing/,https://cursodex.com/wp-content/uploads/2024/05/Cloud-Computing-e1715783108269.png,Cloud Computing,https://cursodex.com/wp-content/uploads/2024/05/Cloud-Computing-e1715783108269.png,Computación y Software,Español,40 hour,,Español,40 hours,,0,beginner,https://skillshop.exceedlms.com/student/collection/786255-cloud-computing,Google
18868,Competencias digitales para profesionales,"Aprende las competencias digitales básicas que te ayudarán a adaptarte como profesional al entorno laboral actual. Para ello, conocerás las claves para mantener tu sistema operativo actualizado, técnicas para la resolución de problemas, algunos aspectos fundamentales de seguridad, normas para el correcto tratamiento de la información, herramientas para la creación de contenido y gestión de la comunicación y, por último, habilidades que facilitarán tu trabajo en este nuevo entorno digital.

Al finalizar este curso obtendrás una Insignia Digital que podrás añadir a tus perfiles públicos de Skillshop y LinkedIn para mostrar tus nuevas habilidades.",https://cursodex.com/courses/competencias-digitales-para-profesionales/,https://cursodex.com/wp-content/uploads/2024/05/Competencias-digitales-para-profesionales-e1715784546470.png,Competencias digitales para profesionales,https://cursodex.com/wp-content/uploads/2024/05/Competencias-digitales-para-profesionales-e1715784546470.png,Computación y Software|Habilidades Blandas,Desarrollo|Español,40 hour,,Español,40 hours,,0,beginner,https://skillshop.exceedlms.com/student/collection/797196-digital-skills,Google
18871,Transformación digital para el empleo,"Descubre las principales áreas del sector digital presentes y futuras y los nuevos perfiles profesionales que están surgiendo. Adquiere las competencias profesionales necesarias, crea tu plan individual de transformación y prepárate para el futuro laboral.

Una vez finalizado este curso, descubre el programa Google Actívate Empleo vinculado a este MOOC junto a la EOI.

Si tienes entre 16 y 29 años y te apasiona el mundo digital.

Estás en situación de desempleo.

Resides en España.

Y completas este MOOC.

Podrás solicitar el acceso a un programa de empleo juvenil que incluye tutorías personalizadas que te harán más empleable en empresas que están buscando talento digital. Para ampliar la información y los requisitos de este programa, puedes consultar la web de EOI.

Al finalizar este curso obtendrás una Insignia Digital que podrás añadir a tus perfiles públicos de Skillshop y LinkedIn para mostrar tus nuevas habilidades.",https://cursodex.com/courses/transformacion-digital-para-el-empleo/,https://cursodex.com/wp-content/uploads/2024/05/Transformacion-digital-para-el-empleo-e1715784675483.png,Transformación digital para el empleo,https://cursodex.com/wp-content/uploads/2024/05/Transformacion-digital-para-el-empleo-e1715784675483.png,Habilidades Blandas,Español,40 hour,,Español,40 hours,,0,beginner,https://skillshop.exceedlms.com/student/collection/780496-digital-transformation,Google
18874,Comercio electrónico,"Transforma un negocio tradicional en un negocio online o lanza al mundo de Internet tu propia idea. Descubre cómo comprar y vender productos y servicios en la red. Rompe fronteras con este curso sin coste y llega a nuevos clientes.

Al finalizar este curso obtendrás una Insignia Digital que podrás añadir a tus perfiles públicos de Skillshop y LinkedIn para mostrar tus nuevas habilidades.",https://cursodex.com/courses/comercio-electronico/,https://cursodex.com/wp-content/uploads/2024/05/Comercio-electronico-e1715784859939.png,Comercio electrónico,https://cursodex.com/wp-content/uploads/2024/05/Comercio-electronico-e1715784859939.png,Marketing,Español,40 hour,,Español,40 hours,,0,beginner,https://skillshop.exceedlms.com/student/collection/787525-ecommerce,Google
18881,Productividad Personal,"Conoce las herramientas y procesos que te ayudarán a ser más productivo a la hora de buscar trabajo o desarrollar un proyecto. Aprenderás aspectos relacionados con la gestión del tiempo, marca personal, reputación online, generación de ideas, etc.

Al finalizar este curso obtendrás una Insignia Digital que podrás añadir a tus perfiles públicos de Skillshop y LinkedIn para mostrar tus nuevas habilidades.",https://cursodex.com/courses/productividad-personal/,https://cursodex.com/wp-content/uploads/2024/05/Productividad-Personal-e1715785589162.png,Productividad Personal,https://cursodex.com/wp-content/uploads/2024/05/Productividad-Personal-e1715785589162.png,Habilidades Blandas,Español|Productividad,40 hour,,Español,40 hours,,0,beginner,https://skillshop.exceedlms.com/student/collection/779484-personal-productivity,Google
18884,Curso de introducción al desarrollo web: HTML y CSS (1/2),"Con este curso sin coste te introducirás en el diseño de páginas web de manera profesional. En la primera parte del curso aprenderás cómo nació la Web y cómo ha llegado a ser lo que es hoy. Serás capaz de crear páginas web correctas de manera profesional utilizando HTML5.

Al finalizar este curso obtendrás una Insignia Digital que podrás añadir a tus perfiles públicos de Skillshop y LinkedIn para mostrar tus nuevas habilidades.",https://cursodex.com/courses/curso-de-introduccion-al-desarrollo-web-html-y-css-1-2/,https://cursodex.com/wp-content/uploads/2024/05/Curso-de-introduccion-al-desarrollo-web-HTML-y-CSS-1-2-e1715786838393.png,Curso de introducción al desarrollo web HTML y CSS 1-2,https://cursodex.com/wp-content/uploads/2024/05/Curso-de-introduccion-al-desarrollo-web-HTML-y-CSS-1-2-e1715786838393.png,Computación y Software,Desarrollo Web|Español|Programación,40 hour,,Español,40 hours,,0,beginner,https://skillshop.exceedlms.com/student/collection/799479-web-development-i,Google
18888,Curso de introducción al desarrollo web: HTML y CSS (2/2),"Con este curso sin coste continuarás introduciéndote en el diseño de páginas web. En la primera parte del curso aprendiste historia de la Web y te introdujiste al lenguaje HTML. En esta segunda parte, completarás tu formación con el lenguaje CSS para poder realizar webs completas de manera profesional.

Al finalizar este curso obtendrás una Insignia Digital que podrás añadir a tus perfiles públicos de Skillshop y LinkedIn para mostrar tus nuevas habilidades.",https://cursodex.com/courses/curso-de-introduccion-al-desarrollo-web-html-y-css-2-2/,https://cursodex.com/wp-content/uploads/2024/05/Curso-de-introduccion-al-desarrollo-web-HTML-y-CSS-2-2-e1715803237634.png,Curso de introducción al desarrollo web HTML y CSS 2-2,https://cursodex.com/wp-content/uploads/2024/05/Curso-de-introduccion-al-desarrollo-web-HTML-y-CSS-2-2-e1715803237634.png,Computación y Software,Desarrollo Web|Español|Programación,40 hour,,Español,40 hours,,0,beginner,https://skillshop.exceedlms.com/student/collection/800472-web-development-ii,Google
18892,Mejora la seguridad online de tu empresa,"Mejorar la seguridad online de tu empresa es un factor básico para garantizar su correcto funcionamiento. En estos vídeos formativos, que no tienen coste alguno, te mostraremos los aspectos básicos de la seguridad online para que puedas estudiar cómo aplicarlos a tus empleados, tu empresa, tus usuarios y tus clientes.",https://cursodex.com/courses/mejora-la-seguridad-online-de-tu-empresa/,https://cursodex.com/wp-content/uploads/2024/05/Mejora-la-seguridad-online-de-tu-empresa-e1715870636305.png,Mejora la seguridad online de tu empresa,https://cursodex.com/wp-content/uploads/2024/05/Mejora-la-seguridad-online-de-tu-empresa-e1715870636305.png,Computación y Software,Ciberseguridad|Español,1 hour,,Español,1 hour,,0,beginner,https://skillshop.exceedlms.com/student/collection/768273-improve-online-security,Google
18895,Fundamentos de Marketing Digital,"Conviértete en un experto de marketing digital a un nivel básico con nuestro curso sin coste acreditado por la agencia Interactive Advertising Bureau (IAB).

Los 24 módulos que componen el curso han sido creados por instructores de Google e incluyen numerosos ejercicios prácticos y ejemplos reales que te ayudarán a conseguir excelentes resultados.

Al finalizar este curso obtendrás una Insignia Digital que podrás añadir a tus perfiles públicos de Skillshop y LinkedIn para mostrar tus nuevas habilidades.",https://cursodex.com/courses/fundamentos-de-marketing-digital/,https://cursodex.com/wp-content/uploads/2024/05/Fundamentos-de-Marketing-Digital-e1715871190825.png,Fundamentos de Marketing Digital,https://cursodex.com/wp-content/uploads/2024/05/Fundamentos-de-Marketing-Digital-e1715871190825.png,Marketing,Español,40 hour,,Español,40 hours,,0,beginner,https://skillshop.exceedlms.com/student/collection/807416-digital-marketing,Google
18898,Familiarízate con los principios básicos de la programación,"Todo lo que utilizamos, como ordenadores portátiles, máquinas expendedoras y automóviles, funciona con código. Pero ¿sabes lo que es? En estos vídeos, te familiarizarás con el concepto de ""código"", descubrirás porqué hay tantos lenguajes de programación y cómo se compaginan para hacer tareas específicas. Sobre todo, entenderás porqué tener conocimientos básicos de programación puede serte útil.",https://cursodex.com/courses/familiarizate-con-los-principios-basicos-de-la-programacion/,https://cursodex.com/wp-content/uploads/2024/05/Familiarizate-con-los-principios-basicos-de-la-programacion-e1715871559437.png,Familiarízate con los principios básicos de la programación,https://cursodex.com/wp-content/uploads/2024/05/Familiarizate-con-los-principios-basicos-de-la-programacion-e1715871559437.png,Computación y Software,Español|Programación,1 hour,,Español,1 hour,,0,beginner,https://skillshop.exceedlms.com/student/collection/668989-basics-code,Google
18901,Promociona una empresa online,"Descubre qué necesitas para crear y dirigir una empresa online de éxito. También aprenderás a forjar una presencia digital, utilizar el comercio electrónico, proteger tu empresa de piratas informáticos y darte a conocer a nivel local.",https://cursodex.com/courses/promociona-una-empresa-online/,https://cursodex.com/wp-content/uploads/2024/05/Promociona-una-empresa-online-e1715873751556.png,Promociona una empresa online,https://cursodex.com/wp-content/uploads/2024/05/Promociona-una-empresa-online-e1715873751556.png,Marketing|Negocios,Español,3 hour,,Español,3 hours,,0,beginner,https://skillshop.exceedlms.com/student/collection/686139-business-online,Google
18904,Gana confianza a través de la autopromoción,"Si aprendes a hablar abiertamente sobre tus logros, podrás comunicar con eficacia tus habilidades y tu experiencia a otras personas. En estos vídeos, abordaremos el concepto de autopromoción y las dificultades que presenta. También te proporcionaremos algunos consejos prácticos para mejorar tu autoestima y ganar confianza.",https://cursodex.com/courses/gana-confianza-a-traves-de-la-autopromocion/,https://cursodex.com/wp-content/uploads/2024/05/Gana-confianza-a-traves-de-la-autopromocion-e1715874560785.png,Gana confianza a través de la autopromoción,https://cursodex.com/wp-content/uploads/2024/05/Gana-confianza-a-traves-de-la-autopromocion-e1715874560785.png,Habilidades Blandas|Marketing,Español,1 hour,,Español,1 hour,,0,beginner,https://skillshop.exceedlms.com/student/collection/707360-self-promotion,Google
18907,Consigue tu próximo empleo,"Con las herramientas y los conocimientos adecuados, todo el mundo puede conseguir su trabajo ideal. En este curso, aprenderás a crear un fantástico CV y una carta de presentación, ampliar tu visibilidad online, triunfar en las entrevistas y centrarte en conseguir tu próximo empleo.",https://cursodex.com/courses/consigue-tu-proximo-empleo/,https://cursodex.com/wp-content/uploads/2024/05/Consigue-tu-proximo-empleo-e1715877640834.png,Consigue tu próximo empleo,https://cursodex.com/wp-content/uploads/2024/05/Consigue-tu-proximo-empleo-e1715877640834.png,Habilidades Blandas,Español,1 hour,,Español,1 hour,,0,beginner,https://skillshop.exceedlms.com/student/collection/689461-prepare-for-new-job,Google
18913,Consigue que los clientes te encuentren online,"Descubre algunos de los numerosos métodos que utilizan las empresas para llegar a conectar con más clientes de forma online. Averigua cómo mejorar el rendimiento en buscadores (SEO, optimización en buscadores) y usa la publicidad online (SEM, marketing en buscadores) para aumentar la notoriedad y las ventas.",https://cursodex.com/courses/consigue-que-los-clientes-te-encuentren-online/,https://cursodex.com/wp-content/uploads/2024/05/Consigue-que-los-clientes-te-encuentren-online-e1716046324809.png,Consigue que los clientes te encuentren online,https://cursodex.com/wp-content/uploads/2024/05/Consigue-que-los-clientes-te-encuentren-online-e1716046324809.png,Marketing|Negocios,Español,3 hour,,Español,3 hours,,0,beginner,https://skillshop.exceedlms.com/student/collection/674795-become-searchable-online,Google
18917,Conoce los aspectos básicos del aprendizaje automático,El aprendizaje automático es una nueva y eficaz herramienta con un enorme potencial. Tiene aplicaciones de lo más variadas: desde recomendaciones de películas hasta investigaciones científicas de nuevos tratamientos médicos. En estos vídeos analizaremos en qué consiste esta tecnología y cómo puede aplicarse en el mundo real para ayudar a las empresas a prosperar.,https://cursodex.com/courses/conoce-los-aspectos-basicos-del-aprendizaje-automatico/,https://cursodex.com/wp-content/uploads/2024/05/Conoce-los-aspectos-basicos-del-aprendizaje-automatico-e1716048924597.png,Conoce los aspectos básicos del aprendizaje automático,https://cursodex.com/wp-content/uploads/2024/05/Conoce-los-aspectos-basicos-del-aprendizaje-automatico-e1716048924597.png,Habilidades Blandas,Español,1 hour,,Español,1 hour,,0,beginner,https://skillshop.exceedlms.com/student/collection/681023-machine-learning-basics,Google
18920,Promociona una empresa con publicidad online,"Te enseñaremos a crear una estrategia publicitaria y de marketing eficaz, y te explicaremos cómo puedes utilizar el marketing a través del correo electrónico, así como los anuncios de vídeo y de display, para conseguir llegar y atraer a más clientes de tu público objetivo.",https://cursodex.com/courses/promociona-una-empresa-con-publicidad-online/,https://cursodex.com/wp-content/uploads/2024/05/Promociona-una-empresa-con-publicidad-online-e1716049538376.png,Promociona una empresa con publicidad online,https://cursodex.com/wp-content/uploads/2024/05/Promociona-una-empresa-con-publicidad-online-e1716049538376.png,Marketing,Español|Publicidad de Pago,3 hour,,Español,3 hours,,0,beginner,https://skillshop.exceedlms.com/student/collection/694693-promote-business-online,Google
18923,Hablar en público,"Hablar en público no es algo que sepamos hacer de manera innata, sino una habilidad que debemos aprender. Todos estamos capacitados para ello, solo hay que desarrollar las herramientas adecuadas. En este curso sin coste veremos algunos aspectos importantes relacionados con el lenguaje corporal que debemos usar mientras hablamos en público y cómo personalizar un discurso para nuestra audiencia.",https://cursodex.com/courses/hablar-en-publico/,https://cursodex.com/wp-content/uploads/2024/05/Hablar-en-publico-e1716050012391.png,Hablar en público,https://cursodex.com/wp-content/uploads/2024/05/Hablar-en-publico-e1716050012391.png,Habilidades Blandas,Español,1 hour,,Español,1 hour,,0,beginner,https://skillshop.exceedlms.com/student/collection/709877-public-speaking,Google
18926,Aumenta la productividad en el trabajo,"Saber gestionar bien el tiempo es esencial para maximizar la productividad. Aprende a mejorar la productividad con herramientas de colaboración en la nube, así como a priorizar y delegar tareas para trabajar con la máxima eficiencia.",https://cursodex.com/courses/aumenta-la-productividad-en-el-trabajo/,https://cursodex.com/wp-content/uploads/2024/05/Aumenta-la-productividad-en-el-trabajo-e1716050561848.png,Aumenta la productividad en el trabajo,https://cursodex.com/wp-content/uploads/2024/05/Aumenta-la-productividad-en-el-trabajo-e1716050561848.png,Habilidades Blandas,Español,1 hour,,Español,1 hour,,0,beginner,https://skillshop.exceedlms.com/student/collection/680455-increase-productivity,Google
18929,Descubre qué necesitan los clientes y cómo se comportan en Internet,"Con solo adquirir algunas nociones de analítica web, las empresas pueden medir el rendimiento de su estrategia de marketing online y mejorar sus resultados.",https://cursodex.com/courses/descubre-que-necesitan-los-clientes-y-como-se-comportan-en-internet/,https://cursodex.com/wp-content/uploads/2024/05/Descubre-que-necesitan-los-clientes-y-como-se-comportan-en-Internet-e1716050944442.png,Descubre qué necesitan los clientes y cómo se comportan en Internet,https://cursodex.com/wp-content/uploads/2024/05/Descubre-que-necesitan-los-clientes-y-como-se-comportan-en-Internet-e1716050944442.png,Marketing,Español,1 hour,,Español,1 hour,,0,beginner,https://skillshop.exceedlms.com/student/collection/689583-customers-needs-behaviours,Google
18932,Conecta con los clientes a través de los móviles,Averigua cómo las empresas pueden reforzar su presencia online y llegar a nuevos clientes potenciales a través de dispositivos móviles.,https://cursodex.com/courses/conecta-con-los-clientes-a-traves-de-los-moviles/,https://cursodex.com/wp-content/uploads/2024/05/Conecta-con-los-clientes-a-traves-de-los-moviles-e1716245096612.png,Conecta con los clientes a través de los móviles,https://cursodex.com/wp-content/uploads/2024/05/Conecta-con-los-clientes-a-traves-de-los-moviles-e1716245096612.png,Marketing,Español,1 hour,,Español,1 hour,,0,beginner,https://skillshop.exceedlms.com/student/collection/672608-connect-with-mobile,Google
18936,Exporta una empresa a otros países,¿Quieres saber qué necesitas para internacionalizar tu empresa? Descubre cómo introducirte en nuevos mercados y vender tus productos y/o servicios a clientes de todo el mundo.,https://cursodex.com/courses/exporta-una-empresa-a-otros-paises/,https://cursodex.com/wp-content/uploads/2024/05/Exporta-una-empresa-a-otros-paises-e1716245327353.png,Exporta una empresa a otros países,https://cursodex.com/wp-content/uploads/2024/05/Exporta-una-empresa-a-otros-paises-e1716245327353.png,Negocios,Español,1 hour,,Español,1 hour,,0,beginner,https://skillshop.exceedlms.com/student/collection/679109-expand-internationally,Google
18939,Promociona una empresa con contenido,"Descubre cómo las empresas pueden aprovechar nuevas herramientas como el marketing de contenidos, de vídeo y las redes sociales para adquirir notoriedad y conectar con más clientes en el ámbito online.",https://cursodex.com/courses/promociona-una-empresa-con-contenido/,https://cursodex.com/wp-content/uploads/2024/05/Promociona-una-empresa-con-contenido-e1716246110726.png,Promociona una empresa con contenido,https://cursodex.com/wp-content/uploads/2024/05/Promociona-una-empresa-con-contenido-e1716246110726.png,Marketing,Español,3 hour,,Español,3 hours,,0,beginner,https://skillshop.exceedlms.com/student/collection/711435-promote-with-content,Google
18942,Comunicar tus ideas mediante historias y diseños,"Tus ideas serán más atractivas si sabes cómo expresarlas. En este curso sin coste crearemos un kit de herramientas sencillas que te ayudarán a organizar y comunicar tus ideas de una forma eficaz. Aprenderás a usar guiones, mapas mentales, imágenes y narrativas para captar la atención de la audiencia. Pronto podrás crear presentaciones eficaces, atractivas y divertidas.",https://cursodex.com/courses/comunicar-tus-ideas-mediante-historias-y-disenos/,https://cursodex.com/wp-content/uploads/2024/05/Comunicar-tus-ideas-mediante-historias-y-disenos-e1716246494385.png,Comunicar tus ideas mediante historias y diseños,https://cursodex.com/wp-content/uploads/2024/05/Comunicar-tus-ideas-mediante-historias-y-disenos-e1716246494385.png,Habilidades Blandas,Español,1 hour,,Español,1 hour,,0,beginner,https://skillshop.exceedlms.com/student/collection/692193-storytelling-design,Google
18945,Comunicación comercial,"Los documentos comerciales son cualquier comunicación escrita utilizada en un entorno profesional. Puede ser un correo electrónico, un memorando, una presentación o un informe. En este curso sin coste, te daremos algunos consejos y directrices para que tus comunicaciones comerciales sean directas y claras y puedan leerse rápidamente.",https://cursodex.com/courses/comunicacion-comercial/,https://cursodex.com/wp-content/uploads/2024/05/Comunicacion-comercial-e1716246955515.png,Comunicación comercial,https://cursodex.com/wp-content/uploads/2024/05/Comunicacion-comercial-e1716246955515.png,Habilidades Blandas,Español,1 hour,,Español,1 hour,,0,beginner,https://skillshop.exceedlms.com/student/collection/671434-business-communication,Google
18948,Introducción a Bienestar Digital,"Hoy en día, la tecnología juega un papel importante en la vida de la mayoría de las personas, pero ¿cómo podemos asegurarnos de que nos ayuda en lugar de distraernos? En este módulo descubrirás por qué es fundamental usar la tecnología de forma saludable y cómo puedes ser más consciente del uso que le das a Internet. También conocerás las distintas herramientas que puedes usar para desarrollar y mantener hábitos tecnológicos saludables.",https://cursodex.com/courses/introduccion-a-bienestar-digital/,https://cursodex.com/wp-content/uploads/2024/05/Introduccion-a-Bienestar-Digital-e1716247463756.png,Introducción a Bienestar Digital,https://cursodex.com/wp-content/uploads/2024/05/Introduccion-a-Bienestar-Digital-e1716247463756.png,Habilidades Blandas,Español|Productividad,1 hour,,Español,1 hour,,0,beginner,https://skillshop.exceedlms.com/student/collection/690495-digital-wellbeing,Google
18951,Digitaliza paso a paso tu negocio con herramientas de Google,"Si estás pensando en digitalizar tu pequeño negocio, este es el momento perfecto para dar los primeros pasos. En este curso básico y muy práctico conocerás el funcionamiento de herramientas como Perfil de Empresa (antiguo Google My Business), YouTube o Google Forms. Te acompañaremos paso a paso para que tu negocio sea visible en Internet y lograr que tus productos y servicios lleguen a más clientes.

Al finalizar este curso obtendrás una Insignia Digital que podrás añadir a tus perfiles públicos de Skillshop y LinkedIn para mostrar tus nuevas habilidades",https://cursodex.com/courses/digitaliza-paso-a-paso-tu-negocio-con-herramientas-de-google/,https://cursodex.com/wp-content/uploads/2024/05/Digitaliza-paso-a-paso-tu-negocio-con-herramientas-de-Google-e1716248067649.png,Digitaliza paso a paso tu negocio con herramientas de Google,https://cursodex.com/wp-content/uploads/2024/05/Digitaliza-paso-a-paso-tu-negocio-con-herramientas-de-Google-e1716248067649.png,Negocios,Español,90 minute,,Español,1.5 Hours,,0,beginner,https://skillshop.exceedlms.com/student/collection/891093-get-business-online,Google
18970,Software de marketing de HubSpot,"Nota: Los recursos educativos (como los videos, los cuestionarios y los libros de trabajo) son gratuitos. Si quieres certificarte, hay ejercicios prácticos adicionales que requieren una suscripción Pro o Enterprise de HubSpot. Para crear una buena estrategia de inbound marketing necesitas empezar a utilizar el software de marketing de HubSpot de la manera correcta, desde el principio. El software de marketing es una gran plataforma que cuenta con muchísimas herramientas, y para obtener el máximo valor debes entender cómo trabajan todas ellas en conjunto. En esta certificación haremos un recorrido por Marketing Hub y te mostraremos cómo usar las herramientas para crear una estrategia de inbound marketing exitosa.

A quién está destinado:
º Profesionales de marketing
º Líderes de marketing

Aprenderás lo siguiente:
º Introducción a Marketing Hub de HubSpot
º Mejorar el uso de las herramientas de Marketing Hub

Información sobre el curso:
- 11 lecciones
- 49 videos
- 9 pruebas
- 4:19 horas",https://cursodex.com/courses/software-de-marketing-de-hubspot/,https://cursodex.com/wp-content/uploads/2024/05/Hubspot.jpg,Hubspot,https://cursodex.com/wp-content/uploads/2024/05/Hubspot.jpg,Marketing,Email Marketing|Español|Marketing De Contenidos,4 hour,,Español; Francés; Japonés; Alemán.,4 hours,,0,,https://academy.hubspot.com/es/courses/hubspot-marketing-software,Hubspot
18974,Certificación de ventas inbound,"Aprende a identificar nuevos prospectos, conectar con ellos, explorar sus necesidades y aconsejarlos sobre el camino a seguir.

A quién está destinado:
º Representantes de ventas
º Líderes de ventas

Aprenderás lo siguiente:
º Identificar a los mejores contactos en tu base de datos
º Conectar con los más prometedores y ganarte su atención
º Realizar llamadas de ventas y presentaciones que generen resultados

Información sobre el curso:
- 2 lecciones
- 22 videos
- 5 pruebas
- 3:26 horas",https://cursodex.com/courses/certificacion-de-ventas-inbound/,https://cursodex.com/wp-content/uploads/2024/05/Hubspot.jpg,Hubspot,https://cursodex.com/wp-content/uploads/2024/05/Hubspot.jpg,Negocios,Español,210 minute,,Español; Inglés; Francés; Japonés; Alemán.,3.5 hours,,0,,https://academy.hubspot.com/es/courses/inbound-sales,Hubspot
18976,Software de ventas de HubSpot,"La certificación del software de ventas de HubSpot demuestra tu habilidad para ejecutar un proceso de ventas utilizando el CRM de HubSpot y las herramientas de Sales Hub. Está compuesto por 3 lecciones. Al final de cada clase, encontrarás ejercicios prácticos para que puedas aplicar lo que aprendiste inmediatamente. Para obtener la certificación, deberás ejecutar cada uno de estos ejercicios y aprobar un examen de 50 preguntas de selección múltiple.

A quién está destinado:
º Representantes de ventas
º Líderes de ventas

Aprenderás lo siguiente:
º Organizar tus registros en el CRM de HubSpot para identificar a los mejores contactos
º Aprovechar al máximo las herramientas de Sales Hub al ponerse en contacto con tus clientes potenciales
º Usar los negocios del CRM de HubSpot en combinación con tus herramientas de Sales Hub para cerrar más ventas

Información sobre el curso:
- 4 lecciones
- 21 videos
- 3 pruebas
- 2:10 horas",https://cursodex.com/courses/software-de-ventas-de-hubspot/,https://cursodex.com/wp-content/uploads/2024/05/Hubspot.jpg,Hubspot,https://cursodex.com/wp-content/uploads/2024/05/Hubspot.jpg,Negocios,Español,2 hour,,Español; Francés; Japonés; Alemán.,2 hours,,0,,https://academy.hubspot.com/es/courses/hubspot-sales-software,Hubspot
19033,Automatización de marketing e inteligencia artificial,"Descubre cómo puedes incorporar la automatización del marketing y la inteligencia artificial a tu estrategia inbound.

Información sobre la lección:
- 3 videos
- 36 minutos

Descripción de la clase:
La automatización y la inteligencia artificial son fundamentales para impulsar el crecimiento y la expansión de tu empresa. En esta lección, descubrirás las ventajas de la automatización del marketing y la inteligencia artificial, además de algunas buenas prácticas para implementarlas en tus procesos internos y orientados a la clientela.",https://cursodex.com/courses/automatizacion-de-marketing-e-inteligencia-artificial/,https://cursodex.com/wp-content/uploads/2024/05/Hubspot.jpg,Hubspot,https://cursodex.com/wp-content/uploads/2024/05/Hubspot.jpg,Marketing,Español,30 minute,,Español; Japonés; Alemán; Inglés.,30 minutes,,0,,https://academy.hubspot.com/es/lessons/marketing-automation-and-artificial-intelligence,Hubspot
19035,Aspectos clave sobre la capacidad de entrega y los permisos,"Descubre cuáles son los requisitos de consentimiento en el marketing por email y mejora la capacidad de entrega.

Información sobre la lección:
- 4 videos
- 37 minutos

Descripción de la clase:
En una campaña de email marketing eficaz, además de incluir contenido de calidad, debes respetar las normativas de privacidad, además de saber en qué consiste la capacidad de entrega y cómo mejorarla. En esta clase, descubrirás cómo hacer que tus mensajes lleguen a las bandejas de entrada de tu audiencia objetivo.",https://cursodex.com/courses/aspectos-clave-sobre-la-capacidad-de-entrega-y-los-permisos/,https://cursodex.com/wp-content/uploads/2024/05/Hubspot.jpg,Hubspot,https://cursodex.com/wp-content/uploads/2024/05/Hubspot.jpg,Marketing,Email Marketing|Español,37 minute,,Español: Alemán; Inglés.,0.5 hours,,0,,https://academy.hubspot.com/es/lessons/understanding-permissions-and-deliverability,Hubspot
19037,Certificación de email marketing,"Desarrolla un enfoque integral para el email marketing con el Curso de Certificación en Email Marketing de HubSpot Academy. Aprende a personalizar y automatizar correos electrónicos, diseñar contenido atractivo y CTAs, y analizar métricas para el éxito estratégico.

A quién está destinado:
º Dueños de pequeñas empresas que desean utilizar el marketing por correo electrónico para interactuar de manera efectiva con su público objetivo.
º Marketers interesados en ampliar sus habilidades en marketing por correo electrónico para impulsar conversiones.
º Personas que buscan adquirir experiencia en las mejores prácticas del marketing por correo electrónico.

Aprenderás lo siguiente:
º Descubre tácticas de personalización y automatización para campañas de correo electrónico efectivas.
º Crea copias, contenido y diseño de correo electrónico convincentes para captar la atención del público y aumentar las conversiones.
º Analiza las métricas de correo electrónico y realiza pruebas A/B para tomar decisiones basadas en datos.

Información sobre el curso:
- 9 lecciones
- 31 videos
- 9 pruebas
- 4:14 horas",https://cursodex.com/courses/certificacion-de-email-marketing/,https://cursodex.com/wp-content/uploads/2024/05/Hubspot.jpg,Hubspot,https://cursodex.com/wp-content/uploads/2024/05/Hubspot.jpg,Marketing,Email Marketing|Español,4 hour,,Español: Alemán; Inglés.,4 hours,,0,,https://academy.hubspot.com/es/courses/email-marketing,Hubspot
19039,El rol del diseño en el email marketing,"Da formato a tus correos electrónicos para maximizar la interacción.

Información sobre la lección:
- 2 videos
- 28 minutos

En un mundo plagado de contenido, el diseño desempeña un papel importante a la hora de atraer y mantener la atención de tu audiencia. En esta lección, descubrirás las buenas prácticas para diseñar correos electrónicos que consigan interacciones.",https://cursodex.com/courses/el-rol-del-diseno-en-el-email-marketing/,https://cursodex.com/wp-content/uploads/2024/05/Hubspot.jpg,Hubspot,https://cursodex.com/wp-content/uploads/2024/05/Hubspot.jpg,Marketing,Email Marketing|Español,30 minute,,Español: Alemán; Inglés.,0.5 hours,,0,,https://academy.hubspot.com/es/lessons/design-in-email-marketing,Hubspot
19071,Curso en integración nativa de HubSpot con WhatsApp,"Con la integración nativa de HubSpot, puedes conectar una cuenta de WhatsApp Business a tu bandeja de entrada compartida. Para ayudarte a sacarle el máximo provecho a esta integración, hemos diseñado un curso que te ayudará a alcanzar 5 objetivos principales:

1. Comprender el funcionamiento de la integración nativa de HubSpot con WhatsApp Business.
2. Aprender a conectar con éxito una cuenta de WhatsApp Business a la bandeja de entrada compartida de HubSpot.
3. Adquirir habilidades para que puedas comunicarte de manera efectiva con prospectos y clientes a través de WhatsApp.
4. Aprender a hacer un seguimiento adecuado de las conversaciones con prospectos y clientes.
5. Desarrollar la capacidad de establecer relaciones más sólidas y duraderas con los contactos a través de la comunicación por WhatsApp Business.

A quién está destinado:
º Especialistas en marketing digital, coordinadores de marketing y estrategas de contenido que deseen ampliar sus habilidades en la comunicación y el seguimiento de clientes a través de WhatsApp Business.
º Gerentes de ventas, ejecutivos de cuenta y líderes de equipos de ventas que deseen mejorar la eficacia de sus comunicaciones con clientes potenciales y existentes utilizando WhatsApp Business.
º Agentes de servicio al cliente, supervisores de atención al cliente y gerentes de experiencia del cliente que buscan integrar WhatsApp Business en sus procesos de atención al cliente para una comunicación más eficiente y satisfactoria.
º Empresarios y propietarios de pequeñas empresas que deseen utilizar WhatsApp Business como una herramienta efectiva para fomentar relaciones comerciales sólidas.

Aprenderás lo siguiente:
º Cómo funciona la integración y cómo conectar con éxito tu cuenta de WhatsApp Business existente con tu CRM de HubSpot.
º A utilizar esta integración para conversar con tus prospectos y clientes directamente desde la bandeja de entrada de HubSpot.
º Cuáles son las mejores prácticas a la hora de integrar HubSpot con WhatsApp.
º A diseñar un plan de implementación exitoso de la integración nativa de HubSpot con WhatsApp.

Información sobre el curso:
- 4 lecciones
- 10 videos
- 3 pruebas
- 1:19 horas",https://cursodex.com/courses/curso-en-integracion-nativa-de-hubspot-con-whatsapp/,https://cursodex.com/wp-content/uploads/2024/05/Hubspot.jpg,Hubspot,https://cursodex.com/wp-content/uploads/2024/05/Hubspot.jpg,Marketing,Español,1 hour,,Español; Portugués.,1 hour,,0,,https://academy.hubspot.com/es/courses/how-to-use-the-whatsapp-native-integration-with-hubspot,Hubspot
19073,Curso de Service Hub,"La Certificación del software de Service Hub demuestra tus conocimientos para ejecutar una estrategia de asistencia inbound con el Service Hub de HubSpot. Este curso de certificación consta de seis clases que abordan el plan de recorrido del cliente y distintas herramientas de HubSpot, como el centro de ayuda, la base de conocimientos y el feedback del cliente. Los ejercicios prácticos y los cuestionarios al final de cada clase servirán para evaluar tus conocimientos. Al terminar la clase final, deberás someterte a un examen de 60 preguntas de opción múltiple antes de obtener tu certificación. Nota: Los recursos educativos (videos, cuestionarios, libros de trabajo) se pueden consultar gratuitamente. Si quieres obtener tu certificación, hay ejercicios adicionales disponibles que requieren una suscripción Pro o Enterprise a HubSpot.

A quién está destinado:
º Mánagers de atención al cliente.
º Agentes de atención al cliente.

Aprenderás lo siguiente:
º Crear una experiencia de cliente sin fricciones utilizando el servicio de asistencia.
º Ayudar a los clientes a ayudarse a sí mismos utilizando la base de conocimientos.
º Mejorar la experiencia del cliente mediante el feedback y la promoción.

Información sobre el curso:
- 6 lecciones
- 25 videos
- 6 pruebas
- 2:30 horas",https://cursodex.com/courses/curso-de-service-hub/,https://cursodex.com/wp-content/uploads/2024/05/Hubspot.jpg,Hubspot,https://cursodex.com/wp-content/uploads/2024/05/Hubspot.jpg,Marketing,Español,150 minute,,Español; Francés; Alemán; Inglés.,2.5 hours,,0,,https://academy.hubspot.com/es/courses/hubspot-service-software,Hubspot
19076,Inbound (Nuevo),"Descubre cuáles son los aspectos básicos del inbound, la metodología inbound y el ciclo basado en el cliente, y aprende a aplicarlos en tu empresa. En el curso de Certificación Inbound, aprenderás a gestionar una empresa inbound exitosa, desde el marketing y las ventas hasta los servicios.

A quién está destinado:
º Profesionales de inbound
º Profesionales de marketing
º Profesionales de ventas

Aprenderás lo siguiente:
º Explorar los fundamentos del inbound.
º Aprender la metodología inbound y el flywheel como parte fundamental de cualquier negocio inbound.
º Iniciar tu camino con el inbound.

Información sobre el curso:
- 6 lecciones
- 15 videos
- 4 pruebas
- 2:24 horas",https://cursodex.com/courses/inbound-nuevo/,https://cursodex.com/wp-content/uploads/2024/05/Hubspot.jpg,Hubspot,https://cursodex.com/wp-content/uploads/2024/05/Hubspot.jpg,Marketing|Negocios,Español,150 minute,,Español; Japonés; Portugués; Inglés; Alemán.,2.5 hours,,0,beginner,https://academy.hubspot.com/es/courses/inbound,Hubspot
19078,Cómo configurar el centro de ayuda en HubSpot,"Aprende a configurar tu centro de ayuda.

Aprenderás lo siguiente:
º Explicar la importancia de un servicio de asistencia.
º Conectar los canales al servicio de asistencia.​
º Configurar vistas en el servicio de ayuda.
º Configurar los ANS
º Crear tickets mediante workflows.
º Crear reportes sobre los tickets.

Información sobre la lección:
- 6 videos
- 20 minutos",https://cursodex.com/courses/como-configurar-el-centro-de-ayuda-en-hubspot/,https://cursodex.com/wp-content/uploads/2024/05/Hubspot.jpg,Hubspot,https://cursodex.com/wp-content/uploads/2024/05/Hubspot.jpg,Marketing,Español,20 minute,,Español; Alemán; Francés; Inglés.,20 Minutes,,0,beginner,https://academy.hubspot.com/es/lessons/setting-up-help-desk,Hubspot
19082,Fundamentos de los Servicios Inbound,"Cómo atraer y asesorar mejores clientes para ayudarlos a crecer.
La manera de comprar continúa evolucionando, y los clientes actuales son más exigentes que nunca. Por eso, debes interactuar con tus clientes según sus expectativas, guiarlos proactivamente para que obtengan los mejores resultados y fomentar el crecimiento mutuo a través de vínculos profundos y un sentimiento de lealtad. Si quieres impulsar el crecimiento, debes establecer un sistema que se pueda expandir para ofrecer experiencias de cliente excepcionales, deleitar al comprador actual y obtener promotores.

Información sobre la lección:
- 6 videos
- 1:01 horas",https://cursodex.com/courses/fundamentos-de-los-servicios-inbound/,https://cursodex.com/wp-content/uploads/2024/05/Hubspot.jpg,Hubspot,https://cursodex.com/wp-content/uploads/2024/05/Hubspot.jpg,Marketing,Español,10 hour,,Español; Portugués; Japonés; Frances; Inglés; Alemán.,1 hour,,0,beginner,https://academy.hubspot.com/es/lessons/inbound-service-fundamentals,Hubspot
19084,Cómo crear el recorrido del comprador para tu empresa,"Descubre cómo identificar el proceso que atraviesan los prospectos antes de comprar.
Este recorrido es el proceso activo de investigación que atraviesa un cliente potencial antes de comprar. Es una parte fundamental de una estrategia inbound, ya que es un marco que puedes usar para entender las necesidades de tus clientes y ofrecerles la información que necesitan para alcanzar sus metas.

Información sobre la lección:
- 2 videos
- 13 minutos",https://cursodex.com/courses/como-crear-el-recorrido-del-comprador-para-tu-empresa/,https://cursodex.com/wp-content/uploads/2024/05/Hubspot.jpg,Hubspot,https://cursodex.com/wp-content/uploads/2024/05/Hubspot.jpg,Marketing,Español,13 minute,,Español; Japonés; Portugués; Inglés; Alemán.,13 Minutes,,0,beginner,https://academy.hubspot.com/es/lessons/buyers-journey,Hubspot
19087,Cómo definir el propósito de una empresa,"Descubre cómo crear un propósito para tu empresa que te ayude a implementar una estrategia inbound.
¿Por qué se fundó tu empresa? ¿Cuál era su misión principal? Esta información es fundamental, en especial si quieres implementar una estrategia inbound. El método inbound se basa en mejorar la visibilidad de tu empresa para que tus clientes potenciales puedan encontrarte más rápido. Sin embargo, primero necesitas entender y definir el propósito por el que se fundó tu empresa.

Información sobre la lección:
- 2 videos
- 31 minutos",https://cursodex.com/courses/como-definir-el-proposito-de-una-empresa/,https://cursodex.com/wp-content/uploads/2024/05/Hubspot.jpg,Hubspot,https://cursodex.com/wp-content/uploads/2024/05/Hubspot.jpg,Marketing|Negocios,Español|Productividad,30 minute,,Español; Japonés; Portugués; Inglés; Alemán.,0.5 hours,,0,beginner,https://academy.hubspot.com/es/lessons/creating-a-company-purpose,Hubspot
19089,Profundización sobre el generador de informes personalizados de HubSpot,"Aprende a crear informes personalizados con el generador de informes de HubSpot.

Aprenderás lo siguiente:
º Podrás elegir las fuentes de datos más eficaces para tu informe personalizado en función de tu objetivo.
º Podrás elegir las propiedades más relevantes en función del informe que desees.
º Sabrás configurar los ejes X y Y en el generador de informes personalizados.
º Sabrás filtrar tu informe para que solo muestre los datos relevantes.
º Podrás seleccionar el gráfico adecuado para tu informe.

Información sobre la lección:
- 4 videos
- 35 minutos",https://cursodex.com/courses/profundizacion-sobre-el-generador-de-informes-personalizados-de-hubspot/,https://cursodex.com/wp-content/uploads/2024/05/Hubspot.jpg,Hubspot,https://cursodex.com/wp-content/uploads/2024/05/Hubspot.jpg,Marketing,Español,30 minute,,Español; Inglés.,0.5 hours,,0,beginner,https://academy.hubspot.com/es/lessons/creating-custom-hubspot-reports,Hubspot
19091,Aspectos básicos de la integración nativa de HubSpot con WhatsApp,"Aspectos básicos de la integración nativa de HubSpot con WhatsApp.
La integración nativa de HubSpot con WhatsApp te permite conectar fácilmente tu cuenta de WhatsApp Business con tu CRM para que te comuniques sin problemas con tus clientes, realices un buen seguimiento de las conversaciones y construyas relaciones más sólidas. En esta lección, aprenderás cómo utilizar esta integración para conversar con tus prospectos y clientes directamente desde la bandeja de entrada de HubSpot.

Información sobre la lección:
- 4 videos
- 30 minutos",https://cursodex.com/courses/aspectos-basicos-de-la-integracion-nativa-de-hubspot-con-whatsapp/,https://cursodex.com/wp-content/uploads/2024/05/Hubspot.jpg,Hubspot,https://cursodex.com/wp-content/uploads/2024/05/Hubspot.jpg,Marketing,Español,30 minute,,Español; Portugués.,0.5 hours,,0,beginner,https://academy.hubspot.com/es/lessons/understanding-the-fundamentals-of-the-whatsapp-native-integration,Hubspot
19093,Cómo implementar la integración nativa de HubSpot con WhatsApp,"Cómo implementar la integración nativa de HubSpot con WhatsApp.
Para comunicarte eficazmente con tus prospectos y clientes a través de WhatsApp, no basta con conectar tu cuenta a HubSpot. En esta lección, aprenderás cómo diseñar un plan de implementación exitoso y cuáles son las mejores prácticas a la hora de integrar HubSpot con WhatsApp.

Información sobre la lección:
- 5 videos
- 32 minutos",https://cursodex.com/courses/como-implementar-la-integracion-nativa-de-hubspot-con-whatsapp/,https://cursodex.com/wp-content/uploads/2024/05/Hubspot.jpg,Hubspot,https://cursodex.com/wp-content/uploads/2024/05/Hubspot.jpg,Marketing,Español,30 minute,,Español; Portugués.,0.5 hours,,0,beginner,https://academy.hubspot.com/es/lessons/implementing-the-whatsapp-native-integration-in-your-business,Hubspot
19101,Certificación de informes de HubSpot,"La certificación de informes de HubSpot busca enseñar a crear informes y analizar datos mediante las herramientas de HubSpot. Está diseñado para profesionales del marketing, ventas y analistas que quieran aprovechar los datos para tomar decisiones fundamentadas, optimizar campañas e impulsar el crecimiento de la empresa. Los participantes aprenderán a crear informes personalizados, establecer metas y puntos de referencia, analizar las tendencias de los datos y comunicar ideas de forma eficaz.

Aprenderás lo siguiente:
º Podrás transformar los datos de tu empresa en formatos de informes en HubSpot.
º Aprenderás a diseñar un panel para almacenar la información de los distintos informes.
º Podrás medir y analizar el tráfico de tu sitio web mediante las analíticas de tráfico.
º Serás capaz de evaluar el rendimiento del flywheel con las herramientas de análisis de HubSpot.
º Podrás elaborar informes de atribución en HubSpot.
º Podrás elaborar informes de las analíticas del recorrido del cliente.
º Podrás crear informes personalizados en HubSpot.

Información sobre el curso:
- 8 lecciones
- 31 videos
- 6 pruebas
- 4:48 horas",https://cursodex.com/courses/certificacion-de-informes-de-hubspot/,https://cursodex.com/wp-content/uploads/2024/05/Hubspot.jpg,Hubspot,https://cursodex.com/wp-content/uploads/2024/05/Hubspot.jpg,Marketing,Español,5 hour,,Español; Inglés.,5 hours,,0,beginner,https://academy.hubspot.com/es/courses/hubspot-reporting,Hubspot
19107,Estructura de tu CRM,"Aprende a gestionar efectivamente los datos de tu empresa en HubSpot.

A quién está destinado:
º Usuarios de HubSpot con permisos de adminstrador
º Profesionales de marketing, ventas y servicio al cliente
º Mánagers de marketing

Aprenderás lo siguiente:
º Podrás aclarar la diferencia entre los datos de objetos y los de eventos.
º Aprenderás a modelar datos en HubSpot.
º Serás capaz de personalizar y elaborar informes sobre cada uno de los tipos de propiedad.

Información sobre la lección:
- 4 videos
- 44 minutos",https://cursodex.com/courses/estructura-de-tu-crm/,https://cursodex.com/wp-content/uploads/2024/05/Hubspot.jpg,Hubspot,https://cursodex.com/wp-content/uploads/2024/05/Hubspot.jpg,Marketing,Español,40 minute,,Español; Inglés.,40 Minutes,,0,beginner,https://academy.hubspot.com/es/lessons/anatomy-of-your-crm,Hubspot
19109,Curso de ventas sin fricción: Aprende a eliminar la fricción en tu equipo de ventas,"En el mundo del inbound, las empresas se representan con flywheels, o ciclos, en lugar de embudos. El flywheel, o ciclo basado en el cliente, representa el modelo adoptado por HubSpot para explicar la dinámica que se genera al destinar todas las partes de una organización a lograr una experiencia del cliente extraordinaria. Puedes aumentar ese crecimiento aplicándole fuerza al flywheel o quitándole fricción. En general, las organizaciones de ventas no tienen problemas para aplicar fuerza, pero si quieres ayudar a tu equipo a crecer mejor, tienes que encontrar maneras de eliminar fricción. Con el modelo de ventas sin fricción, tu equipo de ventas podrá dedicar más tiempo a vender. Además, descubrirás cómo alinear a tu equipo con el comprador objetivo y cómo transformarlo con una cultura de aprendizaje.

A quién está destinado:
º VP de ventas
º Líderes de ventas

Aprenderás lo siguiente:
º Habilitar a tu equipo de ventas para que dedique más tiempo a vender.
º Alinear los procesos de ventas de tu equipo con el comprador objetivo.
º Transformar tu equipo con una cultura de aprendizaje.

Información sobre el curso:
- 4 lecciones
- 12 videos
- 0 pruebas
- 1:59 horas",https://cursodex.com/courses/curso-de-ventas-sin-friccion-aprende-a-eliminar-la-friccion-en-tu-equipo-de-ventas/,https://cursodex.com/wp-content/uploads/2024/05/Hubspot.jpg,Hubspot,https://cursodex.com/wp-content/uploads/2024/05/Hubspot.jpg,Negocios,Español,2 hour,,Español; Japonés; Alemán; Francés; Inglés.,2 hours,,0,beginner,https://academy.hubspot.com/es/courses/frictionless-sales,Hubspot
19111,Certificación en habilitación de ventas,"¿Te has preguntado cómo transformar tu organización y llevarla al siguiente nivel? Para ello hemos diseñado una certificación con cuatro objetivos principales:
1. Adquirir conocimientos fundamentales en áreas clave como la alineación de objetivos y la calificación de leads.
2. Asegurar la responsabilidad de los equipos de ventas, promoviendo una cultura de rendición de cuentas.
3. Lograr resultados comerciales consistentes a través de la implementación efectiva de las prácticas aprendidas.
4. Transformar la organización, optimizando los procesos de ventas para mejorar la eficiencia y el rendimiento general del equipo.

A quién está destinado:
º Directores de ventas que supervisan las estrategias y los objetivos de ventas.
º Gerentes de cuentas que mantienen relaciones con clientes clave.
º Representantes de ventas que generan leads y cierran acuerdos o negocios.
º Especialistas en marketing que desarrollan estrategias de generación de demanda.
º Analistas de datos de ventas que analizan datos para pronosticar ventas.
º Coordinadores de logística que gestionan la distribución de productos.
º Especialistas en atención al cliente que resuelven los problemas de los clientes.
º Especialistas en desarrollo de productos que diseñan productos basados en el feedback de ventas.
º Especialistas en capacitación en ventas que entrenan al equipo de ventas.
º Analistas de competencia que investigan las estrategias de los competidores.

Aprenderás lo siguiente:
º Las nociones básicas sobre la habilitación de ventas.
º A crear un objetivo inspirador que unifique y motive tanto al equipo de ventas como al de marketing, fomentando una colaboración estrecha y un esfuerzo conjunto para alcanzar resultados excepcionales.
º A desarrollar un marco robusto de calificación de leads que establezca criterios claros y efectivos para identificar oportunidades de venta de alta calidad.
º Asignar responsabilidades a los equipos con un acuerdo de nivel de servicios.
º A identificar las necesidades tecnológicas y a crear un conjunto estratégico de soluciones que te ayuden a alcanzar tus objetivos.

Información sobre el curso:
- 12 lecciones
- 40 videos
- 12 pruebas
- 5:03 horas",https://cursodex.com/courses/certificacion-en-habilitacion-de-ventas/,https://cursodex.com/wp-content/uploads/2024/05/Hubspot.jpg,Hubspot,https://cursodex.com/wp-content/uploads/2024/05/Hubspot.jpg,Marketing|Negocios,Español,5 hour,,Español; Inglés.,5 hours,,0,beginner,https://academy.hubspot.com/es/courses/sales-enablement,Hubspot
19113,Transforma a tu equipo con una cultura de aprendizaje,"La capacitación es la tarea más importante de un líder de ventas.

Información sobre la lección:
- 3 videos
- 28 minutos",https://cursodex.com/courses/transforma-a-tu-equipo-con-una-cultura-de-aprendizaje/,https://cursodex.com/wp-content/uploads/2024/05/Hubspot.jpg,Hubspot,https://cursodex.com/wp-content/uploads/2024/05/Hubspot.jpg,Habilidades Blandas|Negocios,Español,30 minute,,Español; Alemán; Inglés.,0.5 hours,,0,beginner,https://academy.hubspot.com/es/lessons/transform-your-sales-team,Hubspot
19117,Alinea a tu equipo con el comprador,"La mayoría de las personas no confía en los representantes de ventas.

Información sobre la lección:
- 3 videos
- 29 minutos",https://cursodex.com/courses/alinea-a-tu-equipo-con-el-comprador/,https://cursodex.com/wp-content/uploads/2024/05/Hubspot.jpg,Hubspot,https://cursodex.com/wp-content/uploads/2024/05/Hubspot.jpg,Negocios,Español,30 minute,,Español; Francés; Inglés.,0.5 hours,,0,beginner,https://academy.hubspot.com/es/lessons/align-sales-team-with-buyer,Hubspot
19119,Habilita a tu equipo de ventas para que dedique más tiempo a vender,"La mayoría de los representantes de ventas dedica menos de la mitad de su tiempo a vender.

Información sobre la lección:
- 3 videos
- 27 minutos",https://cursodex.com/courses/habilita-a-tu-equipo-de-ventas-para-que-dedique-mas-tiempo-a-vender/,https://cursodex.com/wp-content/uploads/2024/05/Hubspot.jpg,Hubspot,https://cursodex.com/wp-content/uploads/2024/05/Hubspot.jpg,Negocios,Español,30 minute,,Español; Inglés.,0.5 hours,,0,beginner,https://academy.hubspot.com/es/lessons/enable-your-sales-team,Hubspot
19121,Identifica la fricción que está frenando a tu equipo de ventas,"Descubre cómo tener más y mejores resultados con el trabajo que tu equipo de ventas ya está haciendo.

En el mundo del inbound, las empresas se representan con flywheels, o ciclos, en lugar de embudos. Un ciclo puede imaginarse como una rueda que almacena energía y su giro representa el crecimiento de tu empresa. Para ayudar a tu equipo de ventas a crecer mejor, tienes que encontrar la manera de eliminar la fricción de tu flywheel. En esta lección, verás un resumen del modelo de ventas sin fricción, que consta de tres etapas: habilitar al equipo para que dedique más tiempo a vender, alinearlo con el comprador y transformarlo a través de una cultura de aprendizaje.

Información sobre la lección:
- 3 videos
- 25 minutos",https://cursodex.com/courses/identifica-la-friccion-que-esta-frenando-a-tu-equipo-de-ventas/,https://cursodex.com/wp-content/uploads/2024/05/Hubspot.jpg,Hubspot,https://cursodex.com/wp-content/uploads/2024/05/Hubspot.jpg,Negocios,Español,30 minute,,Español,0.5 hours,,0,beginner,https://academy.hubspot.com/es/lessons/identify-the-friction-thats-holding-your-sales-team-back,Hubspot
19123,Cómo fijar objetivos para tu empresa,"Descubre los distintos marcos para fijar objetivos que estén en sintonía con tu empresa inbound.
Más allá del tamaño de tu empresa, puedes hacer que todos compartan los mismos objetivos y visión. Para dar juntos ese primer paso en el camino que te llevará a donde quieres estar, necesitas objetivos compartidos para crear un sentido de responsabilidad y una base de transparencia en todos los equipos.

Información sobre la lección:
- 4 videos
- 28 minutos",https://cursodex.com/courses/como-fijar-objetivos-para-tu-empresa/,https://cursodex.com/wp-content/uploads/2024/05/Hubspot.jpg,Hubspot,https://cursodex.com/wp-content/uploads/2024/05/Hubspot.jpg,Marketing|Negocios,Español,30 minute,,Español; Japonés; Portugués; Francés; Alemán; Inglés.,0.5 hours,,0,beginner,https://academy.hubspot.com/es/lessons/setting-business-goals,Hubspot
19125,Cómo impulsar el crecimiento de tu empresa con el modelo del ciclo basado en el cliente,"Descubre la diferencia entre un ciclo basado en el cliente y un embudo, y la función que tiene cada uno en una empresa moderna.
Es normal visualizar una empresa como un embudo, ya que la mayoría de los gráficos que representan los procesos de conversión tienen esta forma. Un ciclo puede imaginarse como una rueda. Si agregamos potencia a una rueda, comienza a girar: cuanta más potencia usemos, más rápido girará. A diferencia del embudo, donde la única manera de mantener una velocidad constante es seguir agregando más líquido, la rueda seguirá girando. Desde el punto de vista comercial, la rotación representa el crecimiento de tu empresa Los clientes satisfechos aportan la potencia que estimula ese crecimiento. Todo lo que hagas debe tener un mismo objetivo: conseguir clientes que potencien el ciclo y aceleren el crecimiento de tu empresa.

Información sobre la lección:
- 2 videos
- 17 minutos",https://cursodex.com/courses/como-impulsar-el-crecimiento-de-tu-empresa-con-el-modelo-del-ciclo-basado-en-el-cliente/,https://cursodex.com/wp-content/uploads/2024/05/Hubspot.jpg,Hubspot,https://cursodex.com/wp-content/uploads/2024/05/Hubspot.jpg,Marketing|Negocios,Español,20 minute,,Español; Japonés; Portugués; Alemán; Francés; Inglés.,20 Minutes,,0,beginner,https://academy.hubspot.com/es/lessons/flywheel,Hubspot
19127,Cómo alinear tus equipos de marketing y ventas,"Define las etapas del ciclo de vida de tus contactos para ayudar a desarrollar una estrategia de capacitación de ventas para tu empresa.
Es fundamental entender que el trabajo de un profesional del marketing no termina después de convertir a un lead. El marketing juega un papel fundamental para ayudarte a captar el interés de los leads y deleitarlos. Son muchos los esfuerzos necesarios para convertir a un lead en cliente: interacción en distintos canales, lograr que terceros hablen de tu empresa, valoraciones, un equipo de ventas eficaz y mucho más. Dedica tiempo a aprender a crear una estrategia de capacitación de ventas que tenga un impacto significativo y medible sobre el proceso.

Información sobre la lección:
- 2 videos
- 26 minutos",https://cursodex.com/courses/como-alinear-tus-equipos-de-marketing-y-ventas/,https://cursodex.com/wp-content/uploads/2024/05/Hubspot.jpg,Hubspot,https://cursodex.com/wp-content/uploads/2024/05/Hubspot.jpg,Marketing,Español,30 minute,,Español; japonés; Francés; Portugués; Inglés.,0.5 hours,,0,beginner,https://academy.hubspot.com/es/lessons/aligning-your-marketing-with-sales,Hubspot
19129,Tecnologías para facilitar ventas,"Aprende a identificar tus necesidades tecnológicas y crea un conjunto estratégico de soluciones que te ayuden a alcanzar tus objetivos.
La tecnología es una parte importante de cualquier estrategia de recursos de ventas. En esta clase, aprenderás a identificar tus necesidades tecnológicas y a crear un conjunto estratégico de soluciones que te ayudarán a alcanzar tus objetivos.

Información sobre la lección:
- 3 videos
- 21 minutos",https://cursodex.com/courses/tecnologias-para-facilitar-ventas/,https://cursodex.com/wp-content/uploads/2024/05/Hubspot.jpg,Hubspot,https://cursodex.com/wp-content/uploads/2024/05/Hubspot.jpg,Negocios,Español,20 minute,,Español; Inglés.,20 Minutes,,0,beginner,https://academy.hubspot.com/es/lessons/evaluating-sales-enablement-technology,Hubspot
19131,Seguir habilitando después de la venta,"Aprende a potenciar el éxito del cliente y descubre cómo esta acción puede generar más ventas en el futuro.
Ahora que sabes que la creación de recursos de ventas puede ayudar a tu equipo a vender más rápido y mejor, ¿por qué no hacer lo mismo con tus clientes para que tengan éxito después de cerrar el negocio? En esta clase, aprenderás a potenciar el éxito del cliente y descubrirás cómo esta acción puede generar más ventas en el futuro.

Información sobre la lección:
- 4 videos
- 19 minutos",https://cursodex.com/courses/seguir-habilitando-despues-de-la-venta/,https://cursodex.com/wp-content/uploads/2024/05/Hubspot.jpg,Hubspot,https://cursodex.com/wp-content/uploads/2024/05/Hubspot.jpg,Marketing|Negocios,Español,20 minute,,Español; Inglés.,20 Minutes,,0,beginner,https://academy.hubspot.com/es/lessons/continuing-enablement-after-the-sale,Hubspot
19133,El poder del contenido en la habilitación de ventas,"Descubre cómo usar el contenido para mejorar la eficiencia y la rapidez del equipo de ventas.
El contenido es una pieza clave de cualquier estrategia de habilitación de ventas. En esta clase, aprenderás a usar contenido para mejorar la eficiencia y la rapidez de tu equipo de ventas.

Información sobre la lección:
- 4 videos
- 25 minutos",https://cursodex.com/courses/el-poder-del-contenido-en-la-habilitacion-de-ventas/,https://cursodex.com/wp-content/uploads/2024/05/Hubspot.jpg,Hubspot,https://cursodex.com/wp-content/uploads/2024/05/Hubspot.jpg,Negocios,Español,30 minute,,Español; Inglés.,0.5 hours,,0,beginner,https://academy.hubspot.com/es/lessons/the-power-of-content-in-sales-enablement,Hubspot
19135,Creando una declaración de poder,"Descubre cómo puedes combinar buyer personas y la teoría de los trabajos por realizar en una única declaración de poder para toda tu empresa.
Los buyer personas determinan a qué público te diriges y la teoría de los trabajos por realizar define por qué las personas compran tus productos. En esta clase, aprenderás a combinar los dos en una única declaración para toda tu empresa.

Información sobre la lección:
- 3 videos
- 22 minutos",https://cursodex.com/courses/creando-una-declaracion-de-poder/,https://cursodex.com/wp-content/uploads/2024/05/Hubspot.jpg,Hubspot,https://cursodex.com/wp-content/uploads/2024/05/Hubspot.jpg,Marketing,Español,20 minute,,Español; Inglés.,20 Minutes,,0,beginner,https://academy.hubspot.com/es/lessons/creating-a-hero-statement,Hubspot
19137,Teoría de los trabajos por realizar en habilitación ventas,"Descubre cómo usar la teoría de los trabajos por hacer para entender mejor qué motiva a los consumidores.
Saber quiénes son tus clientes es solo la mitad de la tarea; la otra mitad es saber por qué compran tus productos. En esta clase, explicaremos cómo usar la teoría de los trabajos por realizar para entender mejor qué es lo que motiva a los consumidores.

Información sobre la lección:
- 3 videos
- 23 minutos",https://cursodex.com/courses/teoria-de-los-trabajos-por-realizar-en-habilitacion-ventas/,https://cursodex.com/wp-content/uploads/2024/05/Hubspot.jpg,Hubspot,https://cursodex.com/wp-content/uploads/2024/05/Hubspot.jpg,Marketing|Negocios,Español,20 minute,,Español; Japones; Inglés.,20 Minutes,,0,beginner,https://academy.hubspot.com/es/lessons/using-jobs-to-be-done-in-sales-enablement,Hubspot
19140,Buyer personas en la habilitación de ventas,"Descubre cómo identificar a aquellas personas que deberían ser el objetivo de tus equipos de marketing y ventas.
Si intentas acelerar el proceso de ventas sin saber bien quiénes son tus clientes, es probable que no tengas buenos resultados. En esta clase, descubrirás cómo identificar a aquellas personas que deberían ser el objetivo de tus equipos de marketing y ventas.

Información sobre la lección:
- 3 videos
- 22 minutos",https://cursodex.com/courses/buyer-personas-en-la-habilitacion-de-ventas/,https://cursodex.com/wp-content/uploads/2024/05/Hubspot.jpg,Hubspot,https://cursodex.com/wp-content/uploads/2024/05/Hubspot.jpg,Marketing|Negocios,Español,20 minute,,Español; Inglés.,20 Minutes,,0,beginner,https://academy.hubspot.com/es/lessons/using-buyer-personas-in-sales-enablement,Hubspot
19142,Coordinando los equipos con reuniones de smarketing,"Descubre cómo llevar a cabo reuniones donde se resuelvan los problemas y se optimicen los resultados.
Las reuniones presenciales ayudan al personal a estar al tanto de las novedades, pero necesitarás mucho más para mantener la alineación entre los equipos de marketing y ventas. En esta clase, aprenderás a llevar a cabo reuniones en las que se resuelvan los problemas y se optimicen los resultados.

Información sobre la lección:
- 3 videos
- 29 minutos",https://cursodex.com/courses/coordinando-los-equipos-con-reuniones-de-smarketing/,https://cursodex.com/wp-content/uploads/2024/05/Hubspot.jpg,Hubspot,https://cursodex.com/wp-content/uploads/2024/05/Hubspot.jpg,Marketing|Negocios,Español,30 minute,,Español; Inglés.,0.5 hours,,0,beginner,https://academy.hubspot.com/es/lessons/maintaining-alignment-with-smarketing-meetings,Hubspot
19144,Garantizando que tus equipos cumplan con un ANS,"Descubre cómo asignarles responsabilidades a tus equipos con un acuerdo de nivel de servicios.
Si bien es importante tener un objetivo común y contar con una definición concreta de tu lead ideal, necesitas un sistema de rendición de cuentas para garantizar que los equipos de marketing y ventas cumplan con sus responsabilidades. En esta clase, aprenderás a asignarles responsabilidades a tus equipos con un acuerdo de nivel de servicios (y qué hacer si alguno de ellos no logra alcanzar las metas).

Información sobre la lección:
- 4 videos
- 32 minutos",https://cursodex.com/courses/garantizando-que-tus-equipos-cumplan-con-un-ans/,https://cursodex.com/wp-content/uploads/2024/05/Hubspot.jpg,Hubspot,https://cursodex.com/wp-content/uploads/2024/05/Hubspot.jpg,Marketing,Español,30 minute,,Español; Inglés.,0.5 hours,,0,beginner,https://academy.hubspot.com/es/lessons/holding-your-teams-accountable-with-a-service-level-agreement,Hubspot
19146,Alineando a tus equipos en torno a un objetivo de ingresos en común,"Cómo definir un objetivo que motive a los equipos de ventas y marketing y los impulse a trabajar juntos.
Para garantizar el crecimiento de un negocio, es necesario que los equipos de marketing y ventas tengan la misma definición de éxito. En esta clase, aprenderás a crear un objetivo que motive tanto al equipo de ventas como al de marketing y los impulse a trabajar juntos.

Información sobre la lección:
- 2 videos
- 21 minutos",https://cursodex.com/courses/alineando-a-tus-equipos-en-torno-a-un-objetivo-de-ingresos-en-comun/,https://cursodex.com/wp-content/uploads/2024/05/Hubspot.jpg,Hubspot,https://cursodex.com/wp-content/uploads/2024/05/Hubspot.jpg,Marketing|Negocios,Español,20 minute,,Español; Inglés.,20 Minutes,,0,beginner,https://academy.hubspot.com/es/lessons/aligning-your-teams-around-a-unified-revenue-goal,Hubspot
19148,Introducción a la habilitación de ventas,"Conoce las nociones básicas de la habilitación de ventas y aprende cómo esta estrategia puede transformar toda una organización.
¿Qué es la habilitación de ventas y por qué es tan importante? En esta clase, te enseñaremos las nociones básicas sobre la habilitación de ventas y te mostraremos la importancia de esta estrategia para transformar toda una organización.

Información sobre la lección:
- 3 videos
- 24 minutos",https://cursodex.com/courses/introduccion-a-la-habilitacion-de-ventas/,https://cursodex.com/wp-content/uploads/2024/05/Hubspot.jpg,Hubspot,https://cursodex.com/wp-content/uploads/2024/05/Hubspot.jpg,Marketing|Negocios,Español,20 minute,,Español; Inglés.,20 Minutes,,0,beginner,https://academy.hubspot.com/es/lessons/introduction-to-sales-enablement,Hubspot
19153,Administración de Amenazas Cibernéticas,"Desarrolle conocimientos avanzados que utilizará en el lugar de trabajo como Analista Junior en Ciberseguridad. Este curso explora la gobernanza en la seguridad cibernética y la gestión de amenazas. Aprenda a desarrollar políticas y asegúrese de que su organización cumpla con los estándares éticos y los marcos legales y regulatorios. También obtendrá habilidades para gestionar amenazas, por ejemplo, cómo evaluar una red en busca de vulnerabilidades, gestionar riesgos y responder a incidentes de seguridad.",https://cursodex.com/courses/administracion-de-amenazas-ciberneticas/,https://cursodex.com/wp-content/uploads/2024/06/Administracion-de-Amenazas-Ciberneticas.png,Administración de Amenazas Cibernéticas,https://cursodex.com/wp-content/uploads/2024/06/Administracion-de-Amenazas-Ciberneticas.png,Computación y Software,Ciberseguridad|Español,16 hour,,Español; Arabe; Inglés; Francés; Portugués; Ucraniano.,,,0,intermediate,https://skillsforall.com/es/course/cyber-threat-management?courseLang=es-XL,Cisco
19158,Conceptos Básicos de Hardware de Computadora,"Las computadoras están por todas partes. Es porque el término ""computadoras"" se refiere a más que una computadora personal o una computadora portátil. Su teléfono inteligente es una mini computadora. Un servidor es una supercomputadora. Automóviles, televisores inteligentes, su consola de juegos: todos tienen una computadora. Tener una comprensión básica de estos dispositivos y cómo funcionan es fundamental para el éxito en el mundo digital actual. Este curso es un excelente punto de partida para cualquier carrera de TI.

Conceptos Básicos de Hardware de Computadora explora los fundamentos de las computadoras y los dispositivos móviles, los componentes que los componen, cómo funcionan y las herramientas y técnicas básicas para la resolución de problemas.",https://cursodex.com/courses/conceptos-basicos-de-hardware-de-computadora/,https://cursodex.com/wp-content/uploads/2024/06/Conceptos-Basicos-de-Hardware-de-Computadora.png,Conceptos Básicos de Hardware de Computadora,https://cursodex.com/wp-content/uploads/2024/06/Conceptos-Basicos-de-Hardware-de-Computadora.png,Computación y Software,,6 hour,,Español; Inglés; Francés; Portugués.,,,0,beginner,https://skillsforall.com/es/course/computer-hardware-basics?courseLang=es-XL,Cisco
19159,Crear una presentación de ventas personalizada,"Los prospectos quieren saber de qué forma específica les van a ayudar los distintos productos y servicios. Esta lección aborda las buenas prácticas para elaborar presentaciones de ventas que respondan las preguntas de los prospectos y los motiven a seguir con el proceso de compra.
Los prospectos quieren saber de qué forma específica les van a ayudar los distintos productos y servicios. Esta lección aborda las buenas prácticas para elaborar presentaciones de ventas que respondan las preguntas de los prospectos y los motiven a seguir con el proceso de compra.

Información sobre la lección:
- 5 videos
- 32 minutos",https://cursodex.com/courses/crear-una-presentacion-de-ventas-personalizada/,https://cursodex.com/wp-content/uploads/2024/05/Hubspot.jpg,Hubspot,https://cursodex.com/wp-content/uploads/2024/05/Hubspot.jpg,Negocios,Español,30 minute,,Español; Alemán; Francés; Inglés.,0.5 hours,,0,beginner,https://academy.hubspot.com/es/lessons/delivering-personalized-sales-presentations,Hubspot
19163,Entender el contexto del comprador,"Durante la etapa de exploración de tu estrategia de ventas inbound, debes llevar a cabo una conversación exploratoria que te permita llevar las riendas y lograr que el prospecto se sienta listo para tomar las decisiones adecuadas. Esta lección te muestra cómo aplicar el método «CGP, TCI, BA» con el fin de que estructures tus conversaciones y orientes a tus prospectos hacia los mejores resultados posibles.
Durante la etapa de exploración de tu estrategia de ventas inbound, debes llevar a cabo una conversación exploratoria que te permita llevar las riendas y lograr que el prospecto se sienta listo para tomar las decisiones adecuadas. Esta lección te muestra cómo aplicar el método «CGP, TCI, BA» con el fin de que estructures tus conversaciones y orientes a tus prospectos hacia los mejores resultados posibles.

Información sobre la lección:
- 5 videos
- 42 minutos",https://cursodex.com/courses/entender-el-contexto-del-comprador/,https://cursodex.com/wp-content/uploads/2024/05/Hubspot.jpg,Hubspot,https://cursodex.com/wp-content/uploads/2024/05/Hubspot.jpg,Negocios,Español,40 minute,,Español; Alemán; Francés; Inglés.,40 Minutes,,0,beginner,https://academy.hubspot.com/es/lessons/prioritizing-active-buyers-over-passive-buyers,Hubspot
19164,Conceptos básicos de redes,"Internet está construido sobre redes de computadoras. Así que no importa qué tipo de carrera en tecnología le interese, ¡es esencial conocer algunos conceptos básicos de redes! Ya sea que se esté preparando para una carrera en redes, actualice sus conocimientos para una certificación reconocida por el sector o simplemente tenga curiosidad sobre de qué se trata la red, este es el lugar para usted.

Este curso cubre la base de redes y dispositivos de red, medios y protocolos. Observará datos que fluyen a través de una red y configurará dispositivos para conectarse a redes. Por último, aprenderá a usar diferentes aplicaciones y protocolos de red para realizar tareas de red. El conocimiento y las habilidades que obtenga le pueden dar un punto de partida para encontrar una carrera gratificante en tecnología.",https://cursodex.com/courses/conceptos-basicos-de-redes/,https://cursodex.com/wp-content/uploads/2024/06/Conceptos-basicos-de-redes.png,Conceptos básicos de redes,https://cursodex.com/wp-content/uploads/2024/06/Conceptos-basicos-de-redes.png,Computación y Software,Redes,22 hour,,"Árabe, Deutsch, English, Español, Français, Português, Український.",,,0,beginner,https://skillsforall.com/es/course/networking-basics?courseLang=es-XL,Cisco
19169,Defensa de la red,"Obtenga los conocimientos intermedios que utilizará en el lugar de trabajo como Analista Junior en Ciberseguridad. Este curso cubre formas de monitorear su red y cómo evaluar las alertas de seguridad. Profundice en las herramientas y técnicas utilizadas para proteger su red, incluidos el control de acceso, los firewall, la seguridad en la nube y la criptografía. Estas herramientas de monitoreo y defensa, junto con otras, trabajan juntas para crear unaestrategia de defensa profunda de ciberseguridad en capas. El conocimiento y las habilidades que aprenda lo ayudarán a defender las redes contra muchos tipos de ataques y reaccionar rápidamente ante cualquier vulnerabilidad que pueda ocurrir.",https://cursodex.com/courses/defensa-de-la-red/,https://cursodex.com/wp-content/uploads/2024/06/Defensa-de-la-red.png,Defensa de la red,https://cursodex.com/wp-content/uploads/2024/06/Defensa-de-la-red.png,Computación y Software,Ciberseguridad|Español|Redes,27 hour,,"Árabe, English, Español, Français, Português, Український.",,,0,intermediate,https://skillsforall.com/es/course/network-defense?courseLang=es-XL,Cisco
19173,Alineando tu negocio en torno a la creación de contenido,"Descubre cómo hacer para que toda tu empresa participe en el proceso de creación de contenido.
El contenido de recursos de ventas empieza con marketing y ventas, pero se vuelve aún más valioso cuando los demás equipos participan. En esta clase, descubrirás cómo hacer para que toda tu empresa participe del proceso de creación de contenido.

Información sobre la lección:
- 5 videos
- 27 minutos",https://cursodex.com/courses/alineando-tu-negocio-en-torno-a-la-creacion-de-contenido/,https://cursodex.com/wp-content/uploads/2024/05/Hubspot.jpg,Hubspot,https://cursodex.com/wp-content/uploads/2024/05/Hubspot.jpg,Marketing,Español,30 minute,,Español; Inglés.,0.5 hours,,0,beginner,https://academy.hubspot.com/es/lessons/aligning-your-business-around-content-creation,Hubspot
19178,Diseñando un marco de calificación de leads,"Descubre cómo definir un marco de calificación de leads que resulte útil para los equipos de marketing y ventas.
Las estrategias inbound fracasan cuando los leads que genera el departamento de marketing no cumplen con las expectativas del equipo de ventas. En esta clase, aprenderás a definir un marco de calificación de leads que resulte útil tanto para el equipo de marketing como para el de ventas.

Información sobre la lección:
- 3 videos
- 29 minutos",https://cursodex.com/courses/disenando-un-marco-de-calificacion-de-leads/,https://cursodex.com/wp-content/uploads/2024/05/Hubspot.jpg,Hubspot,https://cursodex.com/wp-content/uploads/2024/05/Hubspot.jpg,Marketing|Negocios,Español,30 minute,,Español; Inglés.,0.5 hours,,0,beginner,https://academy.hubspot.com/es/lessons/developing-a-lead-qualification-framework,Hubspot
19180,Descubriendo el Emprendimiento,"Este curso abarca los fundamentos del emprendimiento, incluida la perspectiva emprendedora, la identificación de oportunidades y la elaboración de su historia de emprendimiento. Ofrece una base sólida para cualquier persona interesada en desarrollar habilidades de emprendimiento.",https://cursodex.com/courses/descubriendo-el-emprendimiento/,https://cursodex.com/wp-content/uploads/2024/06/Descubriendo-el-Emprendimiento.png,Descubriendo el Emprendimiento,https://cursodex.com/wp-content/uploads/2024/06/Descubriendo-el-Emprendimiento.png,Habilidades Blandas|Negocios,Español,20 hour,,"Español, Inglés",,,0,beginner,https://skillsforall.com/es/course/discovering-entrepreneurship?courseLang=es-XL,Cisco
19186,Curso y certificación gratuita de Inbound Marketing,"El inbound marketing es una metodología centrada en priorizar al cliente. Como profesional inbound, tu objetivo es atraer nuevos prospectos, interactuar con cada persona sin importar el tamaño de tu base de contactos y deleitar a cada una según sus preferencias.​ Lo que menos quieres, en un mundo saturado de mensajes, es convertirte en otra molestia o interrupción para tus clientes. Esta certificación te ayudará a desarrollar los procesos de marketing fundamentales que necesitas para crecer y aumentar tu base de clientes.

A quién está destinado:
º Profesionales inbound
º Profesionales de marketing

Aprenderás lo siguiente:
º Crear contenidos que eduquen y nutran a tus clientes potenciales a lo largo de su recorrido de compra.
º Ofrecer contenido relevante y experiencias de nutrición a tus leads y clientes.
º Optimizar tus procesos de marketing mediante estrategias de automatización y herramientas de inteligencia artificial.

Información sobre el curso:
- 7 lecciones
- 24 videos
- 7 pruebas
- 5:03 horas",https://cursodex.com/courses/curso-y-certificacion-gratuita-de-inbound-marketing/,https://cursodex.com/wp-content/uploads/2024/05/Hubspot.jpg,Hubspot,https://cursodex.com/wp-content/uploads/2024/05/Hubspot.jpg,Marketing,Español|Productividad,5 hour,,Español; Japonés; Portugués; Francés; Alemán; Inglés.,5 hours,,0,beginner,https://academy.hubspot.com/es/courses/inbound-marketing,Hubspot
19191,Direccionamiento de red y solución de problemas básicos,"Sabes que una sólida formación en redes abre las puertas a gratificantes oportunidades profesionales en tecnología. Profundiza tus conocimientos de redes y fortalece valiosas habilidades para iniciar tu carrera profesional.

Este curso explora los conceptos clave para el direccionamiento del Protocolo de Internet (IP) y la resolución de problemas básicos de la red. Obtenga información sobre las capas física, de enlace de datos y de red y cómo funcionan juntas para proporcionar conectividad de extremo a extremo. Comprenda cómo se calculan y asignan las direcciones IP. Luego practique sus habilidades de solución de problemas para mantener una red en funcionamiento.",https://cursodex.com/courses/direccionamiento-de-red-y-solucion-de-problemas-basicos/,https://cursodex.com/wp-content/uploads/2024/06/Direccionamiento-de-red-y-solucion-de-problemas-basicos.png,Direccionamiento de red y solución de problemas básicos,https://cursodex.com/wp-content/uploads/2024/06/Direccionamiento-de-red-y-solucion-de-problemas-basicos.png,Computación y Software,Español|Redes,14 hour,,"English, Español, Français, Português.",,,0,beginner,https://skillsforall.com/es/course/network-addressing-and-basic-troubleshooting?courseLang=es-XL,Cisco
19194,Dispositivos de Red y Configuración Inicial,"Si conoce los aspectos básicos de las redes, prepárese para fortalecer su base. Una sólida formación en redes es clave si está interesado en campos interesantes como la ciberseguridad y el desarrollo de redes (DevNet) o si desea continuar con una certificación de redes como Cisco Certified Network Associate (CCNA).

Este curso cubre los aspectos esenciales de los dispositivos de red y cómo configurarlos. Conozca las características y los beneficios de las tecnologías de nube y virtualización. Explore cómo proporcionar direcciones de protocolo de Internet (IP) a dispositivos de forma manual y automática. Con este conocimiento, calculará un esquema de direccionamiento IP, configurará dispositivos Cisco para crear una red pequeña y probará si hay problemas de conectividad.",https://cursodex.com/courses/dispositivos-de-red-y-configuracion-inicial/,https://cursodex.com/wp-content/uploads/2024/06/Dispositivos-de-Red-y-Configuracion-Inicial.png,Dispositivos de Red y Configuración Inicial,https://cursodex.com/wp-content/uploads/2024/06/Dispositivos-de-Red-y-Configuracion-Inicial.png,Computación y Software,Español|Redes,22 hour,,"Arabic, English, Español, Français, Português, Український.",,,0,beginner,https://skillsforall.com/es/course/networking-devices-and-initial-configuration?courseLang=es-XL,Cisco
19197,Exploración de IoT con Cisco Packet Tracer,"En el mundo digital actual, cada vez más dispositivos se conectan a la red como nunca antes. ¡Un hogar, una ciudad o una red inteligentes pueden tener cientos de dispositivos de Internet de las cosas (IoT)! Las posibilidades son infinitas.

En este curso, use sus habilidades de Cisco Packet Tracer para crear una red doméstica inteligente. Aprenda a agregar dispositivos IoT a una red doméstica y a conectarlos, configurarlos y monitorearlos. También se familiarizará más con los dispositivos IoT, incluidos qué son, qué pueden hacer y cómo se programan. Incluso creará su propio dispositivo IoT y lo utilizará en su red doméstica inteligente.",https://cursodex.com/courses/exploracion-de-iot-con-cisco-packet-tracer/,https://cursodex.com/wp-content/uploads/2024/06/Exploracion-de-IoT-con-Cisco-Packet-Tracer.png,Exploración de IoT con Cisco Packet Tracer,https://cursodex.com/wp-content/uploads/2024/06/Exploracion-de-IoT-con-Cisco-Packet-Tracer.png,Computación y Software,Español|Redes,3 hour,,"English, Español.",,,0,beginner,https://skillsforall.com/es/course/exploring-iot-cisco-packet-tracer?courseLang=es-XL,Cisco
19200,Exploración de redes con Cisco Packet Tracer,"Practique habilidades de redes desde su propia computadora. En este curso, creará y explorará una red de sucursales en Cisco Packet Tracer.

El curso Introducción a Cisco Packet Tracer le presentó a una red de oficina en el hogar. Ahora intentemos algo un poco más complejo para ampliar sus conocimientos sobre redes. Este curso le muestra cómo conectar y configurar dispositivos en su red, incluidos dispositivos inalámbricos, y cómo verificar su conectividad. Aprenderá sobre los paquetes y cómo viajan a través de una red. Además, conozca un controlador de red y por qué es tan poderoso para monitorear y administrar los dispositivos en la red de su sucursal.",https://cursodex.com/courses/exploracion-de-redes-con-cisco-packet-tracer/,https://cursodex.com/wp-content/uploads/2024/06/Exploracion-de-redes-con-Cisco-Packet-Tracer.png,Exploración de redes con Cisco Packet Tracer,https://cursodex.com/wp-content/uploads/2024/06/Exploracion-de-redes-con-Cisco-Packet-Tracer.png,Computación y Software,Español|Redes,3 hour,,"English, Español.",,,0,beginner,https://skillsforall.com/es/course/exploring-networking-cisco-packet-tracer?courseLang=es-XL,Cisco
19203,Fundamentos de Python 1,"Utilizado por nuevas empresas y gigantes tecnológicos como Google, Facebook, Netflix y más, Python le ofrece infinitas posibilidades para crear proyectos de software a pequeña y gran escala. Fácil de usar con un código fácil de leer, Python es un excelente primer lenguaje de programación para aprender y no requiere conocimientos previos de programación. Las habilidades de Python lo abren a carreras en casi cualquier industria y son necesarias si desea continuar con roles de ingeniería y desarrollo de software más avanzados y mejor pagados, como ingeniero de software, administrador de sistemas e ingeniero de seguridad.

En este curso, aprenderá habilidades en demanda, como diseñar, desarrollar y mejorar programas de computadora, métodos para analizar problemas usando programación, mejores prácticas de programación y más. El curso también lo prepara para la certificación PCEP: programador de Python de nivel de entrada certificado (examen PCEP-30-0x).",https://cursodex.com/courses/fundamentos-de-python-1/,https://cursodex.com/wp-content/uploads/2024/06/Fundamentos-de-Python-1.png,Fundamentos de Python 1,https://cursodex.com/wp-content/uploads/2024/06/Fundamentos-de-Python-1.png,Computación y Software,Español|Programación,30 hour,,"English, Español, Português, Український.",,,0,beginner,https://skillsforall.com/es/course/python-essentials-1?courseLang=es-XL,Cisco
19206,Fundamentos de Python 2,"Un sinfín de posibilidades te esperan cuando adquieres habilidades de programación en demanda. Python es un lenguaje de programación multiparadigma utilizado por nuevas empresas y gigantes tecnológicos como Google, Facebook, Netflix y más. Con una sintaxis intuitiva y legible, Python es un excelente primer lenguaje de programación que puedes aprender. Tener habilidades de Python lo califica para carreras en casi cualquier industria y es un requisito para roles de ingeniería y desarrollo de software avanzados y mejor pagados.

Este curso es el segundo de la serie de dos cursos de Fundamentos de Python y está diseñado para estudiantes que ya están familiarizados con los conceptos básicos de Python. Sumérjase en conceptos avanzados de Python, aprenda programación orientada a objetos (POO) y desarrolle su propia cartera de programación. Este curso lo prepara para la certificación PCAP – Certified Associate in Python Programming certification (Exam PCAP-31-0x).",https://cursodex.com/courses/fundamentos-de-python-2/,https://cursodex.com/wp-content/uploads/2024/06/Fundamentos-de-Python-2.png,Fundamentos de Python 2,https://cursodex.com/wp-content/uploads/2024/06/Fundamentos-de-Python-2.png,Computación y Software,Español|Programación,40 hour,,"English, Español.",,,0,intermediate,https://skillsforall.com/es/course/python-essentials-2?courseLang=es-XL,Cisco
19209,Introducción a Ciberseguridad,"Este curso introductorio lo lleva al mundo de la ciberseguridad. Aprenderá los conceptos básicos de ciberseguridad para proteger su vida digital personal y obtendrá información sobre los mayores desafíos de seguridad que enfrentan las empresas, los gobiernos y las instituciones educativas en la actualidad. Los profesionales de ciberseguridad que pueden proteger y defender la red de una organización tienen una gran demanda.",https://cursodex.com/courses/introduccion-a-ciberseguridad/,https://cursodex.com/wp-content/uploads/2024/06/Introduccion-a-Ciberseguridad.png,Introducción a Ciberseguridad,https://cursodex.com/wp-content/uploads/2024/06/Introduccion-a-Ciberseguridad.png,Computación y Software,Ciberseguridad|Español,6 hour,,"Arabic, Bahasa Indonesia, Deutsch, English, Español, Français, Italiano, Nederlands, Polski, Português, Română, Türkçe, Український.",,,0,beginner,https://skillsforall.com/es/course/introduction-to-cybersecurity?courseLang=es-XL,Cisco
19212,Introducción a Cisco Packet Tracer,"Conozca nuestra innovadora herramienta de simulación y visualización de redes, Cisco Packet Tracer. Este laboratorio virtual es una forma interactiva de practicar redes, IoT y ciberseguridad, ¡no se requiere hardware! Este curso es una introducción al entorno de simulación de Cisco Packet Tracer. Aprenda a usar Cisco Packet Tracer para visualizar y simular una red usando ejemplos cotidianos. Practique sus habilidades con actividades interactivas de laboratorio virtual y también perfeccione sus habilidades para resolver problemas. Obtenga valiosos consejos y mejores prácticas y gane confianza para usar esta poderosa herramienta en cursos posteriores o para su propia práctica.

¡Inscríbase para descargar Cisco Packet Tracer gratis y comience hoy mismo!",https://cursodex.com/courses/introduccion-a-cisco-packet-tracer/,https://cursodex.com/wp-content/uploads/2024/06/Introduccion-a-Cisco-Packet-Tracer.png,Introducción a Cisco Packet Tracer,https://cursodex.com/wp-content/uploads/2024/06/Introduccion-a-Cisco-Packet-Tracer.png,Computación y Software,Español|Redes,2 hour,,"Arabic, English, Español, Français, Português, Український.",,,0,beginner,https://skillsforall.com/es/course/getting-started-cisco-packet-tracer?courseLang=es-XL,Cisco
19215,Introducción a la Ciencia de Datos,"Este curso introductorio lo lleva al mundo de la ciencia de datos. Aprenderá los principios básicos de la ciencia de datos, el análisis de datos y comprenderá cómo el aprendizaje automático está dando forma al futuro de los negocios, los servicios de salud, la educación y más. Los profesionales de ciencia de datos que pueden proporcionar información procesable para tomar decisiones basadas en datos tienen una gran demanda en todo el mundo.",https://cursodex.com/courses/introduccion-a-la-ciencia-de-datos/,https://cursodex.com/wp-content/uploads/2024/06/Introduccion-a-la-Ciencia-de-Datos.png,Introducción a la Ciencia de Datos,https://cursodex.com/wp-content/uploads/2024/06/Introduccion-a-la-Ciencia-de-Datos.png,Computación y Software,Ciencia de Datos|Español,6 hour,,"English, Español, Português.",,,0,beginner,https://skillsforall.com/es/course/introduction-data-science?courseLang=es-XL,Cisco
19218,Introducción al Internet de las Cosas y Transformación Digital,"El Internet de las cosas (IoT) es un área tecnológica de rápido crecimiento, con nuevas empresas, productos y oportunidades laborales que surgen en todo el mundo. Descubra cómo IoT, junto con tecnologías emergentes como el análisis de datos, la inteligencia artificial y la ciberseguridad, están transformando digitalmente las industrias y ampliando las oportunidades profesionales. Invierta en aprender habilidades de IoT y podrá transformar cualquier negocio en cualquier industria, desde la fabricación hasta la conservación del medio ambiente. En la actualidad, más de 26000 millones de personas, sistemas y objetos físicos están conectados y comparten datos sin problemas a través de Internet, y nuestro mundo está cambiando rápidamente. Aprenda las habilidades de IoT que necesitará para conseguir un trabajo bien remunerado en este apasionante campo.",https://cursodex.com/courses/introduccion-al-internet-de-las-cosas-y-transformacion-digital/,https://cursodex.com/wp-content/uploads/2024/06/Introduccion-al-Internet-de-las-Cosas-y-Transformacion-Digital.png,Introducción al Internet de las Cosas y Transformación Digital,https://cursodex.com/wp-content/uploads/2024/06/Introduccion-al-Internet-de-las-Cosas-y-Transformacion-Digital.png,Computación y Software,Español,6 hour,,"Arabic, Deutsch, English, Español, Français, Italiano, 한국어, Magyar, Nederlands, Polski, Português, Український.",,,0,beginner,https://skillsforall.com/es/course/introduction-iot?courseLang=es-XL,Cisco
19223,Seguridad de Terminales,"Aprenda los conocimientos básicos que usará en el lugar de trabajo como Analista Junior en Ciberseguridad. Cada día, miles de millones de dispositivos se conectan a la red y cada uno debe protegerse. Adquiera las habilidades para proteger su red hasta el borde, incluso hardware, software y medios.

Aprenderá cómo evaluar la red, los sistemas operativos y los puntos finales en busca de vulnerabilidades y cómo proteger la red. También obtendrá habilidades para mantener la integridad, confidencialidad y disponibilidad en su red y sus datos.",https://cursodex.com/courses/seguridad-de-terminales/,https://cursodex.com/wp-content/uploads/2024/06/Seguridad-de-Terminales.png,Seguridad de Terminales,https://cursodex.com/wp-content/uploads/2024/06/Seguridad-de-Terminales.png,Computación y Software,Ciberseguridad|Español,27 hour,,"Arabic, English, Español, Français, Português, Український.",,,0,intermediate,https://skillsforall.com/es/course/endpoint-security?courseLang=es-XL#error=login_required&state=87a0483f-01dd-4d8f-967b-8f833aa19229,Cisco
19226,Soporte y Seguridad de red,"Si está interesado en una carrera en TI, un rol de mesa de ayuda de soporte es un punto de partida común para los técnicos de red de nivel de entrada. En este curso, aprenderá los conceptos básicos de la red y la asistencia al usuario, que son esenciales para una carrera exitosa en redes.

Comenzará aprendiendo cómo brindar soporte a terminales, redes y usuarios mediante el diagnóstico de problemas y su documentación. Luego, pasará a trabajar como parte de un equipo de soporte técnico y solucionará problemas de redes y terminales. Finalmente, aprenderá cómo brindar soporte remoto a los usuarios y acceder a las redes. Este curso le brindará el conocimiento y las habilidades que necesita para tener éxito en TI.",https://cursodex.com/courses/soporte-y-seguridad-de-red/,https://cursodex.com/wp-content/uploads/2024/06/Soporte-y-Seguridad-de-red.png,Soporte y Seguridad de red,https://cursodex.com/wp-content/uploads/2024/06/Soporte-y-Seguridad-de-red.png,Computación y Software,Ciberseguridad|Español,12 hour,,"English, Español, Français, Português.",,,0,beginner,https://skillsforall.com/es/course/network-support-security?courseLang=es-XL,Cisco
19312,Python for Data Science,"This introduction to Python will kickstart your learning of Python for data science, as well as programming in general. This beginner-friendly Python course will take you from zero to programming in Python in a matter of hours. Upon its completion, you'll be able to write your own Python scripts. If you want to learn Python from scratch, this course is for you.

This introduction to Python will kickstart your learning of Python for data science, as well as programming in general. This beginner-friendly Python course will take you from zero to programming in Python in a matter of hours.
Upon its completion, you'll be able to write your own Python scripts and perform basic hands-on data analysis using our Jupyter-based lab environment. If you want to learn Python from scratch, this course is for you.

COURSE SYLLABUS

Module 1 - Python Basics
Your first program
Types
Expressions and Variables
String Operations
Module 2 - Python Data Structures
Lists and Tuples
Sets
Dictionaries
Module 3 - Python Programming Fundamentals
Conditions and Branching
Loops
Functions
Objects and Classes
Module 4 - Working with Data in Python
Reading files with open
Writing files with open
Loading data with Pandas
Working with and Saving data with Pandas
Module 5 - Working with Numpy Arrays and Simple APIs
Numpy 1D Arrays
Numpy 2D Arrays
Simple APIs
API Setup",https://cursodex.com/courses/python-for-data-science/,https://cursodex.com/wp-content/uploads/2024/06/cognitive-ibm.png|https://cursodex.com/wp-content/uploads/2024/06/cognitive-class-ibm.jpg|https://cursodex.com/wp-content/uploads/2024/06/cognitive-class.jpg,cognitive ibm|cognitive class ibm|cognitive class,https://cursodex.com/wp-content/uploads/2024/06/cognitive-ibm.png,Computación y Software,Ciencia de Datos|Programación,18 hour,,English,,,0,beginner,https://cognitiveclass.ai/courses/python-for-data-science,IBM
19317,Data Science Methodology,"Grab your lab coat, beakers, and pocket calculator ... wait what? Wrong path! Fast forward and get in line with emerging data science methodologies that are in use and are making waves or rather predicting and determining which wave is coming and which one has just passed.

About This Course
Despite the recent increase in computing power and access to data over the last couple of decades, our ability to use the data within the decision making process is either lost or not maximized at all too often, we don't have a solid understanding of the questions being asked and how to apply the data correctly to the problem at hand. This course has one purpose, and that is to share a methodology that can be used within data science, to ensure that the data used in problem solving is relevant and properly manipulated to address the question at hand.


Learning Objectives

In this course, you will learn:
The major steps involved in tackling a data science problem.
The major steps involved in practicing data science, from forming a concrete business or research problem, to collecting and analyzing data, to building a model, and understanding the feedback after model deployment.
How data scientists think!

Course Syllabus


Module 1: From Problem to Approach


Business Understanding
Analytic Approach

Module 2: From Requirements to Collection


Data Requirements
Data Collection

Module 3: From Understanding to Preparation


Data Understanding
Data Preparation

Module 4: From Modeling to Evaluation


Modeling
Evaluation

Module 5: From Deployment to Feedback


Deployment
Feedback",https://cursodex.com/courses/data-science-methodology/,https://cursodex.com/wp-content/uploads/2024/06/cognitive-ibm.png,cognitive ibm,https://cursodex.com/wp-content/uploads/2024/06/cognitive-ibm.png,Computación y Software,Ciencia de Datos,4 hour,,English,,,0,beginner,https://cognitiveclass.ai/courses/data-science-methodology-2,IBM
19320,Docker Essentials: A Developer Introduction,"Learn how to use containers for your applications. Create and run your first Docker container. Then, learn how to run containers in production and solve problems of orchestration such as high availability, service discovery, and reconciliation.


About this course

Docker is a development tool and a virtualization technology  used to automate the deployment of applications inside software containers. A container on the other hand is a standard way to package an application that contains all the configuration files, and other dependencies to operate the application. Containers work by isolating the application inside the container so that everything outside the container can be standardized.

Docker has provided a set of tools to simplify the use of containers. This has led to massive adoption of containers by developers and operators. In this course, you will focus mostly on Docker container technologies.

In this course, you'll follow a series of hands-on labs that demonstrate how to use containers for your applications. You'll start with the basics: creating and running your first Docker containers. By the end of the course, you'll get a brief introduction to running containers in production with the and how to solve problems of advanced orchestration such as high availability, service discovery, and reconciliation.

Course syllabus

Set up Docker

Lab 1: Run your first container

What are containers?
1. Run a container
2. Run multiple containers
3. Remove the containers

Lab 2: Add CI/CD value with Docker images
Docker images
1. Create a Python app (without using Docker)
2. Create and build the Docker image
3. Run the Docker image
4. Push to a central registry
5. Deploy a change
6. Understand image layers
7. Remove containers

Lab 3. Orchestrate applications with Docker Swarm
Container orchestration overview
1. Create your first swarm
2. Deploy your first service
3. Scale your service
4. Apply rolling updates
5. Reconcile problems with containers
6. Determine how many nodes you need
Final exam",https://cursodex.com/courses/docker-essentials-a-developer-introduction/,https://cursodex.com/wp-content/uploads/2024/06/cognitive-ibm.png,cognitive ibm,https://cursodex.com/wp-content/uploads/2024/06/cognitive-ibm.png,Computación y Software,Ciencia de Datos,3 hour,,English,,,0,beginner,https://cognitiveclass.ai/courses/docker-essentials,IBM
19325,SQL and Relational Databases 101,"Are you ready to dive into the world of SQL and relational databases? In just a few hours, you'll be able to discuss SQL basics and explain various aspects of the relational database model. Try our hands-on exercises as we guide your first steps into SQL and relational databases.

About This Course
Data is one of the most critical assets of any business. Data needs a database to store and process data quickly. SQL is a language used for a database to query data.
In this introductory course, you'll learn the basics of the SQL language and the relational databases. You'll start by learning about the relational model and relational model concepts and constraints. By the end of this course, you will have learned and used the five basic SQL statements, some advanced SQL syntax, and join statements.
This isn't your typical textbook introduction. You're not just learning through lectures. At the end of each module there are assignments, hands-on exercises, review questions, and also a final exam. Successfully completing this course earns you a certificate. So let's get started!

Course Syllabus
Module 1 -SQL and Relational Databases 101
Introduction to SQL and Relational Databases
Information and Data Models
Types of Relationships
Mapping Entities to Tables
Relational Model Concepts
Module 2 - Relational Model Constraints and Data Objects
Relational Model Constraints Introduction
Relational Model Constraints Advanced
Module 3 - Data Definition Language (DDL) and Data Manipulation Language (DML)
CREATE TABLE statement
INSERT statement
SELECT statement
UPDATE and DELETE statements
Module 4 - Advanced SQL
String Patterns, Ranges, and Sets
Sorting Result Sets
Grouping Result Sets
Module 5 - Working with multiple tables
Join Overview
Inner Join
Outer Join",https://cursodex.com/courses/sql-and-relational-databases-101/,https://cursodex.com/wp-content/uploads/2024/06/cognitive-ibm.png,cognitive ibm,https://cursodex.com/wp-content/uploads/2024/06/cognitive-ibm.png,Computación y Software,Bases de Datos,3 hour,,English,,,0,beginner,https://cognitiveclass.ai/courses/learn-sql-relational-databases,IBM
19329,Introduction to Cloud,"This course introduces you to the core concepts of cloud computing. You will gain the foundational knowledge required for understanding cloud computing from both business and practitioner perspectives. You will also learn about cloud adoption and emerging technologies, cloud computing service and deployment models, different types of cloud storage, and emergent cloud trends.

About this course

You will learn about the definition and essential characteristics of cloud computing, its history, emerging trends, and the business case for cloud computing. You also learn about the various cloud service models (IaaS, PaaS, SaaS) and deployment models (Public Cloud, Private Cloud, Hybrid Cloud), the key components of a cloud architecture (Virtualization, VMs, Storage, Networking, Containers ), and Emergent Cloud Trends (Hybrid Multicloud, Serverless, Microservices, Cloud Native, Application Modernization).

Course syllabus

Module 1: Overview of Cloud Computing
Definition and essential characteristics
A brief history and evolution of Cloud
Key cloud service providers and their services

Module 2: Cloud Adoption and Emerging Technologies
Business case for Cloud Computing
Emerging technologies supported by Cloud: AI, IoT, Blockchain, Analytics

Module 3: Cloud Computing Service and Deployment Models
Service Models: IaaS, PaaS, SaaS
Deployment Models: Public, Private, Hybrid

Module 4: Components of Cloud Computing
Cloud Infrastructure Overview
Virtualization, VMs, Bare Metal
Secure Cloud Networks
Containers

Module 5: Cloud Storage
Direct Attached
File Storage
Block Storage
Object Storage
Content Delivery Networks (CDN)

Module 6: Cloud Native and Emergent Cloud Trends
Hybrid Multicloud
Serverless
Microservices
Cloud Native
Application Modernization
",https://cursodex.com/courses/introduction-to-cloud/,https://cursodex.com/wp-content/uploads/2024/06/cognitive-ibm.png,cognitive ibm,https://cursodex.com/wp-content/uploads/2024/06/cognitive-ibm.png,Computación y Software,,6 hour,,English,,,0,beginner,https://cognitiveclass.ai/courses/introduction-to-cloud,IBM
19335,Data Science 101,"The art of uncovering the insights and trends in data has been around since ancient times. The ancient Egyptians used census data to increase efficiency in tax collection and they accurately predicted the flooding of the Nile river every year. Since then, people working in data science have carved out a unique and distinct field for the work they do, this field is data science. In this course, we will meet some data science practitioners and we will get an overview of what data science is today.


ABOUT THIS COURSE

Find out the truth about what Data Science is. Hear from real practitioners telling real stories about what it means to work in data science. This course was formerly named Data Science 101.

COURSE SYLLABUS

Module 1 - Defining Data Science

What is data science?
There are many paths to data science
Any advice for a new data scientist?
What is the cloud?
""Data Science: The Sexiest Job in the 21st Century""

Module 2 - What do data science people do?

A day in the life of a data science person
R versus Python?
Data science tools and technology
""Regression""

Module 3 - Data Science in Business

How should companies get started in data science?
Tips for recruiting data science people
""The Final Deliverable""

Module 4 - Use Cases for Data Science

Applications for data science
""The Report Structure""

Module 5 -Data Science People

Things data science people say
""What Makes Someone a Data Scientist?""",https://cursodex.com/courses/data-science-101/,https://cursodex.com/wp-content/uploads/2024/06/cognitive-ibm.png,cognitive ibm,https://cursodex.com/wp-content/uploads/2024/06/cognitive-ibm.png,Computación y Software,Ciencia de Datos,3 hour,,English,,,0,beginner,https://cognitiveclass.ai/courses/data-science-101,IBM
19337,Data Analysis with Python,"Learn modern techniques of Data Analysis using Python and popular open-source libraries like pandas, scikit-learn and numpy and transform data into insights.

LEARN TO ANALYZE DATA WITH PYTHON
Data Analysis has always been a very important field, a highly demanded skill and a well-paid occupation. Until recently, it has been practised using mostly closed, expensive, and limited tools like Excel or Tableau. Python, pandas, scikit-learn and other open-source libraries have changed Data Analysis forever and have become must-have tools for anyone looking to build a career as a Data Analyst.

Learn how to analyze data using Python. This course will take you from the basics of Python to exploring many different types of data. You will learn how to prepare data for analysis, perform simple statistical analyses, create meaningful data visualizations, predict future trends from data, and more!

You will learn how to:
Import data sets
Clean and prepare data for analysis
Manipulate pandas DataFrame
Summarize data
Build machine learning models using scikit-learn
Build data pipelines

Data Analysis with Python is delivered through lectures, hands-on labs, and assignments. It includes the following parts:
Data Analysis libraries: will learn to use Pandas DataFrames, Numpy multi-dimensional arrays, and SciPy libraries to work with various datasets. We will introduce you to pandas, an open-source library, and we will use it to load, manipulate, analyze, and visualize cool datasets. Then we will introduce you to another open-source library, scikit-learn, and we will use some of its machine learning algorithms to build smart models and make cool predictions.

COURSE SYLLABUS
Module 1 - Importing Datasets
Learning Objectives
Understanding the Domain
Understanding the Dataset
Python package for data science
Importing and Exporting Data in Python
Basic Insights from Datasets
Module 2 - Cleaning and Preparing the Data
Identify and Handle Missing Values
Data Formatting
Data Normalization Sets
Binning
Indicator variables
Module 3 - Summarizing the Data Frame
Descriptive Statistics
Basic of Grouping
ANOVA
Correlation
More on Correlation
Module 4 - Model Development
Simple and Multiple Linear Regression
Model Evaluation Using Visualization
Polynomial Regression and Pipelines
R-squared and MSE for In-Sample Evaluation
Prediction and Decision Making
Module 5 - Model Evaluation
Model  Evaluation
Over-fitting, Under-fitting, and Model Selection
Ridge Regression
Grid Search
Model Refinement",https://cursodex.com/courses/data-analysis-with-python/,https://cursodex.com/wp-content/uploads/2024/06/cognitive-ibm.png,cognitive ibm,https://cursodex.com/wp-content/uploads/2024/06/cognitive-ibm.png,Computación y Software,Programación,3 hour,,English,,,0,beginner,https://cognitiveclass.ai/courses/data-analysis-with-python-a8b1f3df-3083-49a0-a49e-4dee8dd4999d,IBM
19339,Big Data 101,"How big is big and why does big matter and what does Apache Hadoop have to do with it? In this course you will see the Big Data big picture and you will learn the terminology used in Big Data discussions.

About This Course
Get answers to fundamental questions such as: What is Big Data? How do we tackle Big Data? Why are we interested in it? How does Big Data add value to businesses?

Gain insights on how to run better businesses and provide better services to customers
Get recommendations on how to process big data on platforms that can handle the volume, velocity, variety and veracity of Big Data
Learn why Hadoop is a great Big Data solution and why it's not the only Big Data solution
Course Syllabus
Module 1 - What is Big Data?
Characteristics of Big Data
What are the V’s of Big Data?
The Impact of Big Data
Module 2 - Big Data - Beyond the Hype
Big Data Examples
Sources of Big Data
Big Data Adoption
Module 3 - The Big Data and Data Science
The Big Data Platform
Big Data and Data Science
Skills for Data Scientists
The Data Science Process
Module 4 - BDUse Cases
Big Data Exploration
The Enhanced 360 View of a Customer
Security and Intelligence
Operations Analysis
Module 5 - Processing Big Data
Ecosystems of Big Data
The Hadoop Framework",https://cursodex.com/courses/big-data-101/,https://cursodex.com/wp-content/uploads/2024/06/cognitive-ibm.png,cognitive ibm,https://cursodex.com/wp-content/uploads/2024/06/cognitive-ibm.png,Computación y Software,Ciencia de Datos,3 hour,,English,,,0,beginner,https://cognitiveclass.ai/courses/what-is-big-data,IBM
19341,IBM Cloud Essentials V3,"Get hands-on experience with IBM Cloud, Cloud Foundry, and best practices for agile and test-driven development.

ABOUT THIS COURSE
This course introduces you to the IBM Cloud. You will learn about the many offerings and services on IBM Cloud that make it the most open and secure public cloud for developers and enterprises.

The course begins with an introduction to the IBM Cloud platform which covers topics such as data center locations and configuring identity and access management. You will discover the various Infrastructure-as-a-Service (IaaS) options available on IBM Cloud. Next, you will learn about the deployment options on IBM Cloud; this includes topics such as Containers, Kubernetes, and OpenShift. You will also become familiar with IBM Cloud services such as Databases, Artificial Intelligence and Watson, Blockchain, Internet of Things, and many others.

In addition to videos, you will also see demos of various IBM Cloud features and services in action, as well as perform hands-on labs to gain practical experience with IBM Cloud at no charge.

This course is of interest to anyone who wants to be a cloud practitioner and use Cloud skills as developers, architects, system engineers, network specialists, and many other roles. The material also serves the needs of those who perform the tasks of advising, building, moving, and managing cloud solutions. This course is also suitable for learners who want to prepare for IBM Cloud Foundations Certification.

LEARNING OBJECTIVES
After completing this course, a learner will be able to:

Understand the different infrastructure services available on IBM Cloud.
Access IBM Cloud using graphical interfaces, command line tools, and APIs.
Discover appropriate IBM Cloud services available to deliver specific functionality.
Articulate the different ways IBM Cloud delivers services to developers and operational teams.
Summarize core groups of available database, integration, analytics, artificial intelligence, and DevOps services.
Deploy an application on IBM Cloud using a Starter Kit.
COURSE SYLLABUS
Module 1 - Introduction to IBM Cloud

IBM Cloud Overview
Locations, Regions, and Zones
Account Types and Support Plans
Billing and Usage
Cost Estimator
IAM
Module 2 - Infrastructure (Compute, Networking, and Storage)

Virtual Servers and Bare Metal
Block and File Storage
Object Storage
Network Services
Virtual Private Cloud
VMWare
Module 3 - Deploying Applications

Containers and Kubernetes
OpenShift
Cloud Foundry
Cloud Functions
Module 4 - Services on IBM Cloud

Databases
Integration
Artificial Intelligence
Analytics
DevOps
Blockchain
Internet of Things
Cloud Paks
Module 5 - Final Exam

Final Exam",https://cursodex.com/courses/ibm-cloud-essentials-v3/,https://cursodex.com/wp-content/uploads/2024/06/cognitive-ibm.png,cognitive ibm,https://cursodex.com/wp-content/uploads/2024/06/cognitive-ibm.png,Computación y Software,,8 hour,,English,,,0,beginner,https://cognitiveclass.ai/courses/ibm-cloud-essentials,IBM
19343,Data Visualization with Python,"Data visualization is the graphical representation of data in order to interactively and efficiently convey insights to clients, customers, and stakeholders in general. It is a way to summarize your findings and display it in a form that facilitates interpretation and can help in identifying patterns or trends. In this course you will learn how to create interesting graphics and charts and customize them to make them more effective and more pleasing to your audience.

About This Course
""A picture is worth a thousand words"". We are all familiar with this expression. It especially applies when trying to explain the insight obtained from the analysis of increasingly large data sets. Data visualization plays an essential role in the representation of both small and large scale data. One of the key skills of a data scientist is the ability to tell a compelling story, visualizing data and findings in an approachable and stimulating way. Learning how to leverage a software tool to visualize data will also enable you to extract information, better understand the data, and make more effective decisions.


The main goal of this course is to teach you how to take data that at first glance has little meaning and present that data in a form that makes sense to people. Various techniques have been developed for presenting data visually but in this course, we will be using several data visualization libraries in Python, namely Matplotlib, seaborn, and Folium.


Course Syllabus


Module 1 - Introduction to Visualization Tools
Introduction to Data Visualization
Introduction to Matplotlib
Basic Plotting with Matplotlib
Dataset on Immigration to Canada
Line Plots

Module 2 - Basic Visualization Tools
Area Plots
Histograms
Bar Charts

Module 3 - Specialized Visualization Tools
Pie Charts
Box Plots
Scatter Plots
Bubble Plots

Module 4 - Advanced Visualization Tools
Waffle Charts
Word Clouds
Seaborn and Regression Plots

Module 5 - Creating Maps and Visualizing Geospatial Data
Introduction to Folium
Maps with Markers
Choropleth Maps",https://cursodex.com/courses/data-visualization-with-python/,https://cursodex.com/wp-content/uploads/2024/06/cognitive-ibm.png,cognitive ibm,https://cursodex.com/wp-content/uploads/2024/06/cognitive-ibm.png,Computación y Software,Ciencia de Datos|Programación,10 hour,,English,,,0,beginner,https://cognitiveclass.ai/courses/data-visualization-python,IBM
19345,"Introduction to Containers, Kubernetes, and OpenShift V2","This course introduces the core concepts of Containers and Kubernetes and explains how containers differ from virtual machines. It also covers the importance of containers in cloud computing as well as the emerging ecosystem of related technologies such as Docker, Kubernetes, OpenShift, Istio and Knative.


ABOUT THIS COURSE

Containers and Cloud Native are the most significant invention in IT since the introduction of virtualization. Everyone from a small startup to a large multinational corporation is transitioning to this technology and they are looking for people who have the skills.


After completing this course, you will be able to build applications the Cloud Native way and be able to deploy your applications at a scale that will make Google envious.


This course introduces you to containers and explains how containers differ from virtual machines.  It also covers the importance of containers in cloud computing as well as the emerging ecosystem of related technologies such as Docker, Kubernetes, OpenShift, and Istio.


This course is of interest to anyone who wants to be a cloud practitioner and use container skills as developers, architects, system engineers, network specialists and many other roles. The material also serves the needs of those who perform the tasks of advising, building, moving and managing cloud solutions.

LEARNING OBJECTIVES

After completing this course you will be able to:

Understand the benefits of containers
Build and run a container image
Understand Kubernetes architecture
Write a YAML deployment file
Expose deployment as a service
Manage applications with Kubernetes
Use ReplicaSets, auto-scaling, rolling updates and service bindings
Understand the benefits of OpenShift, Istio and other important tools
COURSE SYLLABUS

Module 1

Introduction to containers
Introduction to Docker
Building container images
Using container registries
Running containers

Module 2

Understanding container orchestration
Understanding Kubernetes architecture
Introduction to Kubernetes objects
Using basic Kubernetes objects
Using the kubectl command
Leveraging Kubernetes

Module 3

Using ReplicaSets
Using autoscaling
Understanding rolling updates
Understanding ConfigMaps and secrets
Using service bindings

Module 4 - The Kubernetes ecosystem

The Kubernetes Ecosystem
Introduction to Red Hat OpenShift
Red Hat OpenShift and Kubernetes
Builds
Operators
Istio",https://cursodex.com/courses/introduction-to-containers-kubernetes-and-openshift-v2/,https://cursodex.com/wp-content/uploads/2024/06/cognitive-ibm.png,cognitive ibm,https://cursodex.com/wp-content/uploads/2024/06/cognitive-ibm.png,Computación y Software,Ciencia de Datos|Programación,6 hour,,English,,,0,intermediate,https://cognitiveclass.ai/courses/kubernetes-course,IBM
19347,Build Your Own Chatbot,"This chatbot course provides a practical introduction that will teach you everything you need to know to plan, build, and deploy your first customer support chatbot. Leveraging the cognitive computing power of IBM Watson Assistant, you will be able to design your own chatbot without the need to write any code. You'll also learn how to quickly deploy your chatbot on WordPress-based sites. If you want to learn how to create virtual assistants — and perhaps create one for your own business — this free chatbot course is for you.

This chatbot course provides a practical introduction that will teach you everything you need to know to plan, build, and deploy your first chatbot. Leveraging the cognitive computing power of Watson Assistant, you will be able to design your own chatbot without the need to write any code. You'll also learn how to quickly deploy your chatbot on WordPress-based sites. If you want to learn how to create virtual assistants — and perhaps create one for your own business — this free chatbot course is for you.


Course Syllabus

Module 1 - Introduction to Chatbots
What are chatbots?
Chatbots are trending
Leader in the Industry
Lab 1: Create an instance of Watson Assistant
Quizzes

Module 2: Working with Intents
How chatbots work
Understanding Intents
Lab 2: Create Dialog Skill and Intents
Lab 3: Import Intents
Quizzes

Module 3: Working with Entities
Understanding Entities
Lab 4: Create Entities
Lab 5: Import and Export Entities
Quizzes

Module 4: Defining the Dialog
Putting it all together
Building user-friendly chatbots
Lab 6: Implement the Dialog
Lab 7: Define Domain-Specific Intents
Quizzes

Module 5: Deploying your Chatbot
Deploying to a WordPress site
Lab 8 - Add a preview and retrieve your credentials
Lab 9: Deploy your Chatbot
Quizzes

Module 6: Advanced concepts – Part 1
Working with Context Variables and Slots
Lab 10: Explore Context Variables
Lab 11: Master Slots
Quizzes

Module 7: Advanced concepts – Part 2
Understanding Digressions
Lab 12: Enable Digressions
Lab 13: Get to know the Analytics tab
Lab 14: Create your own Chatbot
Watson Assistant in the Private Cloud
Quizzes",https://cursodex.com/courses/build-your-own-chatbot/,https://cursodex.com/wp-content/uploads/2024/06/cognitive-ibm.png,cognitive ibm,https://cursodex.com/wp-content/uploads/2024/06/cognitive-ibm.png,Computación y Software,Desarrollo Web,5 hour,,English,,,0,beginner,https://cognitiveclass.ai/courses/chatbot-course,IBM
19349,Data Science Tools,"Learn about the most popular data science tools, including how to use them and what their features are.

ABOUT THIS COURSE

In this course, you'll learn about Data Science tools like Jupyter Notebooks, RStudio IDE, and Watson Studio. You will learn what each tool is used for, what programming languages they can execute, their features and limitations and how data scientists use these tools today.


With the tools hosted in the cloud, you will be able to test each tool and follow instructions to run simple code in Python or R. To complete the course, you will create a final project with a Jupyter Notebook on IBM Watson Studio on Cloud and demonstrate your proficiency in preparing a notebook, writing Markdown, and sharing your work with your peers.


This hands-on course will get you up and running with some of the latest and greatest data science tools.


You will Learn:

How to use various data science and data visualization tools hosted on Skills Network Labs
How to use Jupyter Notebooks including its features and why it's so popular
Popular tools used by R Programmers including RStudio IDE
IBM Watson Studio including its features and capabilities
How to create and share a Jupyter Notebook
COURSE SYLLABUS


Module 0 - Welcome and Course Introduction


Module 1 - Languages of Data Science


Module 2 - Data Science Tools


Module 3 - Packages, APIs, Data Sets and Models


Module 4 - GitHub


Module 5 - Jupyter Notebooks and JupyterLab


Module 6 - RStudio IDE


Module 7 - Watson Studio",https://cursodex.com/courses/data-science-tools/,https://cursodex.com/wp-content/uploads/2024/06/cognitive-ibm.png,cognitive ibm,https://cursodex.com/wp-content/uploads/2024/06/cognitive-ibm.png,Computación y Software,Ciencia de Datos,1 minute,,English,1,,0,beginner,https://cognitiveclass.ai/courses/data-science-hands-open-source-tools-2,IBM
19355,Prompt Engineering for Everyone,"Master the language of AI and unleash its full potential with our prompt engineering course. Gain the skills to craft compelling prompts that yield better, more accurate responses. Learn how to create engaging prompts that generate better and more accurate responses. From understanding contextual cues to mitigating biases, we provide you with techniques to help you seamlessly interact with AI systems. Whether you're a techie or a business professional, this course will revolutionize how you interact with AI. Register now and become a compelling AI communicator in the digital age!

Artificial Intelligence (AI) is revolutionizing the world at an astonishing pace, surpassing our optimistic expectations. The advent of conversational AIs powered by so-called LLM/GPT models has given us a real taste of the human-like capabilities of AI.

This remarkable tool has the potential to inform, educate, and empower us to make optimal decisions. However, the efficacy of our interactions with AI systems hinges upon our ability to communicate effectively. That's why it is crucial to acquire the skill of conversing with AI through prompt engineering, which enhances our outcomes by craftily refining our messages.

In this quick Prompt Engineering course, you will gain invaluable insights into the art of talking effectively to AI. Whether proficient in English or prefer your native language, this course equips you with the knowledge and techniques necessary to essentially ""program"" AI. You'll also become acquainted with watsonx's powerful Prompt Lab tool.

By the end of this course, you'll possess the expertise to leverage AI's potential to its fullest, unlocking new realms of productivity and creativity. Start your journey toward mastering prompt engineering today!

Course Syllabus
Module 1: Introduction to Prompt Engineering
Lab 1: What is Prompt Engineering, and why do we care?
Lab 2: English as a new programming language
Quizzes
Module 2: Getting Started with Prompt Engineering
Lab 3: Getting to know our GPT-based AI tool
Lab 4: The Naive Prompting Approach and the Persona Pattern
Lab 5: The Interview Pattern
Quizzes
Module 3: The Chain-of-Thought Approach
Lab 6: The Chain-of-Thought Approach in Prompt Engineering
Quizzes
Module 4: Advanced Techniques
Lab 7: The Tree-of-Thought Approach in Prompt Engineering
Lab 8: Controlling Verbosity and the Nova System
Lab 9: Getting to Know watsonx Prompt Lab
Quizzes
Module 5: Final Project
Course Summary
Final Project (optional)",https://cursodex.com/courses/prompt-engineering-for-everyone/,https://cursodex.com/wp-content/uploads/2024/06/cognitive-ibm.png,cognitive ibm,https://cursodex.com/wp-content/uploads/2024/06/cognitive-ibm.png,Computación y Software,Inteligencia Artificial,5 hour,,English,,,0,beginner,https://cognitiveclass.ai/courses/prompt-engineering-for-everyone,IBM
19362,Hadoop 101,"This beginner Apache Hadoop course introduces you to Big Data concepts, and teaches you how to perform distributed processing of large data sets with Hadoop.


About This Course 

Learn the basics of 

Apache Hadoop, a free, open source, Java-based programming framework. Why was it invented?
Learn about Hadoop's architecture and core components, such as MapReduce and the Hadoop Distributed File System (HDFS).
Learn how to add and remove nodes from Hadoop clusters, how to check available disk space on each node, and how to modify configuration parameters.
Learn about other Apache projects that are part of the Hadoop ecosystem, including Pig, Hive, HBase, ZooKeeper, Oozie, Sqoop, Flume, among others. BDUprovides separate courses on these other projects, but we recommend you start here.

Course Syllabus

Module 1 - Introduction to Hadoop
Understand what Hadoop is
Understand what Big Data is
Learn about other open source software related to Hadoop
Understand how Big Data solutions can work on the Cloud
Module 2 - Hadoop Architecture
Understand the main Hadoop components
Learn how HDFS works
List data access patterns for which HDFS is designed
Describe how data is stored in an HDFS cluster
Module 3 - Hadoop Administration
Add and remove nodes from a cluster
Verify the health of a clusterStart and stop a clusters components
Modify Hadoop configuration parameters
Setup a rack topology
Module 4 - Hadoop Components
Describe the MapReduce philosophy
Explain how Pig and Hive can be used in a Hadoop environment
Describe how Flume and Sqoop can be used to move data into Hadoop
Describe how Oozie is used to schedule and control Hadoop job execution",https://cursodex.com/courses/hadoop-101/,https://cursodex.com/wp-content/uploads/2024/06/cognitive-ibm.png,cognitive ibm,https://cursodex.com/wp-content/uploads/2024/06/cognitive-ibm.png,Computación y Software,Ciencia de Datos|Programación,20 hour,,English,,,0,beginner,https://cognitiveclass.ai/courses/introduction-to-hadoop,IBM
19364,Build an IoT Blockchain Network for a Supply Chain,"Learn how to use a an IoT Asset Tracking device, build a blockchain network, and configure a Node-RED dashboard to monitor a perishable network supply chain. You can also use a simulated tracker if you don't want to purchase and set up the hardware.

When multiple participants, such as farms, manufacturers, processing plants, trucks, ports, ships, distribution centers, and consumer retail outlets, are involved in the safe shipment and payment of cargo, you can use a blockchain network to record immutable transactions as the cargo shipment progresses through its delivery journey. In this course, you'll do the following main tasks: - Configure an asset tracker IoT device (or use the simulator) - Build a blockchain business network in Hyperledger Composer - Build an IoT application to visualize and analyze the data from the asset tracker: -- Create an IoT starter app in IBM Cloud -- Create Node-RED flows to control and receive events from Particle.io, write events to the blockchain network, and load blockchain transaction history -- Use Node-RED to build an asset tracking dashboard",https://cursodex.com/courses/build-an-iot-blockchain-network-for-a-supply-chain/,https://cursodex.com/wp-content/uploads/2024/06/cognitive-ibm.png,cognitive ibm,https://cursodex.com/wp-content/uploads/2024/06/cognitive-ibm.png,Computación y Software,Blockchain|Programación,0 minute,,English,1,,0,intermediate,https://cognitiveclass.ai/courses/blockchain-iot-node-red-food-network,IBM
19366,R for Data Science,"R is a powerful language for data analysis, data visualization, machine learning, statistics. Originally developed for statistical programming, it is now one of the most popular languages in data science. In this course, you'll be learning about the basics of R, and you'll end with the confidence to start writing your own R scripts.

R is a powerful language for data analysis, data visualization, machine learning, and statistics. 

This isn't your typical textbook introduction to R. You're not just learning about R fundamentals; you'll be using R to solve problems related to movie data. Using a concrete example makes learning painless. You will learn about the fundamentals of R syntax, including assigning variables and doing simple operations with one of R's most important data structures -- vectors!

You'll then learn about lists, matrices, arrays and data frames from vectors. Then, you'll jump into conditional statements, functions, classes and debugging. Once you've covered the basics - you'll learn about reading and writing data in R, whether it's a table format (CSV, Excel) or a text file (.txt). Finally, you'll end with some important functions for character strings and dates in R.

Course Syllabus
Module 1 - R basics
Math, Variables, and Strings
Vectors and Factors
Vector operations
Module 2 - Data structures in R
Arrays & Matrices
Lists
Dataframes
Module 3 - R programming fundamentals
Conditions and loops
Functions in R
Objects and Classes
Debugging
Module 4 - Working with data in R
Reading CSV and Excel Files
Reading text files
Writing and saving data objects to file in R
Module 5 - Strings and Dates in R
String operations in R
Regular Expressions
Dates in R",https://cursodex.com/courses/r-for-data-science/,https://cursodex.com/wp-content/uploads/2024/06/cognitive-ibm.png,cognitive ibm,https://cursodex.com/wp-content/uploads/2024/06/cognitive-ibm.png,Computación y Software,Ciencia de Datos,6 hour,,English,,,0,beginner,https://cognitiveclass.ai/courses/r-101,IBM
19368,Building Cloud Native and Multicloud Applications,"In this course, we will cover the core concepts and practices of building and running Cloud Native applications and how to run these applications in a multicloud environment. We will cover technologies and practices including; microservices, DevOps, CI/CD, Docker, Kubernetes, and OpenShift.


About This Course

 In this course, we will cover the core concepts and practices of building and running Cloud Native applications and how to run these applications in a multicloud environment. We will cover technologies and practices including; microservices, DevOps, CI/CD, Docker, Kubernetes, and OpenShift. 





 Learning Objectives After completing this course you will be able to: 

 Understand the core principles and practice of build Cloud Native applications
How to modernize existing applications to be Cloud Native
How to deconstruct and monolithic application in a microservice architecture
Build and deploy containers to a Kubernetes cluster
Understand the guiding principles and benefits of a CI/CD pipeline
 How to build a CI/CD pipeline
The benefits of adopting a hybrid-cloud and multicloud architectures




 Syllabus 


Module 1: Cloud Native and Multicloud Concepts and Goals 

Course Welcome Video
Module Introduction and Learning Objectives
What is Cloud Native
What are Cloud Native Applications?
Achieving Agility
Maximizing Operability with DevOps
Ensuring Observability for DevSecOps
Increasing Resiliency
Module Summary
Practice Quiz
Graded Quiz




Module 2: Migrating Apps to Advantage Cloud Infrastructure 

Module Introduction and Learning Objectives
Considerations and benefits of adopting Cloud Native
Paths for Application Modernization
Application Migration using Containers
Data Migration to Cloud
Demo: Application Migration Planning
Demo: Data Migration (Aspera on IBM Cloud)
Lab
Module Summary
Practice Quiz
Graded Quiz




Module 3: Modernizing applications to be CN 

Module Introduction and Learning Objectives
What is Architectural Modernization and its Benefits?
Adopting a Microservices Architecture
Reactive programming with Serverless
Why are Containers so important?
Leveraging Container Orchestration Platforms
Using the IBM Garage Method to Modernize
Demo: Using the IBM Garage Method to Modernize
Managing Cloud Native Applications on Kubernetes
Module Summary
Practice Quiz
Graded Quiz




Module 4: Applying CI/CD to CN applications 

Module Introduction and Learning Objectives
What are the Benefits of employing CI/CD
Automating Validation
Configuring Infrastructure using GitOps
Improving Observability through CI/CD
Building and Deploying to the Cloud
Demo: IBM Toolchains (IBM Cloud with Tekton)
Building Pipelines with Tekton
Module Summary
Practice Quiz
Graded Quiz




Module 5: Managing Applications in Multicloud Deployments 

Module Introduction and Learning Objectives
Understanding HC, MC, and Hybrid MC
What is MCM and its use cases?
What are the capabilities of MCM?
Utilizing Hybrid Cloud Platforms to enable MCM
Automating MC apps
Demo: Cloud Pak for MultiCloud Manager
Exploring the OpenShift Advanced Web Console
Module Summary
Practice Quiz
Graded Quiz




Module 6: Final Exam

Final Exam",https://cursodex.com/courses/building-cloud-native-and-multicloud-applications/,https://cursodex.com/wp-content/uploads/2024/06/cognitive-ibm.png,cognitive ibm,https://cursodex.com/wp-content/uploads/2024/06/cognitive-ibm.png,Computación y Software,Cloud|Programación,0 minute,,English,1,,0,beginner,https://cognitiveclass.ai/courses/building_cloud_native_and_multicloud_applications,IBM
19370,Introducing AI,"Start your journey into the realm of Artificial Intelligence! Discover its endless possibilities, practical applications, and real-world impact in this captivating beginner-level course. Unveil the future today!

Discover the fascinating world of Artificial Intelligence (AI) with this beginner-friendly short course. This mini-course provides an introduction to AI, explores its impact on various industries, and delves into its wide range of applications, including the exciting field of Generative AI.

We will demystify the concepts behind AI and explain how it mimics human intelligence to solve complex problems. Gain insights into the transformative power of AI and how it is reshaping industries and society as a whole.

Explore the vast array of applications that AI offers across different sectors. From healthcare to finance, from manufacturing to entertainment, AI is revolutionizing the way we work, communicate, and interact. Discover real-world examples that showcase the potential of AI-driven technologies and their positive impact on efficiency, decision-making, and innovation.

Uncover the fascinating capabilities of Generative AI models, which have the ability to generate new content, including images, music, and text. Witness the creative potential of AI as we delve into the applications of Generative AI in fields like art, design, and storytelling.

Designed with beginners in mind, this course provides a solid foundation in AI concepts without overwhelming technical jargon. Our expert instructors will guide you through engaging lessons, practical examples, and interactive exercises, ensuring an enjoyable and informative learning experience.

Gain a comprehensive understanding of AI, explore its impact on society, and unlock the possibilities offered by Generative AI. Embrace the future of technology and enroll in this course today to embark on an exciting AI journey.


Course Syllabus
Module 1: AI Overview
Introducing AI
What is AI?
Generative AI Overview
Summary
Module 2: Impact of AI
Impact and Examples of AI
Some Applications of AI
Famous applications of AI from IBM
Generative AI: Applications and Examples
Summary",https://cursodex.com/courses/introducing-ai/,https://cursodex.com/wp-content/uploads/2024/06/cognitive-ibm.png,cognitive ibm,https://cursodex.com/wp-content/uploads/2024/06/cognitive-ibm.png,Computación y Software,Inteligencia Artificial,1 hour,,English,,,0,beginner,https://cognitiveclass.ai/courses/introducing-ai-09f5c2a8-b79c-443d-b09a-8227c40c2108,IBM
19372,Deep Learning with TensorFlow,"Majority of data in the world are unlabeled and unstructured data, for instance images, sound, and text data. Shallow neural networks cannot easily capture relevant structure in these kind of data, but deep networks are capable of discovering hidden structures within these data. In this course, you will use TensorFlow library to apply deep learning on different data types to solve real world problems.

About This Course
Traditional neural networks rely on shallow nets, composed of one input, one hidden layer and one output layer. Deep-learning networks are distinguished from these ordinary neural networks having more hidden layers, or so-called more depth. These kind of nets are capable of discovering hidden structures within unlabeled and unstructured data (i.e. images, sound, and text), which consitutes the vast majority of data in the world.

TensorFlow is one of the best libraries to implement deep learning. TensorFlow is a software library for numerical computation of mathematical expressional, using data flow graphs. Nodes in the graph represent mathematical operations, while the edges represent the multidimensional data arrays (tensors) that flow between them. It was created by Google and tailored for Machine Learning. In fact, it is being widely used to develop solutions with Deep Learning.

In this TensorFlow course, you will be able to learn the basic concepts of TensorFlow, the main functions, operations and the execution pipeline. Starting with a simple “Hello Word” example, throughout the course you will be able to see how TensorFlow can be used in curve fitting, regression, classification and minimization of error functions. This concept is then explored in the Deep Learning world. You will learn how to apply TensorFlow for backpropagation to tune the weights and biases while the Neural Networks are being trained. Finally, the course covers different types of Deep Architectures, such as Convolutional Networks, Recurrent Networks and Autoencoders.

Course Syllabus
Module 1 – Introduction to TensorFlow
HelloWorld with TensorFlow
Linear Regression
Nonlinear Regression
Logistic Regression
Activation Functions
Module 2 – Convolutional Neural Networks (CNN)
CNN History
Understanding CNNs
CNN Application
Module 3 – Recurrent Neural Networks (RNN)
Intro to RNN Model
Long Short-Term memory (LSTM)
Recursive Neural Tensor Network Theory
Recurrent Neural Network Model
Module 4 - Unsupervised Learning
Applications of Unsupervised Learning
Restricted Boltzmann Machine
Collaborative Filtering with RBM
Module 5 - Autoencoders
Introduction to Autoencoders and Applications
Autoencoders
Deep Belief Network",https://cursodex.com/courses/deep-learning-with-tensorflow/,https://cursodex.com/wp-content/uploads/2024/06/cognitive-ibm.png,cognitive ibm,https://cursodex.com/wp-content/uploads/2024/06/cognitive-ibm.png,Computación y Software,Ciencia de Datos|Programación,3 hour,,English,,,0,beginner,https://cognitiveclass.ai/courses/deep-learning-with-tensorflow,IBM
19374,Data Visualization with R,"Data visualization is the presentation of data with graphics. It's a way to summarize your findings and display it in a form that facilitates interpretation and can help in identifying patterns or trends. In this course you will learn how to create beautiful graphics and charts, customizing the look and feel of them as you wish.

ABOUT THIS COURSE
""A picture is worth a thousand words"". We are all familiar with this expression. It especially applies when trying to explain the insight obtained from the analysis of increasingly large data sets. Data visualization plays an essential role in the representation of both small and large scale data.

One of the key skills of a data scientist is the ability to tell a compelling story, visualizing data and findings in an approachable and stimulating way. Learning how to leverage a software tool to visualize data will also enable you to extract information, better understand the data, and make more effective decisions.

The main goal of this course is to teach you how to take data that at first glance has little meaning and present that data in a form that makes sense to people. Various techniques have been developed for presenting data visually but in this course, we will be using the open source language R. 
COURSE SYLLABUS
Module 1 - Basic Visualization Tools

 Bar Charts
 Histograms
Pie Charts
Module 2 - Basic Visualization Tools Continued

Scatter Plots
Line Plots and Regression
Module 3 - Specialized Visualization Tools

 Word Clouds
 Radar Charts
 Waffle Charts
 Box Plots
Module 4 - How to create Maps

Creating Maps in R
Module 5 - How to build interactive web pages

 Introduction to Shiny
 Creating and Customizing Shiny Apps
 Additional Shiny Features",https://cursodex.com/courses/data-visualization-with-r/,https://cursodex.com/wp-content/uploads/2024/06/cognitive-ibm.png,cognitive ibm,https://cursodex.com/wp-content/uploads/2024/06/cognitive-ibm.png,Computación y Software,Ciencia de Datos|Programación,6 hour,,English,,,0,beginner,https://cognitiveclass.ai/courses/data-visualization-with-r,IBM
19376,A Quick Introduction to Machine Learning,"Machine Learning, a foundational component of Artificial Intelligence, is often shrouded in mystery. This short course will demystify and explain the subject of Machine Learning. In just a few hours, you will be able to understand the concepts and the processes behind this revolutionary technology. Let this course take you into the forefront of the Machine Learning revolution!

By actively engaging with the course content, including video lectures, quizzes, and a hands-on lab, you will develop the skills and confidence necessary to effectively apply your newfound knowledge in Machine Learning. 

Course Syllabus
Module 1
Introduction to Machine Learning for Everyone
Machine Learning Model Lifecycle
A Day in the life of a Machine Learning Engineer
Tools for Machine Learning
Module 2
Supervised vs Unsupervised Learning
Classification
Regression
Evaluating Machine Learning Models
Hands-on Lab: Machine Learning in Python",https://cursodex.com/courses/a-quick-introduction-to-machine-learning/,https://cursodex.com/wp-content/uploads/2024/06/cognitive-ibm.png,cognitive ibm,https://cursodex.com/wp-content/uploads/2024/06/cognitive-ibm.png,Computación y Software,Ciencia de Datos|Inteligencia Artificial|Programación,3 hour,,English,,,0,beginner,https://cognitiveclass.ai/courses/data-visualization-with-r,IBM
19382,Predictive Modeling Fundamentals I,"Predictive Analytics brings together advanced analytics capabilities spanning ad-hoc statistical analysis, predictive modeling, data mining, text analytics, entity analytics, optimization, real-time scoring, machine learning and more. IBM SPSS Modeler puts these capabilities into the hands of business users, data scientists, and developers.

About This Course
In this course you will learn the basics to get started with Predictive Modeling.

Course Syllabus
After completing this course, you should be able to:

- Describe what Predictive Modeling is all about and know why you would want to use it
- Understand the CRISP-DM methodology and the IBM SPSS Modeler Workbench
- Understand Common Modeling Techniques
- Use IBM SPSS Modeler to solve a Kaggle competition
- Explore, Prepare, Model and Evaluate your data using IBM SPSS Modeler",https://cursodex.com/courses/predictive-modeling-fundamentals-i/,https://cursodex.com/wp-content/uploads/2024/06/cognitive-ibm.png,cognitive ibm,https://cursodex.com/wp-content/uploads/2024/06/cognitive-ibm.png,Computación y Software,Ciencia de Datos|Programación,6 hour,,English,,,0,beginner,https://cognitiveclass.ai/courses/predictive-modeling-fundamentals,IBM
19384,Getting started with Microservices with Istio and IBM Cloud Kubernetes Service,"Discover how microservices and Istio pair together for cloud-native apps. Learn how Istio and IBM Cloud Kubernetes Service help you securely and seamlessly deploy containers and apps.

About this course
In this course, you learn about the twelve-factor app methodology, microservices, and Istio foundational technologies. These cloud-native technologies are the essentials as you build new apps for the cloud. Microservices are the building blocks for your cloud architecture. Then, you layer on Istio to help you connect, manage, and secure those microservices. All of those are then put together in IBM Cloud Kubernetes Service.

What will I get after passing this course?
You will receive a completion certificate.
Course syllabus
Twelve-factor app
Twelve-factor methodology
The twelve factors
Codebase
Dependencies
Configuration
Backing services
Build, release, run
Processes
Port binding
Concurrency
Disposability
Development and production parity
Logs
Admin processes
Summary of the twelve-factor app
Microservices
Unmaintainable, monolithic apps
What are microservices?
Microservices: Making developers more efficient
Microservices architecture
Example app that uses microservices
Key tenets of a microservices architecture
Comparing monolithic and microservices architectures
Emergence of microservices from modern development tools and processes
Operational requirements for microservices
Summary: Advantages of microservices
Application architecture evolution: From SOA to microservices
Layered application architecture
SOA stack
Microservices and SOA
Monolithic architecture versus microservices architecture
Microservices and IBM Cloud Kubernetes Service
Microservices component architecture
Microservices architecture mapped to the SOA stack
Microservices types hierarchy
Language decisions
Backend for frontend (BFF)
Business service microservices dependencies: Typical
Business service microservices dependencies: Death Star
Microservices integration
Communication among services
Synchronous versus asynchronous communication
Microservices intercommunication
Microservices communication in IBM Cloud Kubernetes Service
IBM Message Hub service
Service mesh
Comparison of operations for monolithic and microservice architectures
A service mesh can help
Service registry
Service discovery and service proxy
Client-side discovery
Server-side discovery
Automated testing
Circuit breaker
Bulkhead
Istio: An intelligent service mesh for microservices
Service mesh implementation
How Istio works
Istio mesh request flow
What Istio provides for microservices architectures
Discovery and load balancing
Handling failures
Fault injection
Mutual TLS Authentication
Final exam",https://cursodex.com/courses/getting-started-with-microservices-with-istio-and-ibm-cloud-kubernetes-service/,https://cursodex.com/wp-content/uploads/2024/06/cognitive-ibm.png,cognitive ibm,https://cursodex.com/wp-content/uploads/2024/06/cognitive-ibm.png,Computación y Software,Cloud,3 hour,,English,,,0,expert,https://cognitiveclass.ai/courses/get-started-with-microservices-istio-and-ibm-cloud-container-service,IBM
19387,Using R with Databases,"The intent of this course is to teach you how to unlock the power and magic of R to analyze data in relational databases. It will show you how to connect to relational databases, access and query the database, update and modify the data, analyze it and perform simple visualizations.


About This Course



Do you want to leverage the power of R to unlock the value of data in relational databases?
Are you a SQL professional and looking to get skilled in data science?
Are the limits of R programming language preventing you from analyzing very large data sets?
If you answered yes to any of these questions, this course is for you. It will introduce you to the benefits of using R with databases. Teach you how to connect to databases from R. Show you how to create database objects, populate the database, and issue SQL queries to retrieve and modify your data from R. The course will also delve into advanced topics of using stored procedures and utilizing in-database analytics with R. 

Course Syllabus

Module 1 - R and Relational Databases
Module 2 - Connecting to Relational Databases using RJDBC and RODBC
Module 3 - Database Design and Querying Data
Module 4 - Modifying Data and Using Stored Procedures
Module 5 - In-Database Analytics with R",https://cursodex.com/courses/using-r-with-databases/,https://cursodex.com/wp-content/uploads/2024/06/cognitive-ibm.png,cognitive ibm,https://cursodex.com/wp-content/uploads/2024/06/cognitive-ibm.png,Computación y Software,,0 minute,,English,1,,0,beginner,https://cognitiveclass.ai/courses/using-r-with-databases,IBM
19389,NoSQL and DBaaS 101,"In this NoSQL course, we will provide an overview of the NoSQL database landscape, the benefits of using a Database-as-a-Service offering, and where Cloudant fits into the picture. Additionally, we’ll get you started with using Cloudant by providing tutorials on account sign up, creating and replicating databases, loading and querying data, and conclude by pointing you to additional resources to continue on your education.


About This Course

Are you building a new application and want to utilize an operational datastore that has a flexible schema for fast and simple development? Do you need to ensure your entire application stack can scale elastically to accommodate a fast-growing dataset and a surge in concurrent users? Are you struggling with the management of an existing datastore and want to offload administration to a service provider? Do you require high availability and disaster recovery redundancy across nodes, data centers, geographies or asynchronous mobile/client access to application data?


If you answered yes to any of the questions above, then you have probably started to explore NoSQL and/or Database-as-a-Service offerings. In this NoSQL course, we will provide an overview of the NoSQL database landscape, the benefits of using a Database-as-a-Service offering, and where Cloudant fits into the picture. Additionally, we’ll get you started with using Cloudant by providing tutorials on account sign up, creating and replicating databases, loading and querying data, and conclude by pointing you to additional resources to continue on your education.


Course Syllabus

After completing this course, you should be able to:

Define NoSQL, its characteristics and history, and the primary benefits for using NoSQL databases.
Define the major types of NoSQL databases including a primary use case and advantages/disadvantages of each type.
Describe the factors affecting return on investment for using locally hosted database vs. database-as-a-service.
List the key benefits of IBM Cloudant, a NoSQL Database-as-a-Service for Web and mobile applications.
Create a document database, add documents, and run queries using IBM Cloudant.
Access additional resources including training, documentation, articles, and books to continue to learn about NoSQL databases.",https://cursodex.com/courses/nosql-and-dbaas-101/,https://cursodex.com/wp-content/uploads/2024/06/cognitive-ibm.png,cognitive ibm,https://cursodex.com/wp-content/uploads/2024/06/cognitive-ibm.png,Computación y Software,Bases de Datos,0 minute,,English,1,,0,beginner,https://cognitiveclass.ai/courses/introduction-nosql-dbaas,IBM
19391,Spark Fundamentals II,"Building on your foundational knowledge of Spark, take this opportunity to move your skills to the next level. With a focus on Spark Resilient Distributed Data Set operations this course exposes you to concepts that are critical to your success in this field.

ABOUT THIS COURSE
Expand your knowledge of the concepts discussed in Spark Fundamentals I with a focus on RDDs (Resilient Distributed Datasets). RDDs are the main abstraction Spark provides to enable parallel processing across the nodes of a Spark cluster.
Get in-deptth knowledge on Spark’s architecture and how data is distributed and tasks are parallelized.
Learn how to optimize your data for joins using Spark’s memory caching.
Learn how to use the more advanced operations available in the API.
The lab exercises for this course are performed exclusively on the Cloud and using a Notebook interface.
IBM Data Science Experience provides you with Jupyter notebooks that is already connected to Spark and supports Python, R, and Scala so that you start creating your Spark projects and collaborating with other data scientists. When you sign up, you get free access to Data Science Experience and all other IBM services for 30 days. Start now and take advantage of this offer.
COURSE SYLLABUS
Module 1 - Introduction to Notebooks
Understand how to use Zeppelin in your Spark projects
Identify the various notebooks you can use with Spark
Module 2 - Spark RDD Architecture
Understand how Spark generates RDDs
Manage partitions to improve RDD performance
Module 3 - Optimizing Transformations and Actions
Use advanced Spark RDD operations
Identify what operations cause shuffling
Module 4 - Caching and Serialization
Understand how and when to cache RDDs
Understand storage levels and their uses
Module 5 - Develop and Testing
Understand how to use sbt to build Spark projects
Understand how to use Eclipse and IntelliJ for Spark development
",https://cursodex.com/courses/spark-fundamentals-ii/,https://cursodex.com/wp-content/uploads/2024/06/cognitive-ibm.png,cognitive ibm,https://cursodex.com/wp-content/uploads/2024/06/cognitive-ibm.png,Computación y Software,Ciencia de Datos|Programación,5 hour,,English,,,0,intermediate,https://cognitiveclass.ai/courses/spark-rdd,IBM
19393,AI Ethics,"Artificial Intelligence (AI) presents many exciting opportunities for businesses. At the same time it has also put in focus potential ethical problems. In this course on AI Ethics as we delve into today's AI concerns, explore biases, navigate regulations, and learn the concept of trust in the AI world.

Explore the ethical and regulatory landscape of Artificial Intelligence (AI) with our thought-provoking short course. Designed for individuals of all backgrounds, this program delves into critical issues, concerns, and considerations surrounding AI, including ethics, bias, regulations, and the concept of Trustworthy AI.

In this course, you will embark on a journey to understand the broader implications of AI beyond its technical aspects. Gain insights into the ethical challenges that arise when AI systems make decisions that impact individuals and society as a whole. Explore the potential biases that can emerge in AI algorithms and learn how to mitigate them to ensure fairness and inclusivity.

Discover the existing and emerging regulations and guidelines governing AI development and deployment. Understand the ethical frameworks and principles that are being established to guide responsible AI practices. Explore case studies and real-world examples that shed light on the practical implementation of ethical guidelines in various industries and sectors.

Learn about Trustworthy AI and the principles and practices that contribute to building AI systems that are reliable, transparent, and accountable. Understand the importance of ensuring privacy, security, and interpretability in AI algorithms and models. Gain insights into the role of human oversight and governance in maintaining the trustworthiness of AI systems.

Whether you are an AI practitioner, a decision-maker, or simply an individual interested in the ethical implications of AI, this course will equip you with the knowledge and tools to navigate the ethical challenges associated with AI.


Course Syllabus
Module 1: AI Concerns
Exploring Today's AI Concerns
Exploring AI Ethics
Defining AI Ethics
Summary
Module 2: AI Bias, Regulations, and Trustworthy AI
Understanding Bias and AI
Lab: Detect the Bias
AI Ethics and Regulations
AI Ethics, Goverenance, and ESG
Foundations of Trustworthy AI
Summary",https://cursodex.com/courses/ai-ethics/,https://cursodex.com/wp-content/uploads/2024/06/cognitive-ibm.png,cognitive ibm,https://cursodex.com/wp-content/uploads/2024/06/cognitive-ibm.png,Computación y Software,Inteligencia Artificial,1 hour,,English,,,0,beginner,https://cognitiveclass.ai/courses/ai-ethics-2f459a4d-fd9a-4fc6-aba8-e4f66cf33220,IBM
19395,Machine Learning - Dimensionality Reduction,"Welcome to this machine learning course on Dimensionality Reduction. Dimensionality Reduction is a category of unsupervised machine learning techniques used to reduce the number of features in a dataset. Dimension reduction can also be used to group similar variables together. In this course, you will learn the theory behind dimension reduction, and get some hands-on practice using Principal Components Analysis (PCA) and Exploratory Factor Analysis (EFA) on survey data. The code used in this course is prepared for you in R.


About This Course

Welcome to this machine learning course on Dimensionality Reduction. Dimensionality Reduction is a category of unsupervised machine learning techniques used to reduce the number of features in a dataset. Dimension reduction can also be used to group similar variables together.


 In this course, you will learn the theory behind dimension reduction, and get some hands-on practice using Principal Components Analysis (PCA) and Exploratory Factor Analysis (EFA) on survey data.


The code used in this course is prepared for you in R.",https://cursodex.com/courses/machine-learning-dimensionality-reduction/,https://cursodex.com/wp-content/uploads/2024/06/cognitive-ibm.png,cognitive ibm,https://cursodex.com/wp-content/uploads/2024/06/cognitive-ibm.png,Computación y Software,Ciencia de Datos,6 hour,,English,,,0,beginner,https://cognitiveclass.ai/courses/machine-learning-dimensionality-reduction,IBM
19397,AI Concepts,"Learn the foundational concepts of Artificial Intelligence. Understand and discuss terms like machine learning, deep learning, and neural networks. Become familiar with fields of applications in AI including NLP, speech recognition, computer vision, and self-driving cars. This course is perfect for everyone including professionals, managers, executives and students.

Immerse yourself in the realm of Artificial Intelligence (AI) with our comprehensive short course. This course is designed to provide a solid foundation in AI concepts, terminology, and its wide array of application areas. From Machine Learning to Neural Networks, from Natural Language Processing (NLP) to Self-driving Cars, this course covers it all.

Delve into the fundamental concepts of AI and understand how it enables machines to learn, reason, and make intelligent decisions. Explore the key terminologies associated with AI, including Machine Learning, Deep Learning, Neural Networks, and more. Gain insights into the underlying principles that drive these technologies and their practical applications.

Discover the diverse application areas of AI that are revolutionizing industries and transforming our daily lives. Dive into the fascinating world of NLP, where machines are trained to understand and interpret human language, opening up possibilities in chatbots, language translation, and sentiment analysis. Explore the realm of computer vision, where AI algorithms enable machines to recognize objects, faces, and even emotions. Uncover the cutting-edge advancements in speech recognition and synthesis, empowering AI to interact with humans through spoken language. And venture into the realm of self-driving cars, where AI is reshaping transportation and paving the way for autonomous vehicles.

Enrol today to unlock the potential of AI and embark on an exciting journey into the realm of intelligent machines.


Course Syllabus
Module 1: Machine Learning, Deep Learning and neural Networks
Terminology and Related Concepts
Machine Learning
Machine Learning Techniques and Training
Deep Learning
Neural Networks
Summary
Module 2: AI Application Areas
Key Fields of Application in AI
Natural Language Processing, Speech, Computer Vision
Self Driving Cars
Summary",https://cursodex.com/courses/ai-concepts/,https://cursodex.com/wp-content/uploads/2024/06/cognitive-ibm.png,cognitive ibm,https://cursodex.com/wp-content/uploads/2024/06/cognitive-ibm.png,Computación y Software,Ciencia de Datos|Inteligencia Artificial,1 hour,,English,,,0,beginner,https://cognitiveclass.ai/courses/ai-concepts-ba67406f-972f-40ec-bd11-4c45a979f57d,IBM
19399,Simplifying data pipelines with Apache Kafka,"When you hear the terms, producer, consumer, topic category, broker, and cluster used together to describe a messaging system, something is brewing in the Kafka pipelines. Get connected and learn what that is, and what it means!

Many Big Data use cases have one thing in common - the use of Apache Kafka somewhere in the mix. Whether the distributed, partitioned, replicated commit log service is being used for messaging, website activity tracking, stream processing, or more, there's no denying it is a hot technology. In this course, you will learn how Kafka is used in the real world and its architecture and components. You will quickly get up and running, producing and consuming messages using both the command line tools and the Java APIs. You also will get hands-on experience connecting Kafka to Spark, and working with Kafka Connect.

Course Syllabus
Lesson 1 - Introduction to Apache Kafka
What Kafka is and why it was created
The Kafka Architecture
The main components of Kafka
Some of the use cases for Kafka
Lesson 2 - Kafka Command Line
The contents of Kafka's /bin directory
How to start and stop Kafka
How to create new topics
How to use Kafka command line tools to produce and consume messages
Lesson 3 - Kafka Producer Java API
The Kafka producer client
Some of the KafkaProducer configuration settings and what they do
How to create a Kafka producer using the Java API and send messages both synchronously and asynchronously
Lesson 4 - Kafka Consumer Java API
The Kafka consumer client
Some of the KafkaConsumer configuration settings and what they do
How to create a Kafka consumer using the Java API
Lesson 5 - Kafka Connect and Spark Streaming
Kafka Connect and how to use a pre-built connector
Some of the components of Kafka Connect
How to use Kafka and Spark Streaming together",https://cursodex.com/courses/simplifying-data-pipelines-with-apache-kafka/,https://cursodex.com/wp-content/uploads/2024/06/cognitive-ibm.png,cognitive ibm,https://cursodex.com/wp-content/uploads/2024/06/cognitive-ibm.png,Computación y Software,Programación,4 hour,,English,,,0,beginner,https://cognitiveclass.ai/courses/simplyfingdatapipelines,IBM
19402,Statistics 101,"Welcome to the Statistics 101 course, taught by Murtaza Haider, Assistant Professor at Ryerson University. Statistics is one of the most challenging topics to learn, but Murtaza brings a gentle introduction to statistics in practice. Learn about descriptive statistics, variance, probability, correlation, and data visualization. This course ends with a fully-guided statistics exercise exploring the “hot” topic of: do good looking professors get better teaching evaluations? A free trial of SPSS Statistics is included in this course.

Split into five modules, this is a beginner's course covering the fundamentals of statistics. Start with mean, mode, and median. Then learn about standard deviation using examples from basketball. Learn about probability with dice. Learn what it means to group data by categorical variables, and how you can transform your data into appropriate graphs and charts.

In the final module, using an open dataset, learn whether good looking professors indeed get better teaching evalutions.

This course is taught using SPSS Statistics. No prior experience necesssary. A free trial is available through this course, available here: SPSS Statistics (Free Trial).

COURSE SYLLABUS

Module 1 - Welcome to Statistics!
Welcome to Statistics
Data visualization
All about data
SPSS Statistics
SPSS Statistics in 5 minutes
Lab exercises

Module 2 - Basic Statistics
Types of data
Measures of dispersion
Mean, median, mode
Statistics by data type
Probability
Lab exercises

Module 3 - Summarizing data
Statistics by groups
Visualization of group statistics
Pivoting
Cross-tabulations
Correlation
Lab exercises

Module 4- Data Visualization
Visualization fundamentals
Descriptive and statistical charts
Scatterplots
Statistical charts
Time series charts
Lab exercises

Module 5 - Does Beauty Pay?
Does Beauty Pay?
Weighted means, standard deviations
Data wrangling
Descriptive Statistics
Reproducibility with syntax in SPSS Statistics
Lab exercises",https://cursodex.com/courses/statistics-101/,https://cursodex.com/wp-content/uploads/2024/06/cognitive-ibm.png,cognitive ibm,https://cursodex.com/wp-content/uploads/2024/06/cognitive-ibm.png,Computación y Software,Ciencia de Datos,4 hour,,English,,,0,beginner,https://cognitiveclass.ai/courses/statistics-101-c9adda60-c62d-4962-b5ad-065b9e825bf8,IBM
19404,Accessing Hadoop Data Using Hive,"Hive is a data warehousing tool built on top of Hadoop. Learn how to easily query and analyze your Big Data projects with this course on Apache Hive.

About This Course
Writing MapReduce programs to analyze your Big Data can get complex. Hive can help make querying your data much easier. Apache Hive, first created at Facebook, is a data warehouse system for Hadoop that facilitates easy data summarization, ad-hoc queries, and the analysis of large datasets stored in Hadoop compatible file systems. Hive provides a mechanism to project structure onto this data and query the data using a SQL-like language called HiveQL. This course will get you started so that you can use Hive for Data Warehousing tasks on your Big Data projects.

What will I get after passing this course?
You will receive a completion certificate.
Course Syllabus
Lesson 1 - Introduction to Hive
Describe what Hive is, what it’s used for and how it compares to other similar technologies
Describe the Hive architecture
Describe the main components of Hive
List interesting ways others are using Hive
Lesson 2 - Hive DDL
Create databases and tables in Hive, while using a variety of different Data Types
Run a variety of different DDL commands
Use Partitioning to improve performance of Hive queries
Create Managed and External tables in Hive
Lesson 3 - Hive DML
Load data into Hive
Export data out of Hive
Run a variety of different HiveQL DML queries
Lesson 4 - Hive Operators and Functions
Use a variety of Hive Operators in your queries
Utilize Hive’s Built-in Functions
Explain ways to extend Hive functionality",https://cursodex.com/courses/accessing-hadoop-data-using-hive/,https://cursodex.com/wp-content/uploads/2024/06/cognitive-ibm.png,cognitive ibm,https://cursodex.com/wp-content/uploads/2024/06/cognitive-ibm.png,Computación y Software,Bases de Datos|Ciencia de Datos,4 hour,,English,,,0,intermediate,https://cognitiveclass.ai/courses/accessing-hadoop-data-using-hive,IBM
19406,MapReduce and YARN,"Apache Hadoop is one of the most popular tools for big data processing. It has been successfully deployed in production by many companies for several years. Though Hadoop is considered a reliable, scalable, and cost-effective solution, it is constantly being improved by a large community of developers. As a result, the 2.0 version offers several revolutionary features, including Yet Another Resource Negotiator (YARN), HDFS Federation, and high availability, which make the Hadoop cluster much more efficient, powerful, and reliable.

The most serious limitations of classical MapReduce are primarily related to scalability, resource utilization, and the support of workloads different from MapReduce. In the MapReduce framework, the job execution is controlled by two types of processes: a single master process called JobTracker and a number of subordinate processes called TaskTrackers.

Apache Hadoop 2.0 includes YARN, which separates the resource management and processing components. The YARN-based architecture is not constrained to MapReduce. In YARN, MapReduce is simply degraded to a role of a distributed application (but still a very popular and useful one) and is now called MRv2. MRv2 is simply the re-implementation of the classic MapReduce engine, now called MRv1, which runs on top of YARN.

The course reviews MapReduce and provides insight into the design and implementation of YARN: ResourceManager instead of a cluster manager, ApplicationMaster instead of a dedicated and short-lived JobTracker, NodeManager instead of TaskTracker, a distributed application instead of a MapReduce job.

Course Syllabus
Lesson 1: Introduction to MapReduce and YARN

Describe the MapReduce model v1 — this is the “classic” version that comes with Hadoop 1
List the limitations of both Hadoop 1 and MapReduce 1
Review the Java code required to handle the Mapper class, the Reducer class, and the program driver needed to access MapReduce
Describe the YARN model, including the features of YARN and how a YARN program is run, and
Compare “YARN / Hadoop 2 / MR2” versus “Hadoop 1 with MR1”
Lesson 2:Issues with/Limitations of Hadoop v1 & MapReduce v1

List the limitations of MapReduce v1 and the need for MR v2 / YARN
Describe MR2 / YARN processing
Lesson 3: The Architecture of YARN

Understand the high level architecture of YARN
Configuring, monitoring, and running applications in the YARN environment
Recommended skills prior to taking this course
Know some basic Linux administration and commands
Grading scheme
The minimum passing mark for the course is 60%, where the review questions are worth 40% and the final exam is worth 60% of the course mark.
You have 1 attempt to take the exam with multiple attempts per question.",https://cursodex.com/courses/mapreduce-and-yarn/,https://cursodex.com/wp-content/uploads/2024/06/cognitive-ibm.png,cognitive ibm,https://cursodex.com/wp-content/uploads/2024/06/cognitive-ibm.png,Computación y Software,Big Data|Ciencia de Datos,4 hour,,English,,,0,beginner,https://cognitiveclass.ai/courses/mapreduce-and-yarn,IBM
19408,Cerrar ventas en HubSpot,"Descubre cómo HubSpot CRM y Sales Hub pueden ayudarte a cerrar más ventas.
Todo lo que hace un representante de ventas debería estar orientado a aumentar los ingresos de su empresa. En HubSpot CRM puedes crear y gestionar registros de negocios para monitorear el progreso de tus ventas potenciales. En esta clase, aprenderás a usar negocios en combinación con otras herramientas de Sales Hub que te ayudarán a cerrar más ventas.

Información sobre la lección:
- 4 videos
- 27 minutos",https://cursodex.com/courses/cerrar-ventas-en-hubspot/,https://cursodex.com/wp-content/uploads/2024/05/Hubspot.jpg,Hubspot,https://cursodex.com/wp-content/uploads/2024/05/Hubspot.jpg,Negocios,Español,30 minute,,Español; Japonés; Francés.,30 minutes,,0,beginner,https://academy.hubspot.com/es/lessons/closing-sales-in-hubspot,Hubspot
19410,Certificación de Solutions Partner,"este curso de certificación sólo está disponible para los Solutions Partners activos de HubSpot. El conjunto de lecciones de este curso de certificación te ayudará a orientarte en el Solutions Partner Program de HubSpot. Conoce los detalles del programa y los criterios de crecimiento dentro de él, y encuentra información sobre la venta en conjunto, la comunicación con el equipo de HubSpot, el registro de negocios, la gestión de la información confidencial, la protección de la propiedad intelectual y mucho más.

A quién está destinado:
º Solutions Partners de HubSpot

Aprenderás lo siguiente:
º Usa el conjunto de herramientas de partners para acceder a la información de los clientes, aprovechar los recursos de los partners y revisar los documentos legales.
º Revende HubSpot para recibir ingresos compartidos o vende en conjunto con el equipo de ventas de HubSpot.
º Adopta las medidas de seguridad recomendadas al recibir información confidencial.

Información sobre el curso:
- 8 lecciones
- 27 videos
- 7 pruebas
- 2:46 horas",https://cursodex.com/courses/certificacion-de-solutions-partner/,https://cursodex.com/wp-content/uploads/2024/05/Hubspot.jpg,Hubspot,https://cursodex.com/wp-content/uploads/2024/05/Hubspot.jpg,Negocios,Español,166 hour,,Español; Japonés; Francés; Inglés; Alemán.,2.5 hours,,0,beginner,https://academy.hubspot.com/es/courses/solutions-partner-certification,Hubspot
19413,"Captación de prospectos en HubSpot, parte 1: Identificar a los mejores leads","Descubre cómo filtrar, organizar y visualizar los contactos en tu cuenta.
Cualquier proceso de captación de prospectos requiere mucho trabajo. Para poder encontrar a los mejores leads, debes definir a quién quieres dirigirte y entender quién es tu cliente ideal. En esta clase aprenderás a filtrar, organizar y visualizar los contactos en tu cuenta. También conocerás las herramientas de HubSpot Sales que te ayudarán a añadir nuevos leads a tu CRM.

Información sobre la lección:
- 6 videos
- 36 minutos",https://cursodex.com/courses/captacion-de-prospectos-en-hubspot-parte-1-identificar-a-los-mejores-leads/,https://cursodex.com/wp-content/uploads/2024/05/Hubspot.jpg,Hubspot,https://cursodex.com/wp-content/uploads/2024/05/Hubspot.jpg,Negocios,Español,36 minute,,Español; Japonés; Francés.,,,0,beginner,https://academy.hubspot.com/es/lessons/identifying-good-fit-leads-in-hubspot,Hubspot
19417,"Captación de prospectos en HubSpot, parte 2: Conectar con tus contactos.","Descubre cómo ser más eficiente a la hora de priorizar y comunicarte con tus leads.
Quienes trabajan en ventas han sentido en algún momento la frustración de tener que completar un montón de tareas irrelevantes para cumplir con su cuota. Ya sea la introducción de datos al CRM, los procesos internos o la búsqueda de la información correcta, hay muchas cosas que pueden interponerse entre tus ventas y tú. Por suerte, Sales Hub cuenta con una gran cantidad de herramientas diseñadas para ayudarte. En esta clase, descubrirás cómo ser más eficiente a la hora de priorizar y comunicarte con tus leads.

Información sobre la lección:
- 7 videos
- 40 minutos",https://cursodex.com/courses/captacion-de-prospectos-en-hubspot-parte-2-conectar-con-tus-contactos/,https://cursodex.com/wp-content/uploads/2024/05/Hubspot.jpg,Hubspot,https://cursodex.com/wp-content/uploads/2024/05/Hubspot.jpg,Negocios,,40 minute,,Español; Japonés; Francés.,,,0,beginner,https://academy.hubspot.com/es/lessons/identifying-good-fit-leads-in-hubspot-part-2,Hubspot
19421,Identifica oportunidades en tu Flywheel,"Aprende a evaluar el estado de tu Flywheel con las de herramientas de analíticas de HubSpot.
En teoría, el Flywheel es un modelo mental que permite tener una visión global de dónde crece más rápidamente la empresa y cuáles son sus mayores áreas de oportunidad. En la práctica, son tus datos los que muestran qué está fallando y qué puedes hacer para solucionar los problemas de tus clientes. Para evaluar el estado de tu empresa a escala, necesitarás navegar cómodamente por varias pestañas de análisis y herramientas de analíticas de HubSpot. En esta lección, adquirirás habilidades para agregar contexto y claridad a las decisiones que están tomando tus equipos de marketing, ventas o servicios.

Aprenderás lo siguiente:
º Sabrás explicar los indicadores clave de rendimiento en cada etapa y transferencia del Flywheel.
º Podrás elaborar informes sobre el impacto de la activación de leads mediante formularios, correos electrónicos, landing pages, blogs y CTA
º Podrás analizar el impacto de tus iniciativas de ventas y servicio al cliente mediante las herramientas de analíticas de HubSpot.

Información sobre la lección:
- 4 videos
- 49 minutos",https://cursodex.com/courses/identifica-oportunidades-en-tu-flywheel/,https://cursodex.com/wp-content/uploads/2024/05/Hubspot.jpg,Hubspot,https://cursodex.com/wp-content/uploads/2024/05/Hubspot.jpg,Negocios,Español,1 hour,,Español; Inglés.,,,0,beginner,https://academy.hubspot.com/es/lessons/identifying-flywheel-insights,Hubspot
19424,Cómo analizar tu tráfico web,"Aprende a analizar el tráfico de tu sitio web en HubSpot.
Las analíticas web recopilan y analizan los datos generados por los usuarios que visitan un sitio web e interactúan con él. Su objetivo es medir el comportamiento de esos usuarios, optimizar su experiencia y obtener información que ayude a cumplir las metas de la empresa, como aumentar las conversiones y las ventas. Al principio, esta cantidad de datos puede resultar abrumadora; por eso, es importante identificar algunas métricas clave al empezar. En esta lección, veremos cómo elaborar informes sobre los canales que llevan visitantes a tu sitio web y su nivel de interacción. A continuación, hablaremos de cómo optimizarlos en función del tipo de informe para aprovechar al máximo tus datos.

Aprenderás lo siguiente:
º Podrás explicar cómo el código de seguimiento de HubSpot recopila datos sobre el comportamiento de los clientes.
º Podrás describir los datos recopilados por cada tipo de parámetro UTM.
º Sabrás interpretar los datos de origen que se encuentran en la herramienta de analíticas de tráfico de HubSpot.

Información sobre la lección:
- 7 videos
- 53 minutos",https://cursodex.com/courses/como-analizar-tu-trafico-web/,https://cursodex.com/wp-content/uploads/2024/05/Hubspot.jpg,Hubspot,https://cursodex.com/wp-content/uploads/2024/05/Hubspot.jpg,Negocios,Español,1 hour,,Español; Inglés.,,,0,beginner,https://academy.hubspot.com/es/lessons/Analyzing-Your-Website-Traffic,Hubspot
19427,Precios y presentación de los servicios inbound,"Este curso está diseñado para enseñar a las nuevas agencias partners de HubSpot a definir sus ofertas de servicios inbound, fijar un precio que les garantice rentabilidad, promocionar sus esfuerzos de marketing y crear un modelo de entrega de servicios repetible.

Información sobre el curso:
- 0 lecciones
- 8 videos
- 2 pruebas
- 1:40 horas",https://cursodex.com/courses/precios-y-presentacion-de-los-servicios-inbound/,https://cursodex.com/wp-content/uploads/2024/05/Hubspot.jpg,Hubspot,https://cursodex.com/wp-content/uploads/2024/05/Hubspot.jpg,Negocios,Español,100 minute,,Español; Francés; Portugués; Japonés; Inglés; Alemán.,,,0,intermediate,https://academy.hubspot.com/es/courses/agency-pricing-packaging,Hubspot
19429,El poder de la personalización y la automatización en el email marketing,"Optimiza tu marketing por correo electrónico para lograr un impacto y eficiencia máximos.
La personalización y la automatización son partes integrales de una estrategia de marketing por correo electrónico que es intencional y escalable. En esta lección, aprenderás cómo integrar estas herramientas poderosas para lograr un impacto máximo.

Información sobre la lección:
- 3 videos
- 23 minutos",https://cursodex.com/courses/el-poder-de-la-personalizacion-y-la-automatizacion-en-el-email-marketing/,https://cursodex.com/wp-content/uploads/2024/05/Hubspot.jpg,Hubspot,https://cursodex.com/wp-content/uploads/2024/05/Hubspot.jpg,Marketing,Email Marketing|Español,23 minute,,Español; Alemán; Inglés.,,,0,beginner,https://academy.hubspot.com/es/lessons/the-power-of-personalization-and-automation,Hubspot
19433,Aspectos básicos de la nutrición de leads,"Desarrolla una estrategia de nutrición de leads para cultivar relaciones a largo plazo con tus clientes.
Entender los fundamentos de la nutrición de leads te ayudará a cultivar relaciones a largo plazo con tus clientes. El objetivo de una estrategia de nutrición de leads es ayudar a tu empresa a crear vínculos significativos en cualquier momento del recorrido del comprador. El primer paso es comprender el recorrido del comprador y los tipos de contenido que debes ofrecer en cada etapa. En esta clase, aprenderás a crear una visión para tus actividades de marketing, cómo enviar el contenido adecuado a tus contactos y cómo sentar las bases para cultivar relaciones prolíferas y duraderas.

Información sobre la lección:
- 3 videos
- 27 minutos",https://cursodex.com/courses/aspectos-basicos-de-la-nutricion-de-leads/,https://cursodex.com/wp-content/uploads/2024/05/Hubspot.jpg,Hubspot,https://cursodex.com/wp-content/uploads/2024/05/Hubspot.jpg,Marketing,Email Marketing|Español,27 minute,,Español; Japonés; Francés; Alemán; Portugués; Inglés.,,,0,beginner,https://academy.hubspot.com/es/lessons/understanding-lead-nurturing,Hubspot
19435,Aspectos básicos de la metodología inbound,"Aprende las buenas prácticas de la metodología inbound y por qué está transformando la manera de hacer negocios.
El método inbound se basa en atraer prospectos, interactuar con ellos y deleitarlos para impulsar el crecimiento de una empresa que proporcione valor y genere confianza. A medida que la tecnología avanza, el método inbound sienta las bases para crear una manera más útil y humana de hacer negocios, que siempre pone al cliente primero. Descubre el porqué de este cambio, cómo evolucionan las conductas de los compradores y los aspectos básicos de una empresa inbound.

Información sobre la lección:
- 3 videos
- 32 minutos",https://cursodex.com/courses/aspectos-basicos-de-la-metodologia-inbound/,https://cursodex.com/wp-content/uploads/2024/05/Hubspot.jpg,Hubspot,https://cursodex.com/wp-content/uploads/2024/05/Hubspot.jpg,Marketing|Negocios,Español,32 minute,,Español; Japonés; Portugués; Alemán; Francés; Inglés.,,,0,beginner,https://academy.hubspot.com/es/lessons/inbound-fundamentals,Hubspot
19437,Aspectos básicos del inbound marketing,"Descubre por qué el inbound está cambiando la manera de hacer marketing y aprende algunas buenas prácticas que puedes empezar a aplicar hoy mismo.
Los compradores tienen cada día más poder. Una búsqueda rápida en sus dispositivos móviles les abre las puertas a una gran cantidad de información valiosa. La tecnología ha cambiado y seguirá cambiando, como también lo hará la manera de comprar de las personas. Aprende a adaptar y a evolucionar en tu estrategia de marketing para reflejar estos comportamientos.

Información sobre la lección:
- 3 videos
- 29 minutos",https://cursodex.com/courses/aspectos-basicos-del-inbound-marketing/,https://cursodex.com/wp-content/uploads/2024/05/Hubspot.jpg,Hubspot,https://cursodex.com/wp-content/uploads/2024/05/Hubspot.jpg,Marketing,Español,29 minute,,Español; Japonés; Francés; Portugués.,,,0,beginner,Aspectos básicos del inbound marketing,Hubspot
19443,Curso de marketing digital online en español,"El marketing digital incluye todos los tipos de marketing que ocurren en una plataforma digital, ya sea en tu sitio web, en las redes sociales o a través del correo electrónico. Por otro lado el inbound marketing es una metodología de negocio que permite atraer clientes con contenido valioso y experiencias personalizadas. Hemos diseñado un curso de certificación para ayudarte a alcanzar 4 objetivos principales:

1. Comprender la diferencia entre marketing digital e inbound marketing.
2. Aprender a aplicar la metodología inbound a las estrategias de marketing digital.
3. Adquirir habilidades para atraer clientes con contenido valioso y experiencias personalizadas.
4. Mejorar la efectividad de las estrategias de marketing digital para generar leads calificados y aumentar la conversión.

A quién está destinado:
º Directores de marketing que quieren comprender cómo implementar y dirigir estrategias de inbound marketing para generar leads de calidad y aumentar las conversiones.
º Gerentes de marketing digital que están interesados en aprender cómo el inbound marketing puede complementar y fortalecer sus esfuerzos digitales existentes.
º Especialistas en marketing de contenidos que quieren ampliar sus conocimientos para integrar el inbound marketing en sus estrategias de contenido y atraer a una audiencia más amplia y comprometida.
º Líderes SEM que buscan aprender cómo el inbound marketing puede ayudarles a atraer leads de calidad y mejorar la eficacia de sus campañas de generación de leads.
º Estudiantes interesados en marketing digital que desean obtener una introducción completa al mundo del marketing digital y sus diversas facetas para adquirir conocimientos fundamentales.

Aprenderás lo siguiente:
º Identificar las estrategias y tácticas de marketing digital que mejor se ajustan a tu empresa y a tu clientela.
º Evaluar tu autoridad en SEO e identificar áreas de mejora específicas para que tu sitio web tenga más probabilidades de clasificar.
º Optimizar los elementos de las páginas y reducir la carga de trabajo en el servidor para garantizar el mejor desempeño.
º Crear un plan de promoción que aproveche las ventajas de las tecnologías digitales y de las redes sociales.
º Buenas prácticas para crear anuncios digitales de pago efectivos.
º Cuáles son los elementos de los emails de alto rendimiento y cómo puedes implementarlos en tu empresa.

Información sobre el curso:
- 9 lecciones
- 37 videos
- 11 pruebas
- 5:48 horas",https://cursodex.com/courses/curso-de-marketing-digital-online-en-espanol/,https://cursodex.com/wp-content/uploads/2024/05/Hubspot.jpg,Hubspot,https://cursodex.com/wp-content/uploads/2024/05/Hubspot.jpg,Marketing,Email Marketing|Español,348 minute,,Español; Francés; Japonés; Alemán; Inglés.,,,0,beginner,https://academy.hubspot.com/es/courses/digital-marketing,Hubspot
19446,Herramientas de marketing gratuitas de HubSpot,"Aprende a iniciar, nutrir y gestionar las relaciones con tus leads y clientes usando el CRM y las herramientas de marketing gratuitas de HubSpot.

A quién está destinado:
º Profesionales del marketing
º Líderes de marketing

Aprenderás lo siguiente:
º Configurar tu cuenta y gestionar tus contactos con el CRM de HubSpot
º Captar y nutrir leads con las herramientas gratuitas de HubSpot
º Crear páginas de destino con las herramientas gratuitas de HubSpot

Información sobre el curso:
- 4 lecciones
- 20 videos
- 1 pruebas
- 1:22 horas",https://cursodex.com/courses/herramientas-de-marketing-gratuitas-de-hubspot/,https://cursodex.com/wp-content/uploads/2024/05/Hubspot.jpg,Hubspot,https://cursodex.com/wp-content/uploads/2024/05/Hubspot.jpg,Marketing,Español,82 minute,,Español; Japonés; inglés.,,,0,beginner,https://academy.hubspot.com/es/courses/hubspot-free-tools,Hubspot
19450,La importancia de la segmentación y la gestión de contactos en el email marketing,"¡Asegúrate de que tus correos electrónicos siempre lleguen a las personas adecuadas!
La segmentación y la gestión de contactos desempeñan roles clave en la eficacia de tu marketing por correo electrónico. En esta lección, aprenderás a evaluar y crear segmentos adecuados para tu negocio mientras abordas la gestión de contactos de manera sostenible.

Información sobre la lección:
- 3 videos
- 26 minutos",https://cursodex.com/courses/la-importancia-de-la-segmentacion-y-la-gestion-de-contactos-en-el-email-marketing/,https://cursodex.com/wp-content/uploads/2024/05/Hubspot.jpg,Hubspot,https://cursodex.com/wp-content/uploads/2024/05/Hubspot.jpg,Marketing,Email Marketing|Español,26 minute,,Español; Alemán; Inglés.,,,0,beginner,https://academy.hubspot.com/es/lessons/the-importance-of-segmentation-and-contact-management,Hubspot
19452,Diseñar una estrategia de distribución de contenido,"Descubre cómo determinar cuáles son los mejores canales de distribución de contenido para llegar a tu audiencia objetivo.
La distribución juega un papel fundamental en el éxito de tu contenido, y en esta lección, explicaremos cómo evaluar las estrategias más efectivas, establecer un objetivo, encontrar dónde consume contenido tu audiencia objetivo y cómo probar nuevos canales de distribución.

Información sobre la lección:
- 4 videos
- 42 minutos",https://cursodex.com/courses/disenar-una-estrategia-de-distribucion-de-contenido/,https://cursodex.com/wp-content/uploads/2024/05/Hubspot.jpg,Hubspot,https://cursodex.com/wp-content/uploads/2024/05/Hubspot.jpg,Marketing,Español|Marketing De Contenidos,42 minute,,Español; Alemán; Inglés.,,,0,beginner,https://academy.hubspot.com/es/lessons/developing-a-content-distribution-strategy,Hubspot
19455,Investigación de palabras clave para el SEO,"Aprende cómo hacer una investigación de palabras clave para el SEO.
En esta clase, conocerás el propósito de la investigación de palabras clave y aprenderás cómo puede informar tu estrategia de contenido. Seguirás un proceso paso a paso para hacer una investigación de palabras clave para tu sitio web, y sabrás cómo el tener una estrategia de contenido basada en conjuntos de temas puede beneficiar a tu SEO.

Información sobre la lección:
- 3 videos
- 32 minutos",https://cursodex.com/courses/investigacion-de-palabras-clave-para-el-seo/,https://cursodex.com/wp-content/uploads/2024/05/Hubspot.jpg,Hubspot,https://cursodex.com/wp-content/uploads/2024/05/Hubspot.jpg,Marketing,Español|Marketing De Contenidos,32 minute,,Español; Inglés.,,,0,beginner,https://academy.hubspot.com/es/lessons/seo-keyword-research,Hubspot
19458,Crear contenido de blog que tu audiencia quiera leer y compartir,"Crear contenido estructurado que cuente una historia es un elemento esencial del contenido de un blog. Esta lección te enseñará cómo empezar a crear contenidos de blog atractivos sobre temas de interés para tu audiencia.
Crear contenido de blog que el público realmente quiera leer y compartir no es tan fácil como parece. En esta lección, aprenderás por qué es importante la estructura de una publicación de blog, cómo elegir un tema y un título y cómo estructurar el artículo. Además, recibirás algunos consejos de redacción eficaces.

Información sobre la lección:
- 6 videos
- 56 minutos",https://cursodex.com/courses/crear-contenido-de-blog-que-tu-audiencia-quiera-leer-y-compartir/,https://cursodex.com/wp-content/uploads/2024/05/Hubspot.jpg,Hubspot,https://cursodex.com/wp-content/uploads/2024/05/Hubspot.jpg,Marketing,Español|Marketing De Contenidos,56 minute,,Español; Japonés; Alemán; Inglés.,,,0,beginner,https://academy.hubspot.com/es/lessons/creating-blog-content,Hubspot
19461,Cómo aplicar una estrategia de marketing orientado al cliente,"Ayuda a tus clientes y promotores con una estrategia de inbound marketing diseñada para ellos.
Hoy en día, el comprador manda. Por eso, tienes que hacerte a la idea de que justamente tus clientes son tu principal canal de marketing y que su éxito es el mejor factor de predicción de tu crecimiento.  Estos te ayudarán a demostrar el valor de tu marca. Descubre cómo escuchar mejor a tus clientes, atender sus necesidades y hacer seguimiento.

Información sobre la lección:
- 3 videos
- 25 minutos",https://cursodex.com/courses/como-aplicar-una-estrategia-de-marketing-orientado-al-cliente/,https://cursodex.com/wp-content/uploads/2024/05/Hubspot.jpg,Hubspot,https://cursodex.com/wp-content/uploads/2024/05/Hubspot.jpg,Marketing,Español|Marketing De Contenidos,25 minute,,Español; japonés; Francés; Portugués; Inglés.,,,0,beginner,https://academy.hubspot.com/es/lessons/applying-a-customer-marketing-approach,Hubspot
19463,Aspectos básicos de la promoción en las redes sociales,"Sienta las bases para tu estrategia de promoción en redes sociales.
Desarrollar una estrategia sólida para las redes sociales es clave para atraer clientes y promocionar tu empresa. Tus clientes y prospectos usan las redes sociales y quizá hasta lo hagan para decir cosas positivas o negativas de tu empresa y tus productos. Crear un plan de promoción que aproveche las ventajas de las tecnologías digitales y las redes sociales te ayudará a estructurar la conversación, generar lealtad y atraer a nuevos clientes y socios.

Información sobre la lección:
- 6 videos
- 1:00 horas",https://cursodex.com/courses/aspectos-basicos-de-la-promocion-en-las-redes-sociales/,https://cursodex.com/wp-content/uploads/2024/05/Hubspot.jpg,Hubspot,https://cursodex.com/wp-content/uploads/2024/05/Hubspot.jpg,Marketing,Español|Marketing De Contenidos,1 hour,,Español; japonés; Francés; Portugués; Inglés.,,,0,beginner,https://academy.hubspot.com/es/lessons/understanding-social-media-promotion,Hubspot
19465,Reutilizar tu contenido para aprovecharlo al máximo,"Aprende a modificar el formato del contenido que ya tienes creado para reutilizarlo y aprovecharlo al máximo.
Los marketers más astutos buscan generar más contenido en menos tiempo y más eficazmente. La reutilización de contenido es una excelente manera de reciclarlo en diferentes formatos para ofrecer un nuevo valor y significado. En esta lección, te ofrecemos un proceso paso a paso para reutilizar contenido según los recursos y las necesidades de tu empresa.

Información sobre la lección:
- 4 videos
- 41 minutos",https://cursodex.com/courses/reutilizar-tu-contenido-para-aprovecharlo-al-maximo/,https://cursodex.com/wp-content/uploads/2024/05/Hubspot.jpg,Hubspot,https://cursodex.com/wp-content/uploads/2024/05/Hubspot.jpg,Marketing,Español|Marketing De Contenidos,41 minute,,Español; Alemán; Inglés.,,,0,beginner,https://academy.hubspot.com/es/lessons/extending-the-value-of-your-content-through-repurposing,Hubspot
19468,Cómo diseñar un modelo de creación de contenido,"Un proceso bien definido permite que tus esfuerzos de creación de contenido sean fluidos y constantes. En esta lección, aprenderás a diseñar un modelo de creación de contenido para tu empresa. Para crear contenido extraordinario, necesitas implementar un proceso que vaya más allá de su redacción y publicación. Primero, debes poder identificar campañas, establecer plazos y revisar y editar los materiales antes de lanzarlos. Al finalizar estos videos, sabrás cómo hacerlo.
Un proceso bien definido permite que tus esfuerzos de creación de contenido sean fluidos y constantes. En esta lección, aprenderás a diseñar un modelo de creación de contenido para tu empresa. Para crear contenido extraordinario, necesitas implementar un proceso que vaya más allá de su redacción y publicación. Primero, debes poder identificar campañas, establecer plazos y revisar y editar los materiales antes de lanzarlos. Al finalizar estos videos, sabrás cómo hacerlo.

Información sobre la lección:
- 3 videos
- 38 minutos",https://cursodex.com/courses/como-disenar-un-modelo-de-creacion-de-contenido/,https://cursodex.com/wp-content/uploads/2024/05/Hubspot.jpg,Hubspot,https://cursodex.com/wp-content/uploads/2024/05/Hubspot.jpg,Marketing,Español|Marketing De Contenidos,38 minute,,Español; Japonés; Alemán; Inglés.,,,0,beginner,https://academy.hubspot.com/es/lessons/building-a-content-creation-framework,Hubspot
19471,Cómo mejorar el email marketing mediante pruebas,"Haz pruebas para optimizar tu estrategia de email marketing.
Para mejorar una estrategia de email marketing hay que hacer pruebas, y si quieres aumentar la calidad y eficacia, las pruebas A/B son fundamentales. En esta clase, descubrirás cómo hacer pruebas con correos electrónicos para optimizar tu estrategia.

Información sobre la lección:
- 3 videos
- 21 minutos",https://cursodex.com/courses/como-mejorar-el-email-marketing-mediante-pruebas/,https://cursodex.com/wp-content/uploads/2024/05/Hubspot.jpg,Hubspot,https://cursodex.com/wp-content/uploads/2024/05/Hubspot.jpg,Marketing,Email Marketing|Español,21 minute,,Español: Alemán; Inglés.,,,0,beginner,https://academy.hubspot.com/es/lessons/improving-your-email-marketing-through-testing,Hubspot
19473,Cómo analizar tus correos de marketing,"Aprende a tomar decisiones basadas en datos en tu email marketing.
Todos están buscando formas de involucrar a sus clientes a través de estrategias de marketing, pero no aprovechar los datos en tu estrategia de marketing por correo electrónico es una fórmula para conflictos innecesarios. En esta lección, conoce las métricas de correo electrónico que importan y cómo interactuar con la analítica de correo electrónico para tomar decisiones basadas en datos.

Información sobre la lección:
- 4 videos
- 23 minutos",https://cursodex.com/courses/como-analizar-tus-correos-de-marketing/,https://cursodex.com/wp-content/uploads/2024/05/Hubspot.jpg,Hubspot,https://cursodex.com/wp-content/uploads/2024/05/Hubspot.jpg,Marketing,Email Marketing|Español,23 minute,,Español; Alemán; Inglés.,,,0,beginner,https://academy.hubspot.com/es/lessons/analyzing-your-marketing-emails-2023,Hubspot
19475,Cómo conseguir que tu audiencia pase a la acción en el email marketing,"Descubre cómo crear correos electrónicos que lleven a tu audiencia a realizar las acciones que deseas.
El objetivo de los correos de marketing es animar a la audiencia a realizar alguna acción. Esto puede ser difícil de conseguir si no utilizas las CTA adecuadas o no se optimiza correctamente la la hora de envío. En esta lección, aprenderás a crear y enviar correos electrónicos que inviten a tus prospectos, leads y clientes a interactuar con tu contenido.

Información sobre la lección:
- 3 videos
- 22 minutos",https://cursodex.com/courses/como-conseguir-que-tu-audiencia-pase-a-la-accion-en-el-email-marketing/,https://cursodex.com/wp-content/uploads/2024/05/Hubspot.jpg,Hubspot,https://cursodex.com/wp-content/uploads/2024/05/Hubspot.jpg,Marketing,Email Marketing|Español,22 minute,,Español; Alemán; Inglés.,,,0,beginner,academy.hubspot.com/es/lessons/getting-your-audience-to-take-action,Hubspot
19477,Cómo aprovechar al máximo el impacto del texto en email marketing,"Aprende a comunicarte con claridad en tu marketing por correo electrónico.
Nadie puede disputar la importancia de la precisión del mensaje en el marketing por correo electrónico, pero puede ser desafiante determinar cómo abordarlo con la máxima intencionalidad. En esta lección, aprende cómo llevar cohesión y claridad a tu redacción en tu marketing por correo electrónico.

Información sobre la lección:
- 4 videos
- 31 minutos",https://cursodex.com/courses/como-aprovechar-al-maximo-el-impacto-del-texto-en-email-marketing/,https://cursodex.com/wp-content/uploads/2024/05/Hubspot.jpg,Hubspot,https://cursodex.com/wp-content/uploads/2024/05/Hubspot.jpg,Marketing,Email Marketing|Español,31 minute,,Español; Alemán; Inglés.,,,0,beginner,https://academy.hubspot.com/es/lessons/maximizing-the-impact-of-copy,Hubspot
19479,Aspectos básicos de la estrategia de email marketing,"Descubre los elementos básicos para desarrollar una estrategia de email marketing eficaz.
El email marketing es esencial para cualquier profesional del inbound marketing, pero ¿cuáles son los fundamentos de una estrategia de éxito? En esta lección, aprenderás a crear una estrategia de email marketing que se adapte a las necesidades de tu empresa.

Información sobre la lección:
- 3 videos
- 22 minutos",https://cursodex.com/courses/aspectos-basicos-de-la-estrategia-de-email-marketing/,https://cursodex.com/wp-content/uploads/2024/05/Hubspot.jpg,Hubspot,https://cursodex.com/wp-content/uploads/2024/05/Hubspot.jpg,Marketing,Email Marketing|Español,22 minute,,Español; Alemán; Inglés.,,,0,beginner,https://academy.hubspot.com/es/lessons/email-marketing-strategy-fundamentals,Hubspot
19481,Introducción a la publicidad en redes sociales,"Aprende a publicitar tu marca en distintas plataformas de redes sociales.
Hay muchas opciones disponibles a la hora de hacer publicidad en las redes sociales. En esta clase, descubrirás qué puedes hacer en diferentes plataformas, como Facebook, Instagram, LinkedIn, Twitter, Pinterest, YouTube, Snapchat y TikTok. Además, conocerás las buenas prácticas para crear anuncios digitales extraordinarios y verás ejemplos de algunas publicidades que funcionaron muy bien en las redes sociales.

Información sobre la lección:
- 3 videos
- 27 minutos",https://cursodex.com/courses/introduccion-a-la-publicidad-en-redes-sociales/,https://cursodex.com/wp-content/uploads/2024/05/Hubspot.jpg,Hubspot,https://cursodex.com/wp-content/uploads/2024/05/Hubspot.jpg,Marketing,Español|Redes Sociales,27 minute,,Español; Alemán; Japonés; Francés; Inglés.,,,0,beginner,academy.hubspot.com/es/lessons/introduction-to-social-media-advertising,Hubspot
19483,Cómo crear una estrategia de contenido para las redes sociales,"Descubre cómo crear una estrategia de contenido para las redes sociales.
Las redes sociales no sirven de nada sin el contenido que las hace interesantes para quienes las usan. Publicar contenido excepcional puede mejorar significativamente las tasas de interacción y el alcance, y así generar más lealtad hacia tu marca y aumentar las ventas. Es importante conocer los tipos de contenido básicos, los pasos para elaborar un plan estratégico y los factores clave que hacen que tu contenido tenga buenos resultados.

Información sobre la lección:
- 7 videos
- 56 minutos",https://cursodex.com/courses/como-crear-una-estrategia-de-contenido-para-las-redes-sociales/,https://cursodex.com/wp-content/uploads/2024/05/Hubspot.jpg,Hubspot,https://cursodex.com/wp-content/uploads/2024/05/Hubspot.jpg,Marketing,Español|Redes Sociales,56 minute,,Español; Alemán; Francés; Inglés.,,,0,beginner,https://academy.hubspot.com/es/lessons/building-a-content-strategy-for-social-media,Hubspot
19486,Escucha y monitorización en las redes sociales,"Descubre cómo puedes usar las redes sociales y la monitorización para ayudar a tu empresa.
Las redes sociales son más que un simple medio para distribuir tus mensajes; son una herramienta de escucha eficaz de la que todos en la empresa pueden aprender. Es importante entender la diferencia entre la escucha y la monitorización, cómo incluir estos procesos simples en tu rutina, cómo usar la monitorización para obtener inteligencia competitiva y cómo seleccionar la tecnología de redes sociales adecuada para tus necesidades de negocios. NOTA: Si ya miraste videos de la Certificación de Inbound Marketing (después de marzo de 2018), algunas partes de esta clase podrían aparecer como completadas.

Información sobre la lección:
- 4 videos
- 37 minutos",https://cursodex.com/courses/escucha-y-monitorizacion-en-las-redes-sociales/,https://cursodex.com/wp-content/uploads/2024/05/Hubspot.jpg,Hubspot,https://cursodex.com/wp-content/uploads/2024/05/Hubspot.jpg,Marketing,Español|Redes Sociales,37 minute,,Español; Alemán; Japonés; Francés; Inglés.,,,0,beginner,https://academy.hubspot.com/es/lessons/social-media-listening-and-monitoring,Hubspot
19488,Curso de redes sociales gratis para marketing y publicidad en español,"Aprende a desarrollar una estrategia de marketing digital en redes sociales para generar lealtad y atraer nuevos clientes. Para ello, hemos diseñado una certificación que te permitirán alcanzar 5 objetivos principales:

1. Desarrollar una estrategia de marketing digital en redes sociales para aumentar la lealtad y atraer nuevos clientes.
2. Dominar la escucha y moderación en redes, y crear contenido atractivo para fortalecer la marca.
3. Aprender a crear y gestionar publicidad efectiva en redes sociales, incluyendo colaboraciones con influencers.
4. Medir el ROI de las estrategias implementadas y optimizar continuamente las acciones.

Este curso está dirigido a aspirantes a community managers y cualquier persona interesada en el marketing en redes sociales, independientemente de su nivel de experiencia o perfil profesional.

A quién está destinado:
º Especialistas en marketing digital que buscan ampliar sus conocimientos sobre las últimas tendencias y herramientas en redes sociales para mejorar la efectividad de sus estrategias digitales.
º Gerentes de marketing que quieren comprender cómo las redes sociales pueden integrarse de manera efectiva en la estrategia general de marketing de la empresa y cómo medir el retorno de la inversión (ROI) en estas plataformas.
º Community managers que desean mejorar sus habilidades en la gestión de comunidades en línea, la creación de contenido atractivo y el manejo de la interacción con la audiencia en las redes sociales.
º Coordinadores de contenido digital que desean desarrollar estrategias para crear contenido relevante y atractivo específicamente para las redes sociales, así como técnicas para maximizar su alcance y participación.
º Publicistas que quieren entender cómo utilizar las redes sociales como parte de sus campañas publicitarias y cómo optimizar sus anuncios para diferentes plataformas sociales.
º Emprendedores que quieren adquirir habilidades prácticas para promocionar sus productos o servicios de manera efectiva.

Aprenderás lo siguiente:
º Buenas prácticas para crear anuncios digitales.
º Qué puedes hacer en diferentes plataformas, como Facebook, Instagram, LinkedIn, Twitter, Pinterest, YouTube, Snapchat y TikTok.
º Aprovechar el marketing de influencers y cómo motivar a más personas a generar contenido que haga destacar tu marca, productos y servicios de forma positiva.
º Conocer los tipos de contenido básicos.
º Los pasos para elaborar un plan estratégico en redes.
º Los factores clave que hacen que un contenido tenga buenos resultados.

Información sobre el curso:
- 9 lecciones
- 38 videos
- 29 pruebas
- 5:50 horas",https://cursodex.com/courses/curso-de-redes-sociales-gratis-para-marketing-y-publicidad-en-espanol/,https://cursodex.com/wp-content/uploads/2024/05/Hubspot.jpg,Hubspot,https://cursodex.com/wp-content/uploads/2024/05/Hubspot.jpg,Marketing,Español|Redes Sociales,550 minute,,Español; Alemán; Japonés; Francés; Inglés.,,,0,intermediate,https://academy.hubspot.com/es/courses/social-media,Hubspot
19491,Desarrollar una estrategia de redes sociales,"La creación de una estrategia eficaz de redes sociales impulsará el resto de tus esfuerzos de inbound marketing, además de generar brand awareness, fomentar el boca a boca y atraer compradores. En esta lección, aprenderás a elegir la plataforma de redes sociales adecuada para tus esfuerzos de inbound marketing, establecer indicadores clave de rendimiento (KPI), estructurar tu equipo, evaluar las herramientas adecuadas para tu empresa, establecer un presupuesto y conseguir la aprobación del equipo ejecutivo.

Crear un plan de promoción que aproveche las ventajas de las tecnologías digitales y de las redes sociales te ayudará a estructurar las conversaciones, generar lealtad y atraer nuevos clientes y partners. Las redes sociales no deben reemplazar a los demás métodos de promoción inbound como el correo electrónico, los eventos o las relaciones públicas; simplemente son otro conjunto de canales de marketing que puedes aprovechar.

Información sobre la lección:
- 6 videos
- 1:01 horas",https://cursodex.com/courses/desarrollar-una-estrategia-de-redes-sociales/,https://cursodex.com/wp-content/uploads/2024/05/Hubspot.jpg,Hubspot,https://cursodex.com/wp-content/uploads/2024/05/Hubspot.jpg,Marketing|Negocios,Español|Redes Sociales,1 hour,,Español; Portugués; Alemán; Japonés; Francés; Inglés.,,,0,intermediate,https://academy.hubspot.com/es/lessons/developing-a-social-media-strategy,Hubspot
19495,Cómo ampliar tu alcance en las redes sociales,"Descubre las ventajas del contenido generado por otros usuarios e influencers.
Si tu empresa se plantea seriamente expandir su alcance general, es importante buscar formas de que tanto tus influencers como tu clientela comuniquen los mensajes de la marca. El equipo de redes sociales debe saber cómo aprovechar el marketing de influencers y cómo motivar a más personas a generar contenido que haga destacar tu marca, productos y servicios de forma positiva.

Información sobre la lección:
- 5 videos
- 33 minutos",https://cursodex.com/courses/como-ampliar-tu-alcance-en-las-redes-sociales/,https://cursodex.com/wp-content/uploads/2024/05/Hubspot.jpg,Hubspot,https://cursodex.com/wp-content/uploads/2024/05/Hubspot.jpg,Marketing|Negocios,Español|Redes Sociales,33 minute,,Español; Alemán; Francés; Inglés.,,,0,intermediate,https://academy.hubspot.com/es/lessons/extending-your-reach-on-social-media,Hubspot
19509,Digital Analytics & Regression,"This course uses a case study approach to take you through the end to end process of identifying a business objective, designing the model to address it, sourcing the data and ultimately arriving at the insights. When you complete this course, you can apply these methods and principles in a variety of contexts, with big, medium or small data.

About This Course
Data Science is like triathlon. Programming is cycling, by far the biggest investment is required in hardware and software. Running is domain expertise and communication skills and, swimming is mathematics, statistics and modelling. There are competitions in each of these disciplines cycling, running and swimming (and there always will be), but the need for super athletes who can do all 3 is growing. An athlete who is brilliant at one discipline can learn the other two and succeed in triathlon.

No matter your core discipline(s), this course will take you through a short triathlon. You will define a business problem, establish the data required to solve it, you will write scripts in R programming language to build a model to give you insights and you will learn to present your findings in a business format to a business audience.

Requirements
Students will benefit from having a basic understanding of Statistics. Students with a basic knowledge of how Search Engines work may have a better appreciation for the case study context however, this is not a requirement.",https://cursodex.com/courses/digital-analytics-regression/,https://cursodex.com/wp-content/uploads/2024/06/cognitive-ibm.png,cognitive ibm,https://cursodex.com/wp-content/uploads/2024/06/cognitive-ibm.png,Computación y Software,Ciencia de Datos,6 hour,,English,,,0,beginner,https://cognitiveclass.ai/courses/digital-analytics-regression,IBM
19511,Introduction to Quantum Computing,"This course introduces you to the strange world of quantum computing. You’ll learn about quantum concepts including superposition, entanglement, and uncertainty. You’ll also perform “labs” to get a first-hand look at these concepts. At the end, there’s a quiz to test your knowledge.

Course Syllabus
The Hall of Wonders
The Superposition Lab
The Entanglement Lab
The Uncertainty Lab
Return to the Hall of Wonders
Show what you know!
Recommended skills prior to taking this course
This is a course for beginners. You do not need any special skills to succeed with this course.

Grading scheme
The minimum passing mark for the course is 80%, the final exam is worth 100% of the course mark.
You have 1 attempt to take the exam with multiple attempts per question",https://cursodex.com/courses/introduction-to-quantum-computing/,https://cursodex.com/wp-content/uploads/2024/06/cognitive-ibm.png,cognitive ibm,https://cursodex.com/wp-content/uploads/2024/06/cognitive-ibm.png,Computación y Software,Computación Cuantica,6 hour,,English,,,0,beginner,https://cognitiveclass.ai/courses/introduction-to-quantum-computing,IBM
19513,Mathematical Optimization for Business Problems,"This training provides the necessary fundamentals of mathematical programming and useful tips for good modelling practice in order to construct simple optimization models.

LEARNING OBJECTIVES
In this training, you will explore several aspects of mathematical programing to start learning more about constructing optimization models using IBM Decision Optimization technology, including:
Basic terminology: operations research, mathematical optimization, and mathematical programming
Basic elements of optimization models: data, decision variables, objective functions, and constraints
Different types of solution: feasible, optimal, infeasible, and unbounded
Mathematical programming techniques for optimization: Linear Programming, Integer Programming, Mixed Integer Programming, and Quadratic Programming
Algorithms used for solving continuous linear programming problems: simplex, dual simplex, and barrier
Important mathematical programming concepts: sparsity, uncertainty, periodicity, network structure, convexity, piecewise linear and nonlinear
These concepts are illustrated by concrete examples, including a production problem and different network models.

Syllabus
Module 1 - The Big Picture
What is Operations Research?
What is Optimization?
Optimization Models
Module 2 - Linear Programming
Introduction to Linear Programming
A Production Problem : Part 1 - Writing the model
A Production Problem : Part 2 - Finding a solution
A Production Problem : Part 3 - From feasibility to unboundedness
Algorithms for Solving Linear Programs : Part 1 - The Simplex and Dual Simplex Algorithm
Algorithms for Solving Linear Programs : Part 2 - The Simplex and Barrier methods
Module 3 - Network Models
Introduction to Network Models
The Transportation Problem
The Transshipment Problem
The Assignment Problem
The Shortest Path Problem
Critical Path Analysis
Module 4 - Beyond Simple LP
Nonlinearity and Convexity
Piecewise Linear Programming
Integer Programming
The Branch and Bound Method
Quadratic Programming
Module 5 - Modelling Practice
Modelling in the Real World
The Importance of Sparsity
Tips for Better Models",https://cursodex.com/courses/mathematical-optimization-for-business-problems/,https://cursodex.com/wp-content/uploads/2024/06/cognitive-ibm.png,cognitive ibm,https://cursodex.com/wp-content/uploads/2024/06/cognitive-ibm.png,Computación y Software,Análisis de Datos|Programación,6 hour,,English,,,0,beginner,https://cognitiveclass.ai/courses/mathematical-optimization-for-business-problems,IBM
19515,Kubernetes Operators Advanced,"This course covers Golang operator reconciliation, use of OLM, and use of Scorecard.

Reconciliation
Operators mimic the behavior of core Kubernetes components in many ways, chief among them the process of reconciliation. When a user creates an instance of your operator's type, one or more controllers is responsible for creating that desired state. This course covers the creation of a basic reconcile loop in Golang to create a simple Memcached operator, similar to the Golang operator from the Intermediate course.

Operator Lifecycle Manager (OLM)
OLM is a tool for installing and upgrading operators on a Kubernetes cluster. Operator authors create a Bundle for each version of their operator, which is then published and consumed by OLM. This course covers the creation of a bundle for the simple Memcached operator from above, and then covers the upgrade case by adding a new field, implements migration via conversion webhook, creates a new bundle,  and upgrades the deployed operator in-place.

Scorecard
Scorecard is an Operator-sdk command for scaffolding and running test frameworks on a deployed operator. This course first covers using Scorecard to automatically generate and run a basic verification test suite. Then, it shows how to create your own custom test suite with a non-trivial unit test for the above simple Memcached operator.

Learning Objectives
In this course, you will learn about:
- How reconciliation logic works in Kubernetes controllers
- Constructing your own reconcile loop in a Golang operator
- Getting an introduction to the Operator Lifecycle Manager (OLM) 
- Deploying and managing an operator using OLM
- Using Scorecard to create a test suite for your operator

Course Syllabus
Module 1 - Golang Operator Reconciliation
Overview of Kubernetes controller reconciliation 
Kubernetes' declarative API
Explanation of Memcached operator reconciliation via finite state diagram
Hands-on Lab 
Build a simple Golang operator with Operator SDK
Write reconciliation loop using controller-runtime library
Module 2 - Operator Lifecycle Manager
Overview of Operator Lifecycle Manager (OLM) 
What is OLM?
What is an operator bundle
Hands-on Lab 1 
Install OLM on your cluster
Package a Golang operator with OLM
Deploy it to the cluster using OLM
Hands-on Lab 2 
Update operator with a breaking change
Create a conversion webhook to manage the upgrade
Use OLM to upgrade operator in-place
Module 3 - Testing your operator with Scorecard
Overview of Scorecard, an Operator SDK tool for building test images for a deployed operator
Hands-on Lab 
Build a Scorecard test suite for Memcached operator
Write an integration test for Memcached operator

Course Prerequisites
Basic familiarity with Kubernetes, including using kubectl to create resources on a Kubernetes cluster. You should know how to create, update, and delete Kubernetes resources such as Pods and Services.
Understanding of the basic construction, deployment, and use of operators
Completion of the Intermediate course on Kubernetes operators

The requirements of the hands-on labs are as follows:
Requirements for all hands-on labs 
Operator SDK v1.5.0+ installed
Kubectl v1.17.0+ installed
Admin access to a Kubernetes cluster. Note that the version of Operator Lifecycle Manger currently(8/23/21) on IMB Cloud's Kubernetes Service is incompatible with this tutorial. For running a cluster locally, see the Minikube docs.
Docker v3.2.2+ installed
Access to a Docker image repository such as Docker Hub or quay.io
Golang v1.16.0+ installed
Module 1 Lab requirements 
No additional requirements
Module 2 Lab requirements 
Operator Lifecycle Manager installed on your Kubernetes cluster. The Operator-sdk command operator-sdk olm install will install a compatible version of OLM on your cluster. Note that currently(8/23/21) the version of OLM installed on IBM Cloud IKS clusters is incompatible with this tutorial.
Module 3 Lab requirements 
No additional requirements",https://cursodex.com/courses/kubernetes-operators-advanced/,https://cursodex.com/wp-content/uploads/2024/06/cognitive-ibm.png,cognitive ibm,https://cursodex.com/wp-content/uploads/2024/06/cognitive-ibm.png,Computación y Software,Programación,8 hour,,English,,,0,expert,https://cognitiveclass.ai/courses/kubernetes-operators-advanced,IBM
19517,Fundamentals of Encryption & Quantum-Safe Techniques,"In this short course, learn about encryption, quantum computers, and quantum-safe cryptography to secure your IT infrastructure against emerging threats. Understand types of encryption, key management and consequences when encryption is cracked. Prepare for the quantum era and become ready to safeguard your data with IBM Quantum Safe technology.

Welcome to our comprehensive course on Encryption and Quantum-Safe Cryptography! Understand the threats to your data in the imminent quantum computing revolution.

This course will introduce you to the need for, and widespread use of encryption. It will examine the history of encryption (AKA cryptography), the types of encryption, and most importantly describe encryption keys and key management.

It will then introduce Quantum computers and how they will change the world, for the good and bad, including how they are expected to break today’s encryption. It will explain the current state of, Quantum-safe encryption algorithms and then explain the steps needed, and best practices for organizations to become Quantum-safe.

Course Syllabus
Welcome
Course introduction
About the course
Grading scheme
Module 1: Introduction to encryption
Securing your IT infrastructure against today’s and tomorrow’s computers and criminals
Types of encryption
The history of encryption and IBM's contributions
The consequences when encryption is cracked
Encryption keys and key management
Module quiz
Module 2: The Quantum era and Quantum computers
The Quantum era has officially begun
Quantum computers and their impact on the world
Quantum-safe cryptography/encryption
Get ready for the Quantum era
Module quiz
Module 3: Safeguard your data with Quantum-safe cryptography
The time to start is now
Prepare - Catalog and classify data
Discovery - Build a cryptographic inventory
Transform - Create cryptographic agility
Visibility - Observe and adapt
Module quiz
IBM’s Quantum-safe solution

Course Summary

Final Quiz

General Information
This class contains videos and presentations with full, in-depth speaker notes for every section. There will be a short quiz at the end of each section so you can assess your knowledge prior to going to the next section. At the end there will be a final quiz covering the content in the decks, both the slides and speaker notes, as well as the videos. 

Recommended Skills Prior to Taking this Course
This class is meant for those who are interested in learning more about the need for moving to Quantum-safe cryptography to keep their data safe into the future. A general knowledge of systems and applications is assumed, but the key concepts of encryption and Quantum computers are explained in the class.",https://cursodex.com/courses/fundamentals-of-encryption-quantum-safe-techniques/,https://cursodex.com/wp-content/uploads/2024/06/cognitive-ibm.png,cognitive ibm,https://cursodex.com/wp-content/uploads/2024/06/cognitive-ibm.png,Computación y Software,Ciberseguridad|Computación Cuantica,3 hour,,English,,,0,beginner,https://cognitiveclass.ai/courses/fundamentals-of-encryption-quantum-safe-techniques,IBM
19519,Reactive Architecture: Reactive Microservices,"When we use the term Reactive, we are usually talking about Reactive Microservices. But what is a microservice? And how can we make it Reactive? This course will explore the difference between monoliths and microservices and show the journey to making a system Reactive.

About This Course
When we use the term Reactive, we are usually talking about Reactive Microservices. But what is a microservice? And how can we make it Reactive? This course will explore the difference between monoliths and microservices and show the journey to making a system Reactive.

What will I get after passing this course?
You will receive a completion certificate.
Course Syllabus
The Software Spectrum
An introduction the Monolith to Microservices sprectrum
The bascis of choosing between a Monolith or Microservice software approach
Monoliths
Some Monoliths can be Big Balls of Mud
Characteristics of Monoliths
Advantages and Disadvantages of Monoliths
Microservices
Service Oriented Architecture
Characteristics of Microservices
Responsibilities of Microservices
Advantages and Disadvantages of Microservices
Decomposing a Monolith into Microservices
Principles of Isolation
State, Space, Time and Failure
Monoliths and the Principles of Isolation
Microservices and the Principles of Isolation
Isolation Techniques
Bulkheading
Circuit Breakers
Message Driven Architecture
Autonomy
Gateway Services
General Information
This course is self-paced.
It can be taken at any time.
It can be taken as many times as you wish.
Recommended skills prior to taking this course
Experience in the design of software systems.
Grading scheme
The minimum passing mark for the course is 75%, where the review questions are worth 40%, the case study exercises are worth 30% and the final exam is worth 30% of the course mark.
You have 1 attempt to take the final exam with multiple attempts per question.
Requirements
You should either understand all the concepts or have taken Reactive Architecture: Introduction to Reactive Systems and Reactive Architecture: Domain Driven Design",https://cursodex.com/courses/reactive-architecture-reactive-microservices/,https://cursodex.com/wp-content/uploads/2024/06/cognitive-ibm.png,cognitive ibm,https://cursodex.com/wp-content/uploads/2024/06/cognitive-ibm.png,Computación y Software,Programación,6 hour,,English,,,0,beginner,https://cognitiveclass.ai/courses/reactive-architecture-microservices,IBM
19521,Reinforcement Learning and Deep Learning Essentials,"Reinforcement Learning and Deep Learning are more advanced techniques and areas of Machine Learning. These techniques, centred around multi-layer neural networks, are important drivers behind the evolution of Artificial Intelligence (AI). In just a couple of hours, this course will provide a quick introduction to both Reinforcement Learning and Deep Learning and will even get you to apply these techniques in a hands-on exercise.

By actively engaging with the course content, including video lectures, quizzes, and a hands-on lab, you will develop the skills and confidence necessary to effectively apply your newfound knowledge. 

Course Syllabus
Module 1
Reinforcement Learning
Module 2
Introduction to Deep Learning
Key Concepts in Neural Networks and Training
Module 3
Deep Learning Frameworks in Python
Hands-on Lab: Deep Learning in Python

Recommended Skills Prior to Taking this Course
Basic knowledge of Python programming language.",https://cursodex.com/courses/reinforcement-learning-and-deep-learning-essentials/,https://cursodex.com/wp-content/uploads/2024/06/cognitive-ibm.png,cognitive ibm,https://cursodex.com/wp-content/uploads/2024/06/cognitive-ibm.png,Computación y Software,Ciencia de Datos|Inteligencia Artificial,2 hour,,English,,,0,beginner,https://cognitiveclass.ai/courses/reinforcement-learning-and-deep-learning-essentials,IBM
19523,Reactive Architecture: Building Scalable Systems,"Building Reactive Systems requires a balance between Consistency and Availability. This course will explain why that balance exists. We will discuss the CAP theorem as well as the Laws of Scalability that dictate what is possible to achieve when we build distributed systems. We will also introduce some techniques we can use to strike the right balance. All of this will be grounded in a discussion which starts first in the real world.

What will I get after passing this course?
You will receive a completion certificate.
Course Syllabus
Consistency, Availability, and Scalability
Definitions for Consistency, Availability, and Scalability.
A discussion of the difference between Performance and Scalability.
Consistency in Distributed Systems
An indepth discussion of how physics impacts our ability to provide consistency in a distributed system.
A definition, and discussion, of Eventual Consistency.
A definition, and discussion, of Strong Consistency.
Laws of Scalability
Contention in Distributed Systems.
Amdahl's Law.
Coherency in Distributed Systems./li>
Gunther's Law of Universal Scalability
CAP Theorem
Defining Partition Tolerance.
Discussing the balance between Consistency and Availability.
Sharding
Using Sharding for Consistency.
Explanation of how Sharding works.
Advantages/Disadvantages of Sharding.
Conflict-Free Replicated Data Types (CRDTs)
Using CRDTs for Availability.
Explanation of how CRDTs work.
Advantages/Disadvantages of CRDTs.
Consistency or Availability
How do we decide which one to pick?
General Information
It is self-paced.
It can be taken at any time.
It can be taken as many times as you wish.
Recommended skills prior to taking this course
Experience in the design of software systems.
Grading scheme
The minimum passing mark for the course is 75%, where the review questions are worth 40%, the case study exercises are worth 30% and the final exam is worth 30% of the course mark.
You have 1 attempt to take the final exam with multiple attempts per question.
Requirements
Reactive Architecture: Introduction to Reactive Systems, Reactive Architecture: Domain Driven Design and Reactive Architecture: Reactive Microservices.",https://cursodex.com/courses/reactive-architecture-building-scalable-systems/,https://cursodex.com/wp-content/uploads/2024/06/cognitive-ibm.png,cognitive ibm,https://cursodex.com/wp-content/uploads/2024/06/cognitive-ibm.png,Computación y Software,Programación,6 hour,,English,,,0,intermediate,https://cognitiveclass.ai/courses/reactive-architecture-building-scalable-systems,IBM
19525,Apache Pig 101,"Learn about the two major components of Apache Pig: the first is the language itself, which is called PigLatin, and the second is the runtime environment where PigLatin programs are executed.


Apache Pig was initially developed at Yahoo! to allow people using Hadoop® to focus more on analyzing large data sets and spend less time having to write mapper and reducer programs. Like actual pigs, who eat almost anything, the Pig programming language is designed to handle any kind of data—hence the name!

Get an overview of Pig's data structures supported and how to access data using the LOAD operator.
Learn Pig's relational operators.
Learn Pig's evaluation functions, as well as math and string functions.
COURSE SYLLABUS

Module 1 - Pig data types
Module 2 - Built-in functions used with the LOAD and STORE operators
Module 3 - The difference between storing and dumping a relation
Module 4 - The Pig operators
Module 5 - Pig evaluation functions
GENERAL INFORMATION

This course is self-paced.
It can be taken at any time.
It can be audited as many times as you wish.
RECOMMENDED SKILLS PRIOR TO TAKING THIS COURSE

Basic understanding of Apache Hadoop and Big Data.
Basic Linux Operating System knowledge.
Basic programming skills.",https://cursodex.com/courses/apache-pig-101/,https://cursodex.com/wp-content/uploads/2024/06/cognitive-ibm.png,cognitive ibm,https://cursodex.com/wp-content/uploads/2024/06/cognitive-ibm.png,Computación y Software,Ciencia de Datos|Programación,0 minute,,English,1,,0,beginner,https://cognitiveclass.ai/courses/introduction-to-pig,IBM
19528,"PyTorch: Tensor, Dataset and Data Augmentation","Data preparation plays a crucial role in effectively solving machine learning (ML) problems. PyTorch, a powerful deep learning framework, offers a plethora of tools to make data loading easy. The PyTorch: Tensor, Dataset and Data Augmentation course will provide you with a solid understanding of the basics and core principles of PyTorch, specifically focusing on tensor manipulation, dataset management, and data augmentation techniques.


""PyTorch: Tensor, Dataset and Data Augmentation"" course equips you with the essential skills to handle and transform data efficiently for machine learning tasks. In this course, students will delve into the essential aspects of working with tensors in PyTorch. They will learn how to efficiently manipulate tensors, perform mathematical operations, and leverage tensor-based operations for tasks like data preprocessing and model training. Through a series of lectures and hands-on exercises, you will gain a deep understanding of PyTorch's data loading capabilities,  PyTorch Dataset Object and learn how to preprocess and augment data to maximize model performance.

Syllabus 
Overview of Tensors
Tensors 1D
Two-Dimensional Tensors
Derivatives in PyTorch
Simple Dataset
Dataset and Data Augmentation
Recommended Skills Prior to Taking this Course
Basic knowledge of Python programming language.",https://cursodex.com/courses/pytorch-tensor-dataset-and-data-augmentation/,https://cursodex.com/wp-content/uploads/2024/06/cognitive-ibm.png,cognitive ibm,https://cursodex.com/wp-content/uploads/2024/06/cognitive-ibm.png,Computación y Software,Ciencia de Datos|Inteligencia Artificial|Programación|python,3 hour,,English,,,0,beginner,https://cognitiveclass.ai/courses/pytorch-tensor-dataset-and-data-augmentation,IBM
19530,Kubernetes Operators Intermediate,"This course serves as an introduction to Kubernetes operators. Operators are a design pattern for building and deploying an application onto a Kubernetes cluster such that it can be used in the same manner as core Kubernetes resources. It covers the internal architecture of operators and how they fit into the larger Kubernetes ecosystem, as well as how to build basic operators using Operator-sdk. Operator-sdk is a command line tool for scaffolding operators, generating the code skeleton and Kubernetes yaml needed to deploy the operator.


This course is of interest to anyone who wants to learn how to deploy and manage applications on Kubernetes using a more Kubernetes-native style, such as Kubernetes application devlopers, architects, or operators. It is also of interest to consumers of Kubernetes applications users interested in learning how some of the applications they use work internalally. It features hands-on labs that have you constructing and deploying real operators on a live Kubernetes cluster.

LEARNING OBJECTIVES

In this course you will learn about:

What a Kubernetes operator is
Why you would want to use an operator
The basic internal architecture of an operator
How to build a basic operator using
Golang
Helm
Ansible
COURSE SYLLABUS

Module 1 - Intro to Operators and Building your first Golang operator

Overview of operators
Overview of basic Kubernetes architecture
Architecture of an operator
Hands-on Lab
Build a Golang operator with Operator-sdk

Module 2 - Building your first Helm operator

Overview of Helm operators
Hands-on Lab
Build a Helm operator with Operator-sdk

Module 3 - Building your first Ansible operator

Overview of Ansible operators
Hands-on Lab
Build an Ansible operator with Operator-sdk
REQUIREMENTS

Basic familiarity with Kubernetes (i.e. creating/updating/deleting Kubernetes resources such as Pods and Services)


The labs in this course cover the creation, deployment, and use of operators on a Kubernetes cluster. It assumes you are already familiar with the basics of Kubernetes, such as using kubectl to create resources on a Kubernetes cluster.


The requirements for the hands-on labs are as follows:

Requirements for all hands-on labs
Operator-sdk v1.5.0+ installed
Kubectl v1.17.0+ installed
Admin access to a Kubernetes cluster. The next section covers how to provision a small cluster for free on IBM Cloud if you do not have a one already.
Docker v3.2.2+ installed
Access to a Docker image repository such as Docker Hub or quay.io",https://cursodex.com/courses/kubernetes-operators-intermediate/,https://cursodex.com/wp-content/uploads/2024/06/cognitive-ibm.png,cognitive ibm,https://cursodex.com/wp-content/uploads/2024/06/cognitive-ibm.png,Computación y Software,Programación,7 hour,,English,,,0,intermediate,https://cognitiveclass.ai/courses/kubernetes-operators-intermediate,IBM
19534,Introduction to Cognos Analytics,"IBM Cognos Analytics is designed to help you make confident business decisions informed by real metrics and insights and take the guesswork out of decision making. Take this course and learn about topical subjects of IBM Cognos Analytics, see demos or follow step-by-step instructional videos.

To keep pace with changing market dynamics and make better strategic decisions, you need ready access to up-to-date, high-quality data and analysis. IBM Cognos Analytics is designed to help you make confident business decisions informed by real metrics and insights and take the guesswork out of decision making. Take this course and learn about topical subjects of IBM Cognos Analytics, see demos or follow step-by-step instructional videos.

Course Syllabus
Overview
Module 1
Module 2
Module 3
Module 4
Module 5
Module 6
Module 7

General Information
The course consists of 8 modules, each of them with review questions.
There's no time limit for each review question, and you can have unlimited attempts!
Pass the course with a minimum passing mark of 50%.
If you pass the course the item to claim your completion certificate will be enabled.
Recommended Skills Prior to Taking this Course
Join the Business Analytics community to connect, learn and share with over 10000 users across the IBM Business Analytics Community: https://community.ibm.com/community/user/businessanalytics/communities/community-home?CommunityKey=6b10df83-0b3c-4f92-8b1f-1fd80d0e7e58%E2%80%8B",https://cursodex.com/courses/introduction-to-cognos-analytics/,https://cursodex.com/wp-content/uploads/2024/06/cognitive-ibm.png,cognitive ibm,https://cursodex.com/wp-content/uploads/2024/06/cognitive-ibm.png,Computación y Software,Análisis de Datos|Ciencia de Datos,1 hour,,English,,,0,beginner,https://cognitiveclass.ai/courses/introduction-to-cognos-analytics,IBM
19536,AI Biomedical Applications Workshop,"In three fascinating projects, learn how to create biomedical AI applications and deploy them. First, you'll discover the basics of AI and machine learning using Python and Scikit-Learn, building a model to detect Parkinson's disease from voice patterns. Next, you'll dive into deploying a Parkinson's detection app using Docker and Kubernetes, no prior knowledge is needed. Finally, using PyTorch and computer vision techniques, you'll develop an algorithm that identifies metastatic cancer from digital pathology scans. By the end, you'll have the skills to tackle real-world biomedical problems.

This course covers machine learning in the biomedical field through three projects. You will learn how to build and deploy AI models, including detecting Parkinson's Disease and identifying metastatic cancer. By the end, you'll be equipped with practical skills to apply machine learning to real-world problems and contribute to healthcare innovation.Part 1. parkinson detection; Part 2. deploy the docker container of the parkinson app; Part 3. cancer detection with pytorch.
Course Syllabus
Part 1: Using Machine Learning to Analyze Voice Disorders for Parkinson's Disease Detection
Introduction to machine learning and its applications in Biomedicine
Understanding voice disorders and Parkinson's disease
Implementing different machine learning algorithms such as decision trees and support vector machines
Conducting grid search to optimize model parameters
Visualizing the models for interpretation and feature identification
Building a machine learning model that can accurately predict Parkinson's disease based on voice recordings
Part 2: Deploying AI Application on IBM Code Engine
Introduction to IBM Code Engine and its features
Understanding serverless platforms and their advantages
A step-by-step guide to deploying the AI application on IBM Cloud using IBM Code Engine
Using Parkinson's detection model as an example
Creating a Docker container image with Kubernetes for app deployment
Part 3: Cancer Detection with PyTorch
Introduction to the convolutional neural network and transfer learning
Understanding pre-trained CNNs
Dataset preparation for PCAM images
Training and testing the model
Improving model performance using transfer learning
Overall, this course will provide an in-depth understanding of machine learning applications in biomedicine, from detecting Parkinson's disease to identifying metastatic cancer. By the end of the course, students will have the skills to build and deploy AI models and contribute to healthcare innovation.",https://cursodex.com/courses/ai-biomedical-applications-workshop/,https://cursodex.com/wp-content/uploads/2024/06/cognitive-ibm.png,cognitive ibm,https://cursodex.com/wp-content/uploads/2024/06/cognitive-ibm.png,Computación y Software,Análisis de Datos|Biomédicina|Ciencia de Datos|Inteligencia Artificial,4 hour,,English,,,0,intermediate,https://cognitiveclass.ai/courses/ai-biomedical-applications-workshop,IBM
19538,Build a Neural Network with PyTorch,"In this course, you will be focusing on how PyTorch creates and Neural Network optimizes models. We will quickly iterate through different aspects of PyTorch Neural Networks, giving you strong foundations and all the prerequisites you need to build deep learning models. Designed for students and professionals interested in machine learning and deep learning, this course offers a comprehensive understanding of the theory and practical applications of building and deploying neural networks. Note, this course is a part of a PyTorch Learning Path, check Prerequisites section.

In this course, participants will dive into the fundamentals of neural networks and gain hands-on experience with PyTorch, one of the most popular frameworks for deep learning. Through a series of interactive lectures, coding exercises, and projects, students will develop a solid foundation in building and training neural networks. Throughout the course, participants will have the opportunity to apply their knowledge through hands-on coding exercises. By the end of the course, students will have the skills and confidence to build, train, and deploy neural networks using PyTorch, enabling them to tackle real-world machine learning challenges and contribute to the advancement of AI applications.

Syllabus
Module 1 - Neural Networks
Introduction to Networks
Network Shape: Depth vs Width
Back Propagation
Activation Functions
Module 2- Deep Networks
Dropout
Initialization
Batch Normalization
Other Optimization Methods
Prerequisites
Note: this course is a part of the PyTorch Learning Path requires the completion of the following courses:
PyTorch: Tensor, Dataset and Data Augmentation
Linear Regression with PyTorch
Classification with PyTorch
Alternatively, the student must have a good understanding of PyTorch Tensors and DataSets, linear regression, and classification.

Skills Prior to Taking this Course
Basic knowledge of the Python programming language",https://cursodex.com/courses/build-a-neural-network-with-pytorch/,https://cursodex.com/wp-content/uploads/2024/06/cognitive-ibm.png,cognitive ibm,https://cursodex.com/wp-content/uploads/2024/06/cognitive-ibm.png,Computación y Software,Ciencia de Datos|Inteligencia Artificial|Programación|python,7 hour,,English,,,0,beginner,https://cognitiveclass.ai/courses/build-a-neural-network-with-pytorch,IBM
19542,Solr 101,"Learn the basics of Solr (pronounced ""solar""), an open source enterprise search platform, written in Java, from the Apache Lucene project.

Solr is a standalone full-text search server that uses the Lucene Java search library at its core for full-text indexing and search, and has REST-like HTTP/XML and JSON APIs that make it usable from most popular programming languages.

Learn about Solr's major features, including full-text search, hit highlighting, faceted search, real-time indexing, dynamic clustering, database integration, NoSQL features and rich document (e.g., Word, PDF) handling.
Learn how Solr is highly scalable and fault tolerant in providing distributed search and index replication.
Learn why Solr is the most popular enterprise search engine.
COURSE SYLLABUS
Module 1 - Search Engines
Understand the importance of text search engines
Understand the Solr search procedure
Identify Solr components
Module 2 - Configure and Add Documents to Solr
Identifying the important files in a Solr installation
Define the schema for documents in the index
Understand the various ways to add documents to Solr
Module 3 - Analyzers and Queries
Use analyzers, tokenizers, and filters
Construct queries
Module 4 - SolrJ and Customization
Create SolrJ applications
Understand the customization options available in Solr
GENERAL INFORMATION
This course is self-paced.
It can be taken at any time.
It can be audited as many times as you wish.
Labs can be performed on the Cloud, or using a 64-bit system. If using a 64-bit system, you can install the required software (Linux-only), or use the supplied VMWare image. More details are provided in the section ""Labs setup"".
RECOMMENDED SKILLS PRIOR TO TAKING THIS COURSE
Basic knowledge of operating systems (UNIX/Linux).
Basic understanding of SQL and Java would be helpful.",https://cursodex.com/courses/solr-101/,https://cursodex.com/wp-content/uploads/2024/06/cognitive-ibm.png,cognitive ibm,https://cursodex.com/wp-content/uploads/2024/06/cognitive-ibm.png,Computación y Software,Big Data|Ciencia de Datos,3 hour,,English,,,0,beginner,https://cognitiveclass.ai/courses/solr,IBM
19544,Developing Distributed Applications Using ZooKeeper,"ZooKeeper is a coordination service that provides sets of tools to help manage distributed applications. Building distributed applications comes with challenges that are intrinsic to distributed applications itself, which includes maintaining configuration information, groups, naming, and synchronization.

ZooKeeper allows developers to handle these challenges to create robust distributed applications. ZooKeeper comes with a set of guarantees: sequential consistency, atomicity, single system image, reliability, and timeliness. This course will help you learn how to use ZooKeeper to keep your Big Data applications running smoothly despite the challenges of operating in a complex distributed environment.

What will I get after passing this course?
You will receive a completion certificate.
This course is a component required to receive the IBM Explorer - Big Data Administration badge (upon completion of all badge criteria).
COURSE SYLLABUS
Lesson 1 - Introduction to ZooKeeper

Describe distributed systems and the purpose of Zookeeper
Describe the ZooKeeper consistency guarantees
Describe the basics of Zookeeper components
Describe the application of Zookeeper in Hadoop ecosystem and usage in other real-world scenarios.
Lesson 2 - The ZooKeeper Data Model

Understand ZooKeeper Components in detail
Use ZooKeeper CLI to run commands and interact with ZooKeeper service
Lesson 3 - Programming and Advanced Topics

Manage ZooKeeper’s ACL and authentication to control permissions to the znodes
Handle the various failure modes of ZooKeeper
List the various ZooKeeper bindings and API
Use the Java API to create a ZooKeeper application
Use various ZooKeeper clients to work with ZooKeeper
Understand how ZooKeeper works with ZooKeeper Atomic Broadcast (zab)
Maintain your ZooKeeper environment with ZooKeeper administration
GENERAL INFORMATION
This course is self-paced.
It can be taken at any time.
It can be taken as many times as you wish.
Requirements
Hadoop Foundations I

Recommended skills prior to taking this course
Basic knowledge of operating systems (UNIX/Linux)
Know how to work with the Eclipse IDE",https://cursodex.com/courses/developing-distributed-applications-using-zookeeper/,https://cursodex.com/wp-content/uploads/2024/06/cognitive-ibm.png,cognitive ibm,https://cursodex.com/wp-content/uploads/2024/06/cognitive-ibm.png,Computación y Software,Big Data|Ciencia de Datos,4 hour,,English,,,0,beginner,https://cognitiveclass.ai/courses/developing-distributed-applications-using-zookeeper,IBM
19546,Classification Methods: Problems and Solutions,"This hands-on course will introduce you to the captivating world of classification, where data becomes organized, patterns emerge, and insights are uncovered! By understanding the power of classification, you will be able to predict outcomes based on existing data. You will learn the essential techniques for classifying data into distinct categories using Python libraries including scikit-learn and seaborn. Through practical labs and exercises, you will excel in solving real-world problems, making data-driven decisions, and unlocking valuable insights from data.

Welcome to the world of classification, one of the main types of modelling families in supervised Machine Learning! Through a series of engaging labs, you will delve into the entire classification process, starting from preprocessing your data to training and evaluating models. Additionally, you will learn how to effectively visualize and interpret the results and to handle data sets with unbalanced classes.
 
Classification serves as a critical foundation in data analysis, from categorizing data into their respective classes to training and fine-tuning generative LLMs that can generate new and meaningful content. In this course, different types of classification methods will be covered, showcasing which one is most suitable for a particular use case. 

By the end of this course, you should be able to:
Differentiate between the uses and applications of classification and classification ensembles.
Utilize logistic regression, KNN, and SVM models. 
Use decision tree and tree-ensemble models.
Demonstrate proficiency in other ensemble methods for classification.
Implement a variety of error metrics to compare the efficiency of various classification models to choose the one that suits your data the best.
Employ oversampling and undersampling techniques to handle unbalanced classes in a dataset.

IBM has a special offer for watsonx.ai, a studio for new foundation models, generative AI, and machine learning. To take advantage of this offer, visit the watsonx.ai.

Enrol now and don't miss the chance to be at the forefront of AI innovation.

Who Should Take this Course
This course targets aspiring data scientists interested in acquiring hands-on experience with Supervised Machine Learning Classification techniques in a business setting.

Recommended Skills Prior to Taking this Course
To get the most out of this course, you should have familiarity with programming in a Python development environment, as well as a fundamental understanding of Data Cleaning, Exploratory Data Analysis, Calculus, Linear Algebra, Probability, and Statistics.",https://cursodex.com/courses/classification-methods-problems-and-solutions/,https://cursodex.com/wp-content/uploads/2024/06/cognitive-ibm.png,cognitive ibm,https://cursodex.com/wp-content/uploads/2024/06/cognitive-ibm.png,Computación y Software,Ciencia de Datos|Inteligencia Artificial|python,6 hour,,English,,,0,beginner,https://cognitiveclass.ai/courses/classification-methods-problems-and-solutions,IBM
19548,Linear Regression with PyTorch,"Linear regression is one of the most used technique for prediction. This course will give you a comprehensive understanding of linear regression modelling using the PyTorch framework. Equipped with these skills, you will be prepared to tackle real-world regression problems and utilize PyTorch effectively for predictive analysis tasks. It focuses specifically on the implementation and practical application of linear regression algorithms for predictive analysis. Note, this course is a part of a PyTorch Learning Path, find more in the Prerequisites Section.

Throughout the course, students will learn the fundamental concepts and techniques of linear regression. They will gain proficiency in constructing and training linear regression models using PyTorch, utilizing both single and multiple independent variables to predict continuous target variables. Using PyTorch, students will implement linear regression models and train them using gradient descent optimization algorithms. They will gain hands-on experience in adjusting model parameters, evaluating model performance, and making predictions on unseen data.

Course Syllabus
In this course we will learn about:

Module 1:
Linear Classifier and Logistic Regression
Linear Regression Training
Gradient Descent and Cost
PyTorch Slope
Linear Regression Training

Module 2:
Stochastic Gradient Descent and the Data Loader
Mini-Batch Descent
Optimization in PyTorch
Training, Validation and Test Split
Multiple Linear Regression Prediction
 Multiple Output Linear Regression

Prerequisites

Note: this course is a part of PyTorch Learning Path and the following is required 
Completion of PyTorch: Tensor, Dataset and Data Augmentation course
or 

Good understanding of PyTorch Tensors and DataSets

Skills Prior to Taking this Course
Basic knowledge of Python programming language.
Basic knowledge of PyTorch Framework",https://cursodex.com/courses/linear-regression-with-pytorch/,https://cursodex.com/wp-content/uploads/2024/06/cognitive-ibm.png,cognitive ibm,https://cursodex.com/wp-content/uploads/2024/06/cognitive-ibm.png,Computación y Software,Análisis de Datos|Ciencia de Datos|Inteligencia Artificial|Programación,7 hour,,English,,,0,beginner,https://cognitiveclass.ai/courses/linear-regression-with-pytorch,IBM
19550,Generative Adversarial Networks and Reinforcement Learning,"Generative adversarial networks (GANs) and Reinforcement Learning (RL) are highly sought-after skills in the job market. Companies across various industries are looking for professionals who can harness the potential of these technologies to drive innovation and solve complex problems. Discover why GANs are hailed as a game-changers, offering the ability to generate life-like content and revolutionize fields like art, medicine, and more. Learn why RL is the cornerstone of AI breakthroughs, from autonomous driving to game-playing AI.

By mastering GANs and RL, you'll become a valuable asset in today's AI-driven world. Learn about Generative Adversarial Networks, enabling the creation of realistic artificial data and images and explore Reinforcement Learning to teach AI agents how to learn and adapt in diverse environments. Whether you're an artist, designer, or content creator, you can use GANs to generate unique artwork, music, and more. Imagine creating entirely new art styles or generating stunning visuals for your projects – the possibilities are endless. Using Rl, you can build AI agents that learn from their environment, enabling them to excel in complex tasks like mastering games, optimizing resource allocation, and even providing personalized recommendations.

 IBM has a special offer for watsonx.ai a studio for new foundation models, generative AI and machine learning. To take advantage of this offer visit watsonx.ai homepage. 

Enroll and don't miss the chance to be at the forefront of AI innovation.

Recommended Skills Prior to Taking this Course
A good understanding of Keras, Linear Regression and Classification and Neural Networks Principles in addition to Python programming language.  ",https://cursodex.com/courses/generative-adversarial-networks-and-reinforcement-learning/,https://cursodex.com/wp-content/uploads/2024/06/cognitive-ibm.png,cognitive ibm,https://cursodex.com/wp-content/uploads/2024/06/cognitive-ibm.png,Computación y Software,Ciencia de Datos|Inteligencia Artificial,3 hour,,English,,,0,intermediate,https://cognitiveclass.ai/courses/generative-adversarial-networks-and-reinforcement-learning,IBM
19552,Classification with PyTorch,"Designed for students and enthusiasts, this course equips you with the knowledge and practical skills to build powerful and accurate classification models using PyTorch. It offers a hands-on learning experience, allowing you to apply your knowledge through coding exercises and lessons so by the end of the course, you will possess the skills to build, train, and evaluate classification models using PyTorch. ""Classification with PyTorch"" is a part of a PyTorch Learning Path, check Prerequisites.


Throughout the course, students will learn how to construct linear models and implement logistic regression algorithms using PyTorch. They will gain proficiency in making predictions using logistic regression models and understanding the underlying probabilistic interpretation. Students will also delve into Bernoulli distribution maximum likelihood estimation and logistic regression cross-entropy, enabling them to effectively estimate model parameters and optimize them for classification tasks. Furthermore, the course covers the application of the softmax function for multiclass classification, providing students with the necessary knowledge to perform accurate and reliable multiclass classification using PyTorch.

Syllabus 
In this course we will learn about:
Linear Classifier and Logistic Regression
Logistic Regression Prediction
Bernoulli Distribution Maximum Likelihood Estimation
Logistic Regression Cross Entropy
Softmax Function
Softmax PyTorch

Prerequisites

Note: this course is a part of PyTorch Learning Path and the following is required :

Completion of PyTorch: Tensor, Dataset and Data Augmentation course
Completion of Linear Regression with PyTorch course

or 

Good understanding of PyTorch Tensors, DataSets and Linear Regression

Skills Prior to Taking this Course
Basic knowledge of Python programming language.
Basic knowledge of PyTorch Framework
Familiarity with fundamental concepts of machine learning and deep learning is beneficial but not mandatory.",https://cursodex.com/courses/classification-with-pytorch/,https://cursodex.com/wp-content/uploads/2024/06/cognitive-ibm.png,cognitive ibm,https://cursodex.com/wp-content/uploads/2024/06/cognitive-ibm.png,Computación y Software,Ciencia de Datos|Inteligencia Artificial|Programación|python,4 hour,,English,,,0,beginner,https://cognitiveclass.ai/courses/classification-with-pytorch,IBM
19554,Serverless Computing using Cloud Functions - Developer I,"This course is designed to teach you serverless computing essentials which include how to develop serverless applications composed of loosely-coupled, microservice-like functions. You will get the opportunity to learn more about serverless programming and deployment models as well as its top use cases and design patterns. Additionally, you will be guided through several labs that demonstrate how to implement essential concepts including how to create, deploy, and invoke cloud-based functions, connect them to event sources for automation and expose them as web-accessible endpoints and APIs.

LEARNING OBJECTIVES

After you complete this course, you will be able to:
 Comprehend how serverless computing works and ways it can be used in cloud applications
 Distinguish use cases and patterns compatible with Serverless
 Create and manage serverless functions using the IBM Cloud Functions platform
 Use packages to organize your functions and create reusable building blocks
 Automate your functions using alarm events
 Expose functions as to the web accessible endpoints and as APIs that return different content types
 Navigate the web user interface to perform similar tasks that mirror CLI commands

Course Syllabus

Module 1 - Serverless essentials
How serverless is simplifying the Ops landscape for developers
 Understand the basic serverless programming model and semantics of IBM Cloud Functions
 Differentiate a Function-as-a-Service (FaaS) from a Container-as-a-Service (CaaS)
 Top use cases for serverless
 How IBM Cloud Functions implements serverless

Module 2 - Create and invoke actions (lab)
Install lab prerequisites
 Create and invoke actions
 Use action parameters
 Retrieve action logs
 Asynchronous actions
 Practice action sequences

Module 3 - Manage actions with packages (lab)
Use packaged actions
 Create your own packages

Module 4 - Connect actions to event sources (lab)
Understand the concepts
 Create triggers
 Practice rules
 Connect trigger feeds

Module 5 - Expose APIs from actions (lab)
Understand the concepts
 Create web-enabled actions
 API management of web actions

Module 6 - Use the Web User Interface (Web UI)
create and invoke an action
 create triggers with implicit rules
 expose web actions
 create an API
 explore the monitoring dashboard


General Information

 It is self-paced.
 It can be taken at any time.


RECOMMENDED SKILLS PRIOR TO TAKING THIS COURSE

Basic understanding of Cloud Computing (the concept).&nbsp; It is also helpful if you know Javascript, but not required",https://cursodex.com/courses/serverless-computing-using-cloud-functions-developer-i/,https://cursodex.com/wp-content/uploads/2024/06/cognitive-ibm.png,cognitive ibm,https://cursodex.com/wp-content/uploads/2024/06/cognitive-ibm.png,Computación y Software,Desarrollo|Programación,4 hour,,English,,,0,intermediate,https://cognitiveclass.ai/courses/serverless-computing-using-cloud-functions-developer-i,IBM
19556,Convolutional Neural Networks with PyTorch,"In this course you will gain practical skills to tackle real-world image analysis and computer vision challenges using PyTorch. Uncover the power of Convolutional Neural Networks (CNNs) and explore the fundamentals of convolution, max pooling, and convolutional networks. Learn to train your models with GPUs and leverage pre-trained networks for transfer learning. . Note, this course is a part of a PyTorch Learning Path, check Prerequisites Section.

Course Syllabus 
Throughout the course, participants will dive deep into key topics and gain hands-on experience to master CNNs. The curriculum covers the following essential areas:
Convolution: Understand the fundamental concept of convolution and its role in extracting meaningful features from images. Explore various filter operations and learn to apply convolutions effectively to uncover valuable patterns.
Max Pooling: Delve into the concept of max pooling, a technique used to downsample feature maps and capture dominant features. Gain proficiency in incorporating max pooling layers within CNN architectures to enhance model performance.
Convolutional Networks: Learn about the architecture and design principles of convolutional networks. Examine the different layers involved, such as convolutional layers, pooling layers, and fully connected layers. Grasp the significance of each layer and its impact on network performance.
Training your Model with a GPU: Discover the advantages of leveraging GPUs for training CNNs. Learn to harness PyTorch's GPU capabilities to accelerate model training, optimize memory usage, and effectively manage GPU resources for enhanced performance.
Pre-trained Networks: Uncover the power of pre-trained networks and transfer learning. Explore pre-trained CNN models like ResNet, VGG, and AlexNet, and gain insights into leveraging their knowledge for efficient solving of image analysis tasks.

Prerequisites
Note: this course is a part of PyTorch Learning Path and the following is required:
Completion of PyTorch: Tensor, Dataset and Data Augmentation course
Completion of Linear Regression with PyTorch course
Completion of Classification with PyTorch course
Completion of Build a Neural Network with PyTorch course
or a good understanding of PyTorch Tensors and DataSets, Linear Regression and Classification, Neural Networks Principles. ",https://cursodex.com/courses/convolutional-neural-networks-with-pytorch/,https://cursodex.com/wp-content/uploads/2024/06/cognitive-ibm.png,cognitive ibm,https://cursodex.com/wp-content/uploads/2024/06/cognitive-ibm.png,Computación y Software,Ciencia de Datos|Inteligencia Artificial|Programación|python,4 hour,,English,,,0,beginner,https://cognitiveclass.ai/courses/convolutional-neural-networks-with-pytorch,IBM
19558,Learn Recurrent Neural Networks Hands-On,"In the real world, data often comes in sequences: text, speech, time-series data, and more. RNNs are the key to understanding and working with these sequential data types. By taking this course, you'll gain the essential knowledge and skills to handle and model sequences effectively. You will discover how RNNs revolutionize natural language processing, time series analysis, and more.

This course is captivating for anyone interested in artificial intelligence, data science, or machine learning. If you've ever been fascinated by machines that can understand and generate human language, RNNs are at the core of these language models. This course will empower you to work on NLP tasks like sentiment analysis, chatbots, and machine translation. Time series data is everywhere, from financial markets to climate patterns. RNNs excel at modeling and forecasting time-dependent data. By taking this course, you'll be equipped to tackle real-world problems in fields like finance or weather forecasting and much more

Enroll and don't miss the chance to be at the forefront of AI innovation.

IBM has a special offer for watsonx.ai a studio for new foundation models, generative AI and machine learning. To take advantage of this offer visit watsonx.ai homepage. 

Course Syllabus
Topics that will be cover in the course
Types of Sequential Data
Recurrent Neural Networks
Long Short-Term Memory
Word Embeddings 

Recommended Skills Prior to Taking this Course
A good understanding of Keras, Linear Regression and Classification and Neural Networks Principles in addition to Python programming language.",https://cursodex.com/courses/learn-recurrent-neural-networks-hands-on/,https://cursodex.com/wp-content/uploads/2024/06/cognitive-ibm.png,cognitive ibm,https://cursodex.com/wp-content/uploads/2024/06/cognitive-ibm.png,Computación y Software,Ciencia de Datos|Inteligencia Artificial|Programación,3 hour,,English,,,0,intermediate,https://cognitiveclass.ai/courses/learn-recurrent-neural-networks-hands-on,IBM
19560,Autoencoders and Regularization - Learn and Implement,"In this course, you'll explore how Autoencoders compress, denoise, and derive valuable features from data. You'll also delve into regularization to curb overfitting and boost model generalizability. Autoencoders play roles in image enhancement, anomaly spotting, recommendation engines, and generative modelling. Meanwhile, regularization is essential in nearly every machine-learning endeavor. This training will equip you to address practical challenges across various applications.

 In today's data-driven world, professionals with expertise in data preprocessing and model optimization are in high demand.  Autoencoders are a powerful tool for data compression and feature extraction. In an era where data is abundant but often noisy or high-dimensional, knowing how to effectively process and represent data is crucial. In addition, overfitting is a common challenge in machine learning. Regularization techniques are your shield against this problem. By learning how to apply regularization effectively, you'll be able to build models that generalize well to new, unseen data.

IBM has a special offer for watsonx.ai a studio for new foundation models, generative AI and machine learning. To take advantage of this offer visit watsonx.ai homepage. 

Enroll and don't miss the chance to be at the forefront of AI innovation. 

Course Syllabus
Topics that will be covered in the course
Regularization
Autoencoders
Variational Autoencoders 
Recommended Skills Prior to Taking this Course
A good understanding of Keras, Linear Regression and Classification and Neural Networks Principles in addition to Python programming language.",https://cursodex.com/courses/autoencoders-and-regularization-learn-and-implement/,https://cursodex.com/wp-content/uploads/2024/06/cognitive-ibm.png,cognitive ibm,https://cursodex.com/wp-content/uploads/2024/06/cognitive-ibm.png,Computación y Software,Ciencia de Datos|Inteligencia Artificial|Programación,3 hour,,English,,,0,intermediate,https://cognitiveclass.ai/courses/autoencoders-and-regularization-learn-and-implement,IBM
19563,Cómo calcular tu inversión,"En esta capacitación aprenderás las competencias necesarias para calcular la inversión inicial para emprender tu negocio. Serás capaz de programar, organizar, dirigir y coordinar las actividades y recursos del negocio, buscando la máxima eficacia y eficiencia en todos sus procesos.
Con esta capacitación, aprenderás a:

Identificar las actividades y procesos fiscales necesarios para emprender tu negocio.
Definir la infraestructura de donde se ubicará.
Clasificar costos y gastos.
Calcular la inversión inicial y los gastos.
Gestionar los bienes de la empresa con la proyección de ingresos y el balance general.
Determinar el estado financiero de la empresa.
Así como implementar medidas que disminuyan los gastos y recursos utilizados, para reducir el impacto ambiental.",https://cursodex.com/courses/como-calcular-tu-inversion/,https://cursodex.com/wp-content/uploads/2024/07/aprendebanner.jpg|https://cursodex.com/wp-content/uploads/2024/07/aprendebanner.png,aprendebanner|aprendebanner,https://cursodex.com/wp-content/uploads/2024/07/aprendebanner.jpg,Negocios,Emprendimiento,18 hour,,Español,,,0,beginner,https://aprende.org/cursos/view/159,Aprende.org
19582,Crea la propuesta de valor para tu negocio,"La propuesta de valor de un negocio es aquello que lo hace diferente y único a la vista de los clientes. Crear una propuesta de valor única para tus productos y servicios, además de incentivar las ventas de tu negocio, te ayudará a crear una base sólida de clientes.


Con esta capacitación podrás:
-Conocer los 4 valores que puede tener un producto.
-Determinar la importancia de la propuesta de valor para un negocio.
-Identificar el perfil de tus clientes estudiando sus necesidades, problemas y aspiraciones.
-Generar la propuesta de valor a partir del mapa de valor.
-Comparar las propuestas de valor de la competencia.
-Mejorar tu propuesta de valor al considerar los aspectos de sostenibilidad, innovación tecnológica, imagen del negocio y precio de los productos.
-Comunicar la propuesta de valor al público objetivo.
-Crear alianzas estratégicas con otros negocios.",https://cursodex.com/courses/crea-la-propuesta-de-valor-para-tu-negocio/,https://cursodex.com/wp-content/uploads/2024/07/aprendebanner.jpg,aprendebanner,https://cursodex.com/wp-content/uploads/2024/07/aprendebanner.jpg,Negocios,Emprendimiento,36 hour,,Español,,,0,beginner,https://aprende.org/cursos/view/100160,Aprende.org
19584,Ecología industrial,"En esta capacitación aprenderás el conocimiento y las destrezas requeridas para promover e implementar prácticas de ecoeficiencia y sostenibilidad en Mi-PyMEs.

Aprenderás:

La forma en que un sistema industrial imita a uno ecológico para equilibrarse.

La responsabilidad de una empresa para procurar el entorno ecológico y salud en las comunidades donde opera.

El procedimiento general para implementar un sistema de gestión ambiental y energético, donde identifiques los indicadores de ecodesempeño aplicables a tu PyME.

El análisis de flujo de materiales y energía para procurar un ciclo cerrado.

Las características importantes por cuantificar para hacer contratos que formalicen una sinergia entre PyMEs.

Los principios generales de ecodiseño e innovaciones en los modelos de negocios que reducen costos económicos y ambientales.

A integrar equipos de trabajo altamente efectivos mediante la colaboración multidisciplinaria.

Cómo las tecnologías de la información pueden facilitar el monitoreo, tanto de ecoindicadores en tu PyME, como tendencias del mercado.

Con esta capacitación adquirirás los conocimientos necesarios para implementar las mejores prácticas de ecología industrial con las que desarrollarás de manera sostenible tu PyME. El trabajo que realices será esencial para mejorar la calidad de vida de las comunidades donde operes, ya que, generarás empleos, procurarás el medio ambiente y activarás la economía.",https://cursodex.com/courses/ecologia-industrial/,https://cursodex.com/wp-content/uploads/2024/07/aprendebanner.jpg,aprendebanner,https://cursodex.com/wp-content/uploads/2024/07/aprendebanner.jpg,Negocios,Emprendimiento,35 hour,,Español,,,0,beginner,https://aprende.org/cursos/view/161,Aprende.org
